CUSTID,SKU,CATEGORY,REF_COST,MAX_SELLPRICE,MAP,FINAL_PRICE
00066 ,0002936,LIT ,0,0,0,0
00066 ,0002937,LIT ,0,0,0,0
00066 ,0002938,LIT ,0,0,0,0
00066 ,0002939,LIT ,0,0,0,0
00066 ,0031289,LIT ,0,0,0,0
00066 ,0031842,LIT ,0,0,0,0
00066 ,0032059,LIT ,0,0,0,0
00066 ,0060488,LIT ,0,0,0,0
00066 ,0060901,LIT ,0,0,0,0
00066 ,0066318,LIT ,0,0,0,0
00066 ,0002959,LIT ,0,0,0,0
00066 ,0002970,LIT ,0.10961999999999998,0,0,1096.2
00066 ,0003005,LIT ,0.6364049999999999,0,0,6364.05
00066 ,0003009,LIT ,3.24597,0,0,32459.7
00066 ,0003010,LIT ,0.226345,0,0,2263.45
00066 ,0003013,LIT ,2.8125649999999998,0,0,28125.65
00066 ,0002936,LIT ,0,0,0,0
00066 ,0002937,LIT ,0,0,0,0
00066 ,0032907,LIT ,0,0,0,0
00066 ,0032908,LIT ,0,0,0,0
00066 ,0031289,LIT ,0,0,0,0
00066 ,0031842,LIT ,0,0,0,0
00066 ,0032059,LIT ,0,0,0,0
00066 ,0060488,LIT ,0,0,0,0
00066 ,0060901,LIT ,0,0,0,0
00066 ,0066318,LIT ,0,0,0,0
00066 ,0002959,LIT ,0,0,0,0
00066 ,0002970,LIT ,0.10961999999999998,0,0,1096.2
00066 ,0003005,LIT ,0.6364049999999999,0,0,6364.05
00066 ,0003009,LIT ,3.24597,0,0,32459.7
00066 ,0003010,LIT ,0.226345,0,0,2263.45
00066 ,0003013,LIT ,2.8125649999999998,0,0,28125.65
00066 ,0066967,LIT ,0,0,0,0
00066 ,0003029,NONE,13.554309999999997,0,0,135543.1
00066 ,0003030,FLRS,1.56,0,0,15600
00066 ,0003031,FLRS,7.41,0,0,74100
00066 ,0003032,FLRS,1.015,0,0,10150
00066 ,0046979,L L ,0.49937999999999994,0,0,4993.8
00066 ,0003033,L L ,0,0,0,0
00066 ,0003034,L L ,0,0,0,0
00066 ,0052284,L L ,0.7104999999999999,0,0,7105
00066 ,0003035,L L ,0,0,0,0
00066 ,0003036,L L ,0,0,0,0
00066 ,0003037,L L ,3.184055,0,0,31840.55
00066 ,0003038,L L ,0.7104999999999999,0,0,7105
00066 ,0003039,L L ,0.658735,0,0,6587.35
00066 ,0003040,L L ,1.6097899999999998,0,0,16097.9
00066 ,0003041,L L ,2.56,0,0,25600
00066 ,0003042,L L ,1.35,0,0,13500
00066 ,0003043,L L ,0.4770499999999999,0,0,4770.5
00066 ,0003044,L L ,0,0,0,0
00066 ,0003045,L L ,0,0,0,0
00066 ,0003046,L L ,0,0,0,0
00066 ,0024653,L L ,0.5724599999999999,0,0,5724.6
00066 ,0003047,L L ,0,0,0,0
00066 ,0036509,L L ,3.89151,0,0,38915.1
00066 ,0029717,L L ,0,0,0,0
00066 ,0034615,L L ,1.8665849999999997,0,0,18665.85
00066 ,0003048,L L ,0.8119999999999999,0,0,8120
00066 ,0003049,L L ,2.8531649999999997,0,0,28531.65
00066 ,0003050,L L ,2.225895,0,0,22258.95
00066 ,0003051,L L ,0,0,0,0
00066 ,0028043,L L ,0,0,0,0
00066 ,0052128,L L ,0,0,0,0
00066 ,0067256,L L ,0.532875,0,0,5328.75
00066 ,0003052,L L ,0,0,0,0
00066 ,0003055,L L ,1.5123499999999999,0,0,15123.5
00066 ,0003058,L L ,0.9175599999999999,0,0,9175.6
00066 ,0003059,L L ,0,0,0,0
00066 ,0003060,L L ,0.47907999999999995,0,0,4790.8
00066 ,0003061,L L ,1.93,0,0,19300
00066 ,0035807,L L ,2.5780999999999996,0,0,25781
00066 ,0003063,L L ,0,0,0,0
00066 ,0003065,L L ,0.43644999999999995,0,0,4364.5
00066 ,0047126,L L ,5.138945,0,0,51389.45
00066 ,0003066,L L ,0.43,0,0,4300
00066 ,0003067,L L ,0,0,0,0
00066 ,0003068,L L ,0,0,0,0
00066 ,0003069,L L ,0,0,0,0
00066 ,0003070,L L ,0,0,0,0
00066 ,0003071,L L ,0,0,0,0
00066 ,0032360,L L ,1.4372399999999999,0,0,14372.4
00066 ,0003073,L L ,2.99425,0,0,29942.5
00066 ,0003074,L L ,0,0,0,0
00066 ,0032261,L L ,0,0,0,0
00066 ,0033362,L L ,1.8117749999999997,0,0,18117.75
00066 ,0034288,L L ,2.367995,0,0,23679.95
00066 ,0032266,L L ,1.715,0,0,17150
00066 ,0057978,L L ,7.703849999999999,0,0,77038.5
00066 ,0049154,MIN ,1.4108499999999997,0,0,14108.5
00066 ,0003079,L L ,4.53096,0,0,45309.6
00066 ,0003080,L L ,0,0,0,0
00066 ,0029593,L L ,0,0,0,0
00066 ,0003081,L L ,1.6767799999999997,0,0,16767.8
00066 ,0022550,L L ,8.928955,0,0,89289.55
00066 ,0003083,L L ,3.312,0,0,33120
00066 ,0003084,L L ,2.0807499999999997,0,0,20807.5
00066 ,0022551,L L ,18.93178,0,0,189317.8
00066 ,0003086,L L ,1.2789,0,0,12789
00066 ,0003087,L L ,1.88,0,0,18800
00066 ,0003088,L L ,0,0,0,0
00066 ,0003089,L L ,2.3669799999999994,0,0,23669.8
00066 ,0003090,L L ,3.1444699999999997,0,0,31444.7
00066 ,0003096,L L ,3.3494999999999995,0,0,33495
00066 ,0003092,L L ,2.08,0,0,20800
00066 ,0003093,L L ,4.188904999999999,0,0,41889.05
00066 ,0003094,L L ,1.35,0,0,13500
00066 ,0003095,L L ,3.25,0,0,32500
00066 ,0028853,L L ,2.5882499999999995,0,0,25882.5
00066 ,0054122,L L ,1.5986249999999997,0,0,15986.25
00066 ,0003097,L L ,0,1,0,0
00066 ,0022552,L L ,1.1885649999999999,0,0,11885.65
00066 ,0003098,L L ,3.1058999999999997,0,0,31059
00066 ,0003099,L L ,1.6514049999999998,0,0,16514.05
00066 ,0003100,L L ,1.7792949999999996,0,0,17792.95
00066 ,0003101,L L ,1.8960199999999998,0,0,18960.2
00066 ,0068012,L L ,2.22894,0,0,22289.4
00066 ,0003102,L L ,0.9946999999999999,0,0,9947
00066 ,0036259,L L ,1.7051999999999998,0,0,17052
00066 ,0031394,L L ,3.045,0,0,30450
00066 ,0035017,L L ,0,0,0,0
00066 ,0022553,L L ,1.2981849999999997,0,0,12981.85
00066 ,0003104,L L ,2.02391,0,0,20239.1
00066 ,0031976,L L ,1.4372399999999999,0,0,14372.4
00066 ,0003105,L L ,0.54325,0,0,5432.5
00066 ,0003106,L L ,0.54325,0,0,5432.5
00066 ,0003107,L L ,0.82,0,0,8200
00066 ,0003109,L L ,1.4372399999999999,0,0,14372.4
00066 ,0050630,L L ,0.63945,0,0,6394.5
00066 ,0027803,L L ,2.1325149999999997,0,0,21325.15
00066 ,0003110,L L ,0,0,0,0
00066 ,0003111,L L ,1.5133649999999998,0,0,15133.65
00066 ,0003112,L L ,0,0,0,0
00066 ,0003113,L L ,1.15,0,0,11500
00066 ,0003114,L L ,3.985905,0,0,39859.05
00066 ,0003115,L L ,3.8092949999999997,0,0,38092.95
00066 ,0003116,L L ,2.1944299999999997,0,0,21944.3
00066 ,0003117,L L ,0,0,0,0
00066 ,0003119,L L ,0,0,0,0
00066 ,0003120,L L ,0,0,0,0
00066 ,0003121,L L ,8.766555,0,0,87665.55
00066 ,0003122,L L ,4.24473,0,0,42447.3
00066 ,0003123,L L ,6.125525,0,0,61255.25
00066 ,0003124,L L ,4.4254,0,0,44254
00066 ,0003125,L L ,0,0,0,0
00066 ,0003127,L L ,2.9749649999999996,0,0,29749.65
00066 ,0003128,L L ,0,0,0,0
00066 ,0003129,L L ,2.1325149999999997,0,0,21325.15
00066 ,0032500,L L ,1.11853,0,0,11185.3
00066 ,0032501,L L ,4.5421249999999995,0,0,45421.25
00066 ,0033606,L L ,0,0,0,0
00066 ,0051770,L L ,0,0,0,0
00066 ,0003131,SLVS,0,0,0,0
00066 ,0003132,SLVS,0,0,0,0
00066 ,0022556,FLRS,2.1081549999999996,0,0,21081.55
00066 ,0022557,FLRS,0,0,0,0
00066 ,0094672,BATT,870.1,0,0,8700999.91
00066 ,0094673,BATT,238,0,0,2379999.98
00066 ,0097744,BATT,572,0,0,5719999.94
00066 ,0104715,BATT,572,0,0,5719999.94
00066 ,0105032,BATT,533,0,0,5329999.95
00066 ,0032589,L L ,0,0,0,0
00066 ,0032593,PHOT,0,0,0,0
00066 ,0032612,PHOT,0,0,0,0
00066 ,0032592,PHOT,0,0,0,0
00066 ,0032621,PHOT,0,0,0,0
00066 ,0032613,PHOT,0,0,0,0
00066 ,0032622,PHOT,0,0,0,0
00066 ,0032594,PHOT,0,0,0,0
00066 ,0032595,PHOT,0,0,0,0
00066 ,0032624,PHOT,0,0,0,0
00066 ,0032591,L L ,0,0,0,0
00066 ,0032629,L L ,0,0,0,0
00066 ,0032628,L L ,0,0,0,0
00066 ,0032626,PHOT,0,0,0,0
00066 ,0032625,PHOT,0,0,0,0
00066 ,0032611,PHOT,0,0,0,0
00066 ,0032597,PHOT,0,0,0,0
00066 ,0032596,PHOT,0,0,0,0
00066 ,0032627,PHOT,0,0,0,0
00066 ,0032590,L L ,0,0,0,0
00066 ,0032623,PHOT,0,0,0,0
00066 ,0093939,MIN ,0.19285,0,0,1928.5
00066 ,0060965,MIN ,0.201985,0,0,2019.85
00066 ,0034139,L L ,0.14920499999999998,0,0,1492.05
00066 ,0049420,L L ,0.20299999999999999,0,0,2030
00066 ,0034140,L L ,0,0,0,0
00066 ,0086322,L L ,0.23345,0,0,2334.5
00066 ,0093929,MIN ,0.20299999999999999,0,0,2030
00066 ,0093932,MIN ,0.20299999999999999,0,0,2030
00066 ,0052949,MIN ,0.20299999999999999,0,0,2030
00066 ,0093931,MIN ,0.20299999999999999,0,0,2030
00066 ,0093930,MIN ,0.20299999999999999,0,0,2030
00066 ,0053409,STTV,17.589949999999998,0,0,175899.5
00066 ,0053408,STTV,5.431265,0,0,54312.65
00066 ,0047315,XMAS,0,0,0,0
00066 ,0047316,XMAS,5.236384999999999,0,0,52363.85
00066 ,0050162,STFX,17.489465,0,0,174894.65
00066 ,0053186,WIRE,25.190269999999998,0,0,251902.7
00066 ,0053179,L L ,0.201985,0,0,2019.85
00227 ,0002936,LIT ,0,0,0,0
00227 ,0002937,LIT ,0,0,0,0
00227 ,0002938,LIT ,0,0,0,0
00227 ,0002939,LIT ,0,0,0,0
00227 ,0031289,LIT ,0,0,0,0
00227 ,0031842,LIT ,0,0,0,0
00227 ,0032059,LIT ,0,0,0,0
00227 ,0060488,LIT ,0,0,0,0
00227 ,0060901,LIT ,0,0,0,0
00227 ,0066318,LIT ,0,0,0,0
00227 ,0002959,LIT ,0,0,0,0
00227 ,0002970,LIT ,0.10961999999999998,0,0,1096.2
00227 ,0003005,LIT ,0.6364049999999999,0,0,6364.05
00227 ,0003009,LIT ,3.24597,0,0,32459.7
00227 ,0003010,LIT ,0.226345,0,0,2263.45
00227 ,0003013,LIT ,2.8125649999999998,0,0,28125.65
00227 ,0002936,LIT ,0,0,0,0
00227 ,0002937,LIT ,0,0,0,0
00227 ,0032907,LIT ,0,0,0,0
00227 ,0032908,LIT ,0,0,0,0
00227 ,0031289,LIT ,0,0,0,0
00227 ,0031842,LIT ,0,0,0,0
00227 ,0032059,LIT ,0,0,0,0
00227 ,0060488,LIT ,0,0,0,0
00227 ,0060901,LIT ,0,0,0,0
00227 ,0066318,LIT ,0,0,0,0
00227 ,0002959,LIT ,0,0,0,0
00227 ,0002970,LIT ,0.10961999999999998,0,0,1096.2
00227 ,0003005,LIT ,0.6364049999999999,0,0,6364.05
00227 ,0003009,LIT ,3.24597,0,0,32459.7
00227 ,0003010,LIT ,0.226345,0,0,2263.45
00227 ,0003013,LIT ,2.8125649999999998,0,0,28125.65
00227 ,0066967,LIT ,0,0,0,0
00227 ,0003029,NONE,13.554309999999997,0,0,135543.1
00227 ,0003030,FLRS,1.56,0,0,15600
00227 ,0003031,FLRS,7.41,0,0,74100
00227 ,0003032,FLRS,1.015,0,0,10150
00227 ,0046979,L L ,0.49937999999999994,0,0,4993.8
00227 ,0003033,L L ,0,0,0,0
00227 ,0003034,L L ,0,0,0,0
00227 ,0052284,L L ,0.7104999999999999,0,0,7105
00227 ,0003035,L L ,0,0,0,0
00227 ,0003036,L L ,0,0,0,0
00227 ,0003037,L L ,3.184055,0,0,31840.55
00227 ,0003038,L L ,0.7104999999999999,0,0,7105
00227 ,0003039,L L ,0.658735,0,0,6587.35
00227 ,0003040,L L ,1.6097899999999998,0,0,16097.9
00227 ,0003041,L L ,2.56,0,0,25600
00227 ,0003042,L L ,1.35,0,0,13500
00227 ,0003043,L L ,0.4770499999999999,0,0,4770.5
00227 ,0003044,L L ,0,0,0,0
00227 ,0003045,L L ,0,0,0,0
00227 ,0003046,L L ,0,0,0,0
00227 ,0024653,L L ,0.5724599999999999,0,0,5724.6
00227 ,0003047,L L ,0,0,0,0
00227 ,0036509,L L ,3.89151,0,0,38915.1
00227 ,0029717,L L ,0,0,0,0
00227 ,0034615,L L ,1.8665849999999997,0,0,18665.85
00227 ,0003048,L L ,0.8119999999999999,0,0,8120
00227 ,0003049,L L ,2.8531649999999997,0,0,28531.65
00227 ,0003050,L L ,2.225895,0,0,22258.95
00227 ,0003051,L L ,0,0,0,0
00227 ,0028043,L L ,0,0,0,0
00227 ,0052128,L L ,0,0,0,0
00227 ,0067256,L L ,0.532875,0,0,5328.75
00227 ,0003052,L L ,0,0,0,0
00227 ,0003055,L L ,1.5123499999999999,0,0,15123.5
00227 ,0003058,L L ,0.9175599999999999,0,0,9175.6
00227 ,0003059,L L ,0,0,0,0
00227 ,0003060,L L ,0.47907999999999995,0,0,4790.8
00227 ,0003061,L L ,1.93,0,0,19300
00227 ,0035807,L L ,2.5780999999999996,0,0,25781
00227 ,0003063,L L ,0,0,0,0
00227 ,0003065,L L ,0.43644999999999995,0,0,4364.5
00227 ,0047126,L L ,5.138945,0,0,51389.45
00227 ,0003066,L L ,0.43,0,0,4300
00227 ,0003067,L L ,0,0,0,0
00227 ,0003068,L L ,0,0,0,0
00227 ,0003069,L L ,0,0,0,0
00227 ,0003070,L L ,0,0,0,0
00227 ,0003071,L L ,0,0,0,0
00227 ,0032360,L L ,1.4372399999999999,0,0,14372.4
00227 ,0003073,L L ,2.99425,0,0,29942.5
00227 ,0003074,L L ,0,0,0,0
00227 ,0032261,L L ,0,0,0,0
00227 ,0033362,L L ,1.8117749999999997,0,0,18117.75
00227 ,0034288,L L ,2.367995,0,0,23679.95
00227 ,0032266,L L ,1.715,0,0,17150
00227 ,0057978,L L ,7.703849999999999,0,0,77038.5
00227 ,0049154,MIN ,1.4108499999999997,0,0,14108.5
00227 ,0003079,L L ,4.53096,0,0,45309.6
00227 ,0003080,L L ,0,0,0,0
00227 ,0029593,L L ,0,0,0,0
00227 ,0003081,L L ,1.6767799999999997,0,0,16767.8
00227 ,0022550,L L ,8.928955,0,0,89289.55
00227 ,0003083,L L ,3.312,0,0,33120
00227 ,0003084,L L ,2.0807499999999997,0,0,20807.5
00227 ,0022551,L L ,18.93178,0,0,189317.8
00227 ,0003086,L L ,1.2789,0,0,12789
00227 ,0003087,L L ,1.88,0,0,18800
00227 ,0003088,L L ,0,0,0,0
00227 ,0003089,L L ,2.3669799999999994,0,0,23669.8
00227 ,0003090,L L ,3.1444699999999997,0,0,31444.7
00227 ,0003096,L L ,3.3494999999999995,0,0,33495
00227 ,0003092,L L ,2.08,0,0,20800
00227 ,0003093,L L ,4.188904999999999,0,0,41889.05
00227 ,0003094,L L ,1.35,0,0,13500
00227 ,0003095,L L ,3.25,0,0,32500
00227 ,0028853,L L ,2.5882499999999995,0,0,25882.5
00227 ,0054122,L L ,1.5986249999999997,0,0,15986.25
00227 ,0003097,L L ,0,1,0,0
00227 ,0022552,L L ,1.1885649999999999,0,0,11885.65
00227 ,0003098,L L ,3.1058999999999997,0,0,31059
00227 ,0003099,L L ,1.6514049999999998,0,0,16514.05
00227 ,0003100,L L ,1.7792949999999996,0,0,17792.95
00227 ,0003101,L L ,1.8960199999999998,0,0,18960.2
00227 ,0068012,L L ,2.22894,0,0,22289.4
00227 ,0003102,L L ,0.9946999999999999,0,0,9947
00227 ,0036259,L L ,1.7051999999999998,0,0,17052
00227 ,0031394,L L ,3.045,0,0,30450
00227 ,0035017,L L ,0,0,0,0
00227 ,0022553,L L ,1.2981849999999997,0,0,12981.85
00227 ,0003104,L L ,2.02391,0,0,20239.1
00227 ,0031976,L L ,1.4372399999999999,0,0,14372.4
00227 ,0003105,L L ,0.54325,0,0,5432.5
00227 ,0003106,L L ,0.54325,0,0,5432.5
00227 ,0003107,L L ,0.82,0,0,8200
00227 ,0003109,L L ,1.4372399999999999,0,0,14372.4
00227 ,0050630,L L ,0.63945,0,0,6394.5
00227 ,0027803,L L ,2.1325149999999997,0,0,21325.15
00227 ,0003110,L L ,0,0,0,0
00227 ,0003111,L L ,1.5133649999999998,0,0,15133.65
00227 ,0003112,L L ,0,0,0,0
00227 ,0003113,L L ,1.15,0,0,11500
00227 ,0003114,L L ,3.985905,0,0,39859.05
00227 ,0003115,L L ,3.8092949999999997,0,0,38092.95
00227 ,0003116,L L ,2.1944299999999997,0,0,21944.3
00227 ,0003117,L L ,0,0,0,0
00227 ,0003119,L L ,0,0,0,0
00227 ,0003120,L L ,0,0,0,0
00227 ,0003121,L L ,8.766555,0,0,87665.55
00227 ,0003122,L L ,4.24473,0,0,42447.3
00227 ,0003123,L L ,6.125525,0,0,61255.25
00227 ,0003124,L L ,4.4254,0,0,44254
00227 ,0003125,L L ,0,0,0,0
00227 ,0003127,L L ,2.9749649999999996,0,0,29749.65
00227 ,0003128,L L ,0,0,0,0
00227 ,0003129,L L ,2.1325149999999997,0,0,21325.15
00227 ,0032500,L L ,1.11853,0,0,11185.3
00227 ,0032501,L L ,4.5421249999999995,0,0,45421.25
00227 ,0033606,L L ,0,0,0,0
00227 ,0051770,L L ,0,0,0,0
00227 ,0003131,SLVS,0,0,0,0
00227 ,0003132,SLVS,0,0,0,0
00227 ,0022556,FLRS,2.1081549999999996,0,0,21081.55
00227 ,0022557,FLRS,0,0,0,0
00227 ,0094672,BATT,870.1,0,0,8700999.91
00227 ,0094673,BATT,238,0,0,2379999.98
00227 ,0097744,BATT,572,0,0,5719999.94
00227 ,0104715,BATT,572,0,0,5719999.94
00227 ,0105032,BATT,533,0,0,5329999.95
00227 ,0032589,L L ,0,0,0,0
00227 ,0032593,PHOT,0,0,0,0
00227 ,0032612,PHOT,0,0,0,0
00227 ,0032592,PHOT,0,0,0,0
00227 ,0032621,PHOT,0,0,0,0
00227 ,0032613,PHOT,0,0,0,0
00227 ,0032622,PHOT,0,0,0,0
00227 ,0032594,PHOT,0,0,0,0
00227 ,0032595,PHOT,0,0,0,0
00227 ,0032624,PHOT,0,0,0,0
00227 ,0032591,L L ,0,0,0,0
00227 ,0032629,L L ,0,0,0,0
00227 ,0032628,L L ,0,0,0,0
00227 ,0032626,PHOT,0,0,0,0
00227 ,0032625,PHOT,0,0,0,0
00227 ,0032611,PHOT,0,0,0,0
00227 ,0032597,PHOT,0,0,0,0
00227 ,0032596,PHOT,0,0,0,0
00227 ,0032627,PHOT,0,0,0,0
00227 ,0032590,L L ,0,0,0,0
00227 ,0032623,PHOT,0,0,0,0
00227 ,0093939,MIN ,0.19285,0,0,1928.5
00227 ,0060965,MIN ,0.201985,0,0,2019.85
00227 ,0034139,L L ,0.14920499999999998,0,0,1492.05
00227 ,0049420,L L ,0.20299999999999999,0,0,2030
00227 ,0034140,L L ,0,0,0,0
00227 ,0086322,L L ,0.23345,0,0,2334.5
00227 ,0093929,MIN ,0.20299999999999999,0,0,2030
00227 ,0093932,MIN ,0.20299999999999999,0,0,2030
00227 ,0052949,MIN ,0.20299999999999999,0,0,2030
00227 ,0093931,MIN ,0.20299999999999999,0,0,2030
00227 ,0093930,MIN ,0.20299999999999999,0,0,2030
00227 ,0053409,STTV,17.589949999999998,0,0,175899.5
00227 ,0053408,STTV,5.431265,0,0,54312.65
00227 ,0047315,XMAS,0,0,0,0
00227 ,0047316,XMAS,5.236384999999999,0,0,52363.85
00227 ,0050162,STFX,17.489465,0,0,174894.65
00227 ,0053186,WIRE,25.190269999999998,0,0,251902.7
00227 ,0053179,L L ,0.201985,0,0,2019.85
00311 ,0002936,LIT ,0,0,0,0
00311 ,0002937,LIT ,0,0,0,0
00311 ,0002938,LIT ,0,0,0,0
00311 ,0002939,LIT ,0,0,0,0
00311 ,0031289,LIT ,0,0,0,0
00311 ,0031842,LIT ,0,0,0,0
00311 ,0032059,LIT ,0,0,0,0
00311 ,0060488,LIT ,0,0,0,0
00311 ,0060901,LIT ,0,0,0,0
00311 ,0066318,LIT ,0,0,0,0
00311 ,0002959,LIT ,0,0,0,0
00311 ,0002970,LIT ,0.10961999999999998,0,0,1096.2
00311 ,0003005,LIT ,0.6364049999999999,0,0,6364.05
00311 ,0003009,LIT ,3.24597,0,0,32459.7
00311 ,0003010,LIT ,0.226345,0,0,2263.45
00311 ,0003013,LIT ,2.8125649999999998,0,0,28125.65
00311 ,0002936,LIT ,0,0,0,0
00311 ,0002937,LIT ,0,0,0,0
00311 ,0032907,LIT ,0,0,0,0
00311 ,0032908,LIT ,0,0,0,0
00311 ,0031289,LIT ,0,0,0,0
00311 ,0031842,LIT ,0,0,0,0
00311 ,0032059,LIT ,0,0,0,0
00311 ,0060488,LIT ,0,0,0,0
00311 ,0060901,LIT ,0,0,0,0
00311 ,0066318,LIT ,0,0,0,0
00311 ,0002959,LIT ,0,0,0,0
00311 ,0002970,LIT ,0.10961999999999998,0,0,1096.2
00311 ,0003005,LIT ,0.6364049999999999,0,0,6364.05
00311 ,0003009,LIT ,3.24597,0,0,32459.7
00311 ,0003010,LIT ,0.226345,0,0,2263.45
00311 ,0003013,LIT ,2.8125649999999998,0,0,28125.65
00311 ,0066967,LIT ,0,0,0,0
00311 ,0003029,NONE,13.554309999999997,0,0,135543.1
00311 ,0003030,FLRS,1.56,0,0,15600
00311 ,0003031,FLRS,7.41,0,0,74100
00311 ,0003032,FLRS,1.015,0,0,10150
00311 ,0046979,L L ,0.49937999999999994,0,0,4993.8
00311 ,0003033,L L ,0,0,0,0
00311 ,0003034,L L ,0,0,0,0
00311 ,0052284,L L ,0.7104999999999999,0,0,7105
00311 ,0003035,L L ,0,0,0,0
00311 ,0003036,L L ,0,0,0,0
00311 ,0003037,L L ,3.184055,0,0,31840.55
00311 ,0003038,L L ,0.7104999999999999,0,0,7105
00311 ,0003039,L L ,0.658735,0,0,6587.35
00311 ,0003040,L L ,1.6097899999999998,0,0,16097.9
00311 ,0003041,L L ,2.56,0,0,25600
00311 ,0003042,L L ,1.35,0,0,13500
00311 ,0003043,L L ,0.4770499999999999,0,0,4770.5
00311 ,0003044,L L ,0,0,0,0
00311 ,0003045,L L ,0,0,0,0
00311 ,0003046,L L ,0,0,0,0
00311 ,0024653,L L ,0.5724599999999999,0,0,5724.6
00311 ,0003047,L L ,0,0,0,0
00311 ,0036509,L L ,3.89151,0,0,38915.1
00311 ,0029717,L L ,0,0,0,0
00311 ,0034615,L L ,1.8665849999999997,0,0,18665.85
00311 ,0003048,L L ,0.8119999999999999,0,0,8120
00311 ,0003049,L L ,2.8531649999999997,0,0,28531.65
00311 ,0003050,L L ,2.225895,0,0,22258.95
00311 ,0003051,L L ,0,0,0,0
00311 ,0028043,L L ,0,0,0,0
00311 ,0052128,L L ,0,0,0,0
00311 ,0067256,L L ,0.532875,0,0,5328.75
00311 ,0003052,L L ,0,0,0,0
00311 ,0003055,L L ,1.5123499999999999,0,0,15123.5
00311 ,0003058,L L ,0.9175599999999999,0,0,9175.6
00311 ,0003059,L L ,0,0,0,0
00311 ,0003060,L L ,0.47907999999999995,0,0,4790.8
00311 ,0003061,L L ,1.93,0,0,19300
00311 ,0035807,L L ,2.5780999999999996,0,0,25781
00311 ,0003063,L L ,0,0,0,0
00311 ,0003065,L L ,0.43644999999999995,0,0,4364.5
00311 ,0047126,L L ,5.138945,0,0,51389.45
00311 ,0003066,L L ,0.43,0,0,4300
00311 ,0003067,L L ,0,0,0,0
00311 ,0003068,L L ,0,0,0,0
00311 ,0003069,L L ,0,0,0,0
00311 ,0003070,L L ,0,0,0,0
00311 ,0003071,L L ,0,0,0,0
00311 ,0032360,L L ,1.4372399999999999,0,0,14372.4
00311 ,0003073,L L ,2.99425,0,0,29942.5
00311 ,0003074,L L ,0,0,0,0
00311 ,0032261,L L ,0,0,0,0
00311 ,0033362,L L ,1.8117749999999997,0,0,18117.75
00311 ,0034288,L L ,2.367995,0,0,23679.95
00311 ,0032266,L L ,1.715,0,0,17150
00311 ,0057978,L L ,7.703849999999999,0,0,77038.5
00311 ,0049154,MIN ,1.4108499999999997,0,0,14108.5
00311 ,0003079,L L ,4.53096,0,0,45309.6
00311 ,0003080,L L ,0,0,0,0
00311 ,0029593,L L ,0,0,0,0
00311 ,0003081,L L ,1.6767799999999997,0,0,16767.8
00311 ,0022550,L L ,8.928955,0,0,89289.55
00311 ,0003083,L L ,3.312,0,0,33120
00311 ,0003084,L L ,2.0807499999999997,0,0,20807.5
00311 ,0022551,L L ,18.93178,0,0,189317.8
00311 ,0003086,L L ,1.2789,0,0,12789
00311 ,0003087,L L ,1.88,0,0,18800
00311 ,0003088,L L ,0,0,0,0
00311 ,0003089,L L ,2.3669799999999994,0,0,23669.8
00311 ,0003090,L L ,3.1444699999999997,0,0,31444.7
00311 ,0003096,L L ,3.3494999999999995,0,0,33495
00311 ,0003092,L L ,2.08,0,0,20800
00311 ,0003093,L L ,4.188904999999999,0,0,41889.05
00311 ,0003094,L L ,1.35,0,0,13500
00311 ,0003095,L L ,3.25,0,0,32500
00311 ,0028853,L L ,2.5882499999999995,0,0,25882.5
00311 ,0054122,L L ,1.5986249999999997,0,0,15986.25
00311 ,0003097,L L ,0,1,0,0
00311 ,0022552,L L ,1.1885649999999999,0,0,11885.65
00311 ,0003098,L L ,3.1058999999999997,0,0,31059
00311 ,0003099,L L ,1.6514049999999998,0,0,16514.05
00311 ,0003100,L L ,1.7792949999999996,0,0,17792.95
00311 ,0003101,L L ,1.8960199999999998,0,0,18960.2
00311 ,0068012,L L ,2.22894,0,0,22289.4
00311 ,0003102,L L ,0.9946999999999999,0,0,9947
00311 ,0036259,L L ,1.7051999999999998,0,0,17052
00311 ,0031394,L L ,3.045,0,0,30450
00311 ,0035017,L L ,0,0,0,0
00311 ,0022553,L L ,1.2981849999999997,0,0,12981.85
00311 ,0003104,L L ,2.02391,0,0,20239.1
00311 ,0031976,L L ,1.4372399999999999,0,0,14372.4
00311 ,0003105,L L ,0.54325,0,0,5432.5
00311 ,0003106,L L ,0.54325,0,0,5432.5
00311 ,0003107,L L ,0.82,0,0,8200
00311 ,0003109,L L ,1.4372399999999999,0,0,14372.4
00311 ,0050630,L L ,0.63945,0,0,6394.5
00311 ,0027803,L L ,2.1325149999999997,0,0,21325.15
00311 ,0003110,L L ,0,0,0,0
00311 ,0003111,L L ,1.5133649999999998,0,0,15133.65
00311 ,0003112,L L ,0,0,0,0
00311 ,0003113,L L ,1.15,0,0,11500
00311 ,0003114,L L ,3.985905,0,0,39859.05
00311 ,0003115,L L ,3.8092949999999997,0,0,38092.95
00311 ,0003116,L L ,2.1944299999999997,0,0,21944.3
00311 ,0003117,L L ,0,0,0,0
00311 ,0003119,L L ,0,0,0,0
00311 ,0003120,L L ,0,0,0,0
00311 ,0003121,L L ,8.766555,0,0,87665.55
00311 ,0003122,L L ,4.24473,0,0,42447.3
00311 ,0003123,L L ,6.125525,0,0,61255.25
00311 ,0003124,L L ,4.4254,0,0,44254
00311 ,0003125,L L ,0,0,0,0
00311 ,0003127,L L ,2.9749649999999996,0,0,29749.65
00311 ,0003128,L L ,0,0,0,0
00311 ,0003129,L L ,2.1325149999999997,0,0,21325.15
00311 ,0032500,L L ,1.11853,0,0,11185.3
00311 ,0032501,L L ,4.5421249999999995,0,0,45421.25
00311 ,0033606,L L ,0,0,0,0
00311 ,0051770,L L ,0,0,0,0
00311 ,0003131,SLVS,0,0,0,0
00311 ,0003132,SLVS,0,0,0,0
00311 ,0022556,FLRS,2.1081549999999996,0,0,21081.55
00311 ,0022557,FLRS,0,0,0,0
00311 ,0094672,BATT,870.1,0,0,8700999.91
00311 ,0094673,BATT,238,0,0,2379999.98
00311 ,0097744,BATT,572,0,0,5719999.94
00311 ,0104715,BATT,572,0,0,5719999.94
00311 ,0105032,BATT,533,0,0,5329999.95
00311 ,0032589,L L ,0,0,0,0
00311 ,0032593,PHOT,0,0,0,0
00311 ,0032612,PHOT,0,0,0,0
00311 ,0032592,PHOT,0,0,0,0
00311 ,0032621,PHOT,0,0,0,0
00311 ,0032613,PHOT,0,0,0,0
00311 ,0032622,PHOT,0,0,0,0
00311 ,0032594,PHOT,0,0,0,0
00311 ,0032595,PHOT,0,0,0,0
00311 ,0032624,PHOT,0,0,0,0
00311 ,0032591,L L ,0,0,0,0
00311 ,0032629,L L ,0,0,0,0
00311 ,0032628,L L ,0,0,0,0
00311 ,0032626,PHOT,0,0,0,0
00311 ,0032625,PHOT,0,0,0,0
00311 ,0032611,PHOT,0,0,0,0
00311 ,0032597,PHOT,0,0,0,0
00311 ,0032596,PHOT,0,0,0,0
00311 ,0032627,PHOT,0,0,0,0
00311 ,0032590,L L ,0,0,0,0
00311 ,0032623,PHOT,0,0,0,0
00311 ,0093939,MIN ,0.19285,0,0,1928.5
00311 ,0060965,MIN ,0.201985,0,0,2019.85
00311 ,0034139,L L ,0.14920499999999998,0,0,1492.05
00311 ,0049420,L L ,0.20299999999999999,0,0,2030
00311 ,0034140,L L ,0,0,0,0
00311 ,0086322,L L ,0.23345,0,0,2334.5
00311 ,0093929,MIN ,0.20299999999999999,0,0,2030
00311 ,0093932,MIN ,0.20299999999999999,0,0,2030
00311 ,0052949,MIN ,0.20299999999999999,0,0,2030
00311 ,0093931,MIN ,0.20299999999999999,0,0,2030
00311 ,0093930,MIN ,0.20299999999999999,0,0,2030
00311 ,0053409,STTV,17.589949999999998,0,0,175899.5
00311 ,0053408,STTV,5.431265,0,0,54312.65
00311 ,0047315,XMAS,0,0,0,0
00311 ,0047316,XMAS,5.236384999999999,0,0,52363.85
00311 ,0050162,STFX,17.489465,0,0,174894.65
00311 ,0053186,WIRE,25.190269999999998,0,0,251902.7
00311 ,0053179,L L ,0.201985,0,0,2019.85
00357 ,0002936,LIT ,0,0,0,0
00357 ,0002937,LIT ,0,0,0,0
00357 ,0002938,LIT ,0,0,0,0
00357 ,0002939,LIT ,0,0,0,0
00357 ,0031289,LIT ,0,0,0,0
00357 ,0031842,LIT ,0,0,0,0
00357 ,0032059,LIT ,0,0,0,0
00357 ,0060488,LIT ,0,0,0,0
00357 ,0060901,LIT ,0,0,0,0
00357 ,0066318,LIT ,0,0,0,0
00357 ,0002959,LIT ,0,0,0,0
00357 ,0002970,LIT ,0.10961999999999998,0,0,1096.2
00357 ,0003005,LIT ,0.6364049999999999,0,0,6364.05
00357 ,0003009,LIT ,3.24597,0,0,32459.7
00357 ,0003010,LIT ,0.226345,0,0,2263.45
00357 ,0003013,LIT ,2.8125649999999998,0,0,28125.65
00357 ,0002936,LIT ,0,0,0,0
00357 ,0002937,LIT ,0,0,0,0
00357 ,0032907,LIT ,0,0,0,0
00357 ,0032908,LIT ,0,0,0,0
00357 ,0031289,LIT ,0,0,0,0
00357 ,0031842,LIT ,0,0,0,0
00357 ,0032059,LIT ,0,0,0,0
00357 ,0060488,LIT ,0,0,0,0
00357 ,0060901,LIT ,0,0,0,0
00357 ,0066318,LIT ,0,0,0,0
00357 ,0002959,LIT ,0,0,0,0
00357 ,0002970,LIT ,0.10961999999999998,0,0,1096.2
00357 ,0003005,LIT ,0.6364049999999999,0,0,6364.05
00357 ,0003009,LIT ,3.24597,0,0,32459.7
00357 ,0003010,LIT ,0.226345,0,0,2263.45
00357 ,0003013,LIT ,2.8125649999999998,0,0,28125.65
00357 ,0066967,LIT ,0,0,0,0
00357 ,0003029,NONE,13.554309999999997,0,0,135543.1
00357 ,0003030,FLRS,1.56,0,0,15600
00357 ,0003031,FLRS,7.41,0,0,74100
00357 ,0003032,FLRS,1.015,0,0,10150
00357 ,0046979,L L ,0.49937999999999994,0,0,4993.8
00357 ,0003033,L L ,0,0,0,0
00357 ,0003034,L L ,0,0,0,0
00357 ,0052284,L L ,0.7104999999999999,0,0,7105
00357 ,0003035,L L ,0,0,0,0
00357 ,0003036,L L ,0,0,0,0
00357 ,0003037,L L ,3.184055,0,0,31840.55
00357 ,0003038,L L ,0.7104999999999999,0,0,7105
00357 ,0003039,L L ,0.658735,0,0,6587.35
00357 ,0003040,L L ,1.6097899999999998,0,0,16097.9
00357 ,0003041,L L ,2.56,0,0,25600
00357 ,0003042,L L ,1.35,0,0,13500
00357 ,0003043,L L ,0.4770499999999999,0,0,4770.5
00357 ,0003044,L L ,0,0,0,0
00357 ,0003045,L L ,0,0,0,0
00357 ,0003046,L L ,0,0,0,0
00357 ,0024653,L L ,0.5724599999999999,0,0,5724.6
00357 ,0003047,L L ,0,0,0,0
00357 ,0036509,L L ,3.89151,0,0,38915.1
00357 ,0029717,L L ,0,0,0,0
00357 ,0034615,L L ,1.8665849999999997,0,0,18665.85
00357 ,0003048,L L ,0.8119999999999999,0,0,8120
00357 ,0003049,L L ,2.8531649999999997,0,0,28531.65
00357 ,0003050,L L ,2.225895,0,0,22258.95
00357 ,0003051,L L ,0,0,0,0
00357 ,0028043,L L ,0,0,0,0
00357 ,0052128,L L ,0,0,0,0
00357 ,0067256,L L ,0.532875,0,0,5328.75
00357 ,0003052,L L ,0,0,0,0
00357 ,0003055,L L ,1.5123499999999999,0,0,15123.5
00357 ,0003058,L L ,0.9175599999999999,0,0,9175.6
00357 ,0003059,L L ,0,0,0,0
00357 ,0003060,L L ,0.47907999999999995,0,0,4790.8
00357 ,0003061,L L ,1.93,0,0,19300
00357 ,0035807,L L ,2.5780999999999996,0,0,25781
00357 ,0003063,L L ,0,0,0,0
00357 ,0003065,L L ,0.43644999999999995,0,0,4364.5
00357 ,0047126,L L ,5.138945,0,0,51389.45
00357 ,0003066,L L ,0.43,0,0,4300
00357 ,0003067,L L ,0,0,0,0
00357 ,0003068,L L ,0,0,0,0
00357 ,0003069,L L ,0,0,0,0
00357 ,0003070,L L ,0,0,0,0
00357 ,0003071,L L ,0,0,0,0
00357 ,0032360,L L ,1.4372399999999999,0,0,14372.4
00357 ,0003073,L L ,2.99425,0,0,29942.5
00357 ,0003074,L L ,0,0,0,0
00357 ,0032261,L L ,0,0,0,0
00357 ,0033362,L L ,1.8117749999999997,0,0,18117.75
00357 ,0034288,L L ,2.367995,0,0,23679.95
00357 ,0032266,L L ,1.715,0,0,17150
00357 ,0057978,L L ,7.703849999999999,0,0,77038.5
00357 ,0049154,MIN ,1.4108499999999997,0,0,14108.5
00357 ,0003079,L L ,4.53096,0,0,45309.6
00357 ,0003080,L L ,0,0,0,0
00357 ,0029593,L L ,0,0,0,0
00357 ,0003081,L L ,1.6767799999999997,0,0,16767.8
00357 ,0022550,L L ,8.928955,0,0,89289.55
00357 ,0003083,L L ,3.312,0,0,33120
00357 ,0003084,L L ,2.0807499999999997,0,0,20807.5
00357 ,0022551,L L ,18.93178,0,0,189317.8
00357 ,0003086,L L ,1.2789,0,0,12789
00357 ,0003087,L L ,1.88,0,0,18800
00357 ,0003088,L L ,0,0,0,0
00357 ,0003089,L L ,2.3669799999999994,0,0,23669.8
00357 ,0003090,L L ,3.1444699999999997,0,0,31444.7
00357 ,0003096,L L ,3.3494999999999995,0,0,33495
00357 ,0003092,L L ,2.08,0,0,20800
00357 ,0003093,L L ,4.188904999999999,0,0,41889.05
00357 ,0003094,L L ,1.35,0,0,13500
00357 ,0003095,L L ,3.25,0,0,32500
00357 ,0028853,L L ,2.5882499999999995,0,0,25882.5
00357 ,0054122,L L ,1.5986249999999997,0,0,15986.25
00357 ,0003097,L L ,0,1,0,0
00357 ,0022552,L L ,1.1885649999999999,0,0,11885.65
00357 ,0003098,L L ,3.1058999999999997,0,0,31059
00357 ,0003099,L L ,1.6514049999999998,0,0,16514.05
00357 ,0003100,L L ,1.7792949999999996,0,0,17792.95
00357 ,0003101,L L ,1.8960199999999998,0,0,18960.2
00357 ,0068012,L L ,2.22894,0,0,22289.4
00357 ,0003102,L L ,0.9946999999999999,0,0,9947
00357 ,0036259,L L ,1.7051999999999998,0,0,17052
00357 ,0031394,L L ,3.045,0,0,30450
00357 ,0035017,L L ,0,0,0,0
00357 ,0022553,L L ,1.2981849999999997,0,0,12981.85
00357 ,0003104,L L ,2.02391,0,0,20239.1
00357 ,0031976,L L ,1.4372399999999999,0,0,14372.4
00357 ,0003105,L L ,0.54325,0,0,5432.5
00357 ,0003106,L L ,0.54325,0,0,5432.5
00357 ,0003107,L L ,0.82,0,0,8200
00357 ,0003109,L L ,1.4372399999999999,0,0,14372.4
00357 ,0050630,L L ,0.63945,0,0,6394.5
00357 ,0027803,L L ,2.1325149999999997,0,0,21325.15
00357 ,0003110,L L ,0,0,0,0
00357 ,0003111,L L ,1.5133649999999998,0,0,15133.65
00357 ,0003112,L L ,0,0,0,0
00357 ,0003113,L L ,1.15,0,0,11500
00357 ,0003114,L L ,3.985905,0,0,39859.05
00357 ,0003115,L L ,3.8092949999999997,0,0,38092.95
00357 ,0003116,L L ,2.1944299999999997,0,0,21944.3
00357 ,0003117,L L ,0,0,0,0
00357 ,0003119,L L ,0,0,0,0
00357 ,0003120,L L ,0,0,0,0
00357 ,0003121,L L ,8.766555,0,0,87665.55
00357 ,0003122,L L ,4.24473,0,0,42447.3
00357 ,0003123,L L ,6.125525,0,0,61255.25
00357 ,0003124,L L ,4.4254,0,0,44254
00357 ,0003125,L L ,0,0,0,0
00357 ,0003127,L L ,2.9749649999999996,0,0,29749.65
00357 ,0003128,L L ,0,0,0,0
00357 ,0003129,L L ,2.1325149999999997,0,0,21325.15
00357 ,0032500,L L ,1.11853,0,0,11185.3
00357 ,0032501,L L ,4.5421249999999995,0,0,45421.25
00357 ,0033606,L L ,0,0,0,0
00357 ,0051770,L L ,0,0,0,0
00357 ,0003131,SLVS,0,0,0,0
00357 ,0003132,SLVS,0,0,0,0
00357 ,0022556,FLRS,2.1081549999999996,0,0,21081.55
00357 ,0022557,FLRS,0,0,0,0
00357 ,0094672,BATT,870.1,0,0,8700999.91
00357 ,0094673,BATT,238,0,0,2379999.98
00357 ,0097744,BATT,572,0,0,5719999.94
00357 ,0104715,BATT,572,0,0,5719999.94
00357 ,0105032,BATT,533,0,0,5329999.95
00357 ,0032589,L L ,0,0,0,0
00357 ,0032593,PHOT,0,0,0,0
00357 ,0032612,PHOT,0,0,0,0
00357 ,0032592,PHOT,0,0,0,0
00357 ,0032621,PHOT,0,0,0,0
00357 ,0032613,PHOT,0,0,0,0
00357 ,0032622,PHOT,0,0,0,0
00357 ,0032594,PHOT,0,0,0,0
00357 ,0032595,PHOT,0,0,0,0
00357 ,0032624,PHOT,0,0,0,0
00357 ,0032591,L L ,0,0,0,0
00357 ,0032629,L L ,0,0,0,0
00357 ,0032628,L L ,0,0,0,0
00357 ,0032626,PHOT,0,0,0,0
00357 ,0032625,PHOT,0,0,0,0
00357 ,0032611,PHOT,0,0,0,0
00357 ,0032597,PHOT,0,0,0,0
00357 ,0032596,PHOT,0,0,0,0
00357 ,0032627,PHOT,0,0,0,0
00357 ,0032590,L L ,0,0,0,0
00357 ,0032623,PHOT,0,0,0,0
00357 ,0093939,MIN ,0.19285,0,0,1928.5
00357 ,0060965,MIN ,0.201985,0,0,2019.85
00357 ,0034139,L L ,0.14920499999999998,0,0,1492.05
00357 ,0049420,L L ,0.20299999999999999,0,0,2030
00357 ,0034140,L L ,0,0,0,0
00357 ,0086322,L L ,0.23345,0,0,2334.5
00357 ,0093929,MIN ,0.20299999999999999,0,0,2030
00357 ,0093932,MIN ,0.20299999999999999,0,0,2030
00357 ,0052949,MIN ,0.20299999999999999,0,0,2030
00357 ,0093931,MIN ,0.20299999999999999,0,0,2030
00357 ,0093930,MIN ,0.20299999999999999,0,0,2030
00357 ,0053409,STTV,17.589949999999998,0,0,175899.5
00357 ,0053408,STTV,5.431265,0,0,54312.65
00357 ,0047315,XMAS,0,0,0,0
00357 ,0047316,XMAS,5.236384999999999,0,0,52363.85
00357 ,0050162,STFX,17.489465,0,0,174894.65
00357 ,0053186,WIRE,25.190269999999998,0,0,251902.7
00357 ,0053179,L L ,0.201985,0,0,2019.85
00378 ,0002936,LIT ,0,0,0,0
00378 ,0002937,LIT ,0,0,0,0
00378 ,0002938,LIT ,0,0,0,0
00378 ,0002939,LIT ,0,0,0,0
00378 ,0031289,LIT ,0,0,0,0
00378 ,0031842,LIT ,0,0,0,0
00378 ,0032059,LIT ,0,0,0,0
00378 ,0060488,LIT ,0,0,0,0
00378 ,0060901,LIT ,0,0,0,0
00378 ,0066318,LIT ,0,0,0,0
00378 ,0002959,LIT ,0,0,0,0
00378 ,0002970,LIT ,0.10961999999999998,0,0,1096.2
00378 ,0003005,LIT ,0.6364049999999999,0,0,6364.05
00378 ,0003009,LIT ,3.24597,0,0,32459.7
00378 ,0003010,LIT ,0.226345,0,0,2263.45
00378 ,0003013,LIT ,2.8125649999999998,0,0,28125.65
00378 ,0002936,LIT ,0,0,0,0
00378 ,0002937,LIT ,0,0,0,0
00378 ,0032907,LIT ,0,0,0,0
00378 ,0032908,LIT ,0,0,0,0
00378 ,0031289,LIT ,0,0,0,0
00378 ,0031842,LIT ,0,0,0,0
00378 ,0032059,LIT ,0,0,0,0
00378 ,0060488,LIT ,0,0,0,0
00378 ,0060901,LIT ,0,0,0,0
00378 ,0066318,LIT ,0,0,0,0
00378 ,0002959,LIT ,0,0,0,0
00378 ,0002970,LIT ,0.10961999999999998,0,0,1096.2
00378 ,0003005,LIT ,0.6364049999999999,0,0,6364.05
00378 ,0003009,LIT ,3.24597,0,0,32459.7
00378 ,0003010,LIT ,0.226345,0,0,2263.45
00378 ,0003013,LIT ,2.8125649999999998,0,0,28125.65
00378 ,0066967,LIT ,0,0,0,0
00378 ,0003029,NONE,13.554309999999997,0,0,135543.1
00378 ,0003030,FLRS,1.56,0,0,15600
00378 ,0003031,FLRS,7.41,0,0,74100
00378 ,0003032,FLRS,1.015,0,0,10150
00378 ,0046979,L L ,0.49937999999999994,0,0,4993.8
00378 ,0003033,L L ,0,0,0,0
00378 ,0003034,L L ,0,0,0,0
00378 ,0052284,L L ,0.7104999999999999,0,0,7105
00378 ,0003035,L L ,0,0,0,0
00378 ,0003036,L L ,0,0,0,0
00378 ,0003037,L L ,3.184055,0,0,31840.55
00378 ,0003038,L L ,0.7104999999999999,0,0,7105
00378 ,0003039,L L ,0.658735,0,0,6587.35
00378 ,0003040,L L ,1.6097899999999998,0,0,16097.9
00378 ,0003041,L L ,2.56,0,0,25600
00378 ,0003042,L L ,1.35,0,0,13500
00378 ,0003043,L L ,0.4770499999999999,0,0,4770.5
00378 ,0003044,L L ,0,0,0,0
00378 ,0003045,L L ,0,0,0,0
00378 ,0003046,L L ,0,0,0,0
00378 ,0024653,L L ,0.5724599999999999,0,0,5724.6
00378 ,0003047,L L ,0,0,0,0
00378 ,0036509,L L ,3.89151,0,0,38915.1
00378 ,0029717,L L ,0,0,0,0
00378 ,0034615,L L ,1.8665849999999997,0,0,18665.85
00378 ,0003048,L L ,0.8119999999999999,0,0,8120
00378 ,0003049,L L ,2.8531649999999997,0,0,28531.65
00378 ,0003050,L L ,2.225895,0,0,22258.95
00378 ,0003051,L L ,0,0,0,0
00378 ,0028043,L L ,0,0,0,0
00378 ,0052128,L L ,0,0,0,0
00378 ,0067256,L L ,0.532875,0,0,5328.75
00378 ,0003052,L L ,0,0,0,0
00378 ,0003055,L L ,1.5123499999999999,0,0,15123.5
00378 ,0003058,L L ,0.9175599999999999,0,0,9175.6
00378 ,0003059,L L ,0,0,0,0
00378 ,0003060,L L ,0.47907999999999995,0,0,4790.8
00378 ,0003061,L L ,1.93,0,0,19300
00378 ,0035807,L L ,2.5780999999999996,0,0,25781
00378 ,0003063,L L ,0,0,0,0
00378 ,0003065,L L ,0.43644999999999995,0,0,4364.5
00378 ,0047126,L L ,5.138945,0,0,51389.45
00378 ,0003066,L L ,0.43,0,0,4300
00378 ,0003067,L L ,0,0,0,0
00378 ,0003068,L L ,0,0,0,0
00378 ,0003069,L L ,0,0,0,0
00378 ,0003070,L L ,0,0,0,0
00378 ,0003071,L L ,0,0,0,0
00378 ,0032360,L L ,1.4372399999999999,0,0,14372.4
00378 ,0003073,L L ,2.99425,0,0,29942.5
00378 ,0003074,L L ,0,0,0,0
00378 ,0032261,L L ,0,0,0,0
00378 ,0033362,L L ,1.8117749999999997,0,0,18117.75
00378 ,0034288,L L ,2.367995,0,0,23679.95
00378 ,0032266,L L ,1.715,0,0,17150
00378 ,0057978,L L ,7.703849999999999,0,0,77038.5
00378 ,0049154,MIN ,1.4108499999999997,0,0,14108.5
00378 ,0003079,L L ,4.53096,0,0,45309.6
00378 ,0003080,L L ,0,0,0,0
00378 ,0029593,L L ,0,0,0,0
00378 ,0003081,L L ,1.6767799999999997,0,0,16767.8
00378 ,0022550,L L ,8.928955,0,0,89289.55
00378 ,0003083,L L ,3.312,0,0,33120
00378 ,0003084,L L ,2.0807499999999997,0,0,20807.5
00378 ,0022551,L L ,18.93178,0,0,189317.8
00378 ,0003086,L L ,1.2789,0,0,12789
00378 ,0003087,L L ,1.88,0,0,18800
00378 ,0003088,L L ,0,0,0,0
00378 ,0003089,L L ,2.3669799999999994,0,0,23669.8
00378 ,0003090,L L ,3.1444699999999997,0,0,31444.7
00378 ,0003096,L L ,3.3494999999999995,0,0,33495
00378 ,0003092,L L ,2.08,0,0,20800
00378 ,0003093,L L ,4.188904999999999,0,0,41889.05
00378 ,0003094,L L ,1.35,0,0,13500
00378 ,0003095,L L ,3.25,0,0,32500
00378 ,0028853,L L ,2.5882499999999995,0,0,25882.5
00378 ,0054122,L L ,1.5986249999999997,0,0,15986.25
00378 ,0003097,L L ,0,1,0,0
00378 ,0022552,L L ,1.1885649999999999,0,0,11885.65
00378 ,0003098,L L ,3.1058999999999997,0,0,31059
00378 ,0003099,L L ,1.6514049999999998,0,0,16514.05
00378 ,0003100,L L ,1.7792949999999996,0,0,17792.95
00378 ,0003101,L L ,1.8960199999999998,0,0,18960.2
00378 ,0068012,L L ,2.22894,0,0,22289.4
00378 ,0003102,L L ,0.9946999999999999,0,0,9947
00378 ,0036259,L L ,1.7051999999999998,0,0,17052
00378 ,0031394,L L ,3.045,0,0,30450
00378 ,0035017,L L ,0,0,0,0
00378 ,0022553,L L ,1.2981849999999997,0,0,12981.85
00378 ,0003104,L L ,2.02391,0,0,20239.1
00378 ,0031976,L L ,1.4372399999999999,0,0,14372.4
00378 ,0003105,L L ,0.54325,0,0,5432.5
00378 ,0003106,L L ,0.54325,0,0,5432.5
00378 ,0003107,L L ,0.82,0,0,8200
00378 ,0003109,L L ,1.4372399999999999,0,0,14372.4
00378 ,0050630,L L ,0.63945,0,0,6394.5
00378 ,0027803,L L ,2.1325149999999997,0,0,21325.15
00378 ,0003110,L L ,0,0,0,0
00378 ,0003111,L L ,1.5133649999999998,0,0,15133.65
00378 ,0003112,L L ,0,0,0,0
00378 ,0003113,L L ,1.15,0,0,11500
00378 ,0003114,L L ,3.985905,0,0,39859.05
00378 ,0003115,L L ,3.8092949999999997,0,0,38092.95
00378 ,0003116,L L ,2.1944299999999997,0,0,21944.3
00378 ,0003117,L L ,0,0,0,0
00378 ,0003119,L L ,0,0,0,0
00378 ,0003120,L L ,0,0,0,0
00378 ,0003121,L L ,8.766555,0,0,87665.55
00378 ,0003122,L L ,4.24473,0,0,42447.3
00378 ,0003123,L L ,6.125525,0,0,61255.25
00378 ,0003124,L L ,4.4254,0,0,44254
00378 ,0003125,L L ,0,0,0,0
00378 ,0003127,L L ,2.9749649999999996,0,0,29749.65
00378 ,0003128,L L ,0,0,0,0
00378 ,0003129,L L ,2.1325149999999997,0,0,21325.15
00378 ,0032500,L L ,1.11853,0,0,11185.3
00378 ,0032501,L L ,4.5421249999999995,0,0,45421.25
00378 ,0033606,L L ,0,0,0,0
00378 ,0051770,L L ,0,0,0,0
00378 ,0003131,SLVS,0,0,0,0
00378 ,0003132,SLVS,0,0,0,0
00378 ,0022556,FLRS,2.1081549999999996,0,0,21081.55
00378 ,0022557,FLRS,0,0,0,0
00378 ,0094672,BATT,870.1,0,0,8700999.91
00378 ,0094673,BATT,238,0,0,2379999.98
00378 ,0097744,BATT,572,0,0,5719999.94
00378 ,0104715,BATT,572,0,0,5719999.94
00378 ,0105032,BATT,533,0,0,5329999.95
00378 ,0032589,L L ,0,0,0,0
00378 ,0032593,PHOT,0,0,0,0
00378 ,0032612,PHOT,0,0,0,0
00378 ,0032592,PHOT,0,0,0,0
00378 ,0032621,PHOT,0,0,0,0
00378 ,0032613,PHOT,0,0,0,0
00378 ,0032622,PHOT,0,0,0,0
00378 ,0032594,PHOT,0,0,0,0
00378 ,0032595,PHOT,0,0,0,0
00378 ,0032624,PHOT,0,0,0,0
00378 ,0032591,L L ,0,0,0,0
00378 ,0032629,L L ,0,0,0,0
00378 ,0032628,L L ,0,0,0,0
00378 ,0032626,PHOT,0,0,0,0
00378 ,0032625,PHOT,0,0,0,0
00378 ,0032611,PHOT,0,0,0,0
00378 ,0032597,PHOT,0,0,0,0
00378 ,0032596,PHOT,0,0,0,0
00378 ,0032627,PHOT,0,0,0,0
00378 ,0032590,L L ,0,0,0,0
00378 ,0032623,PHOT,0,0,0,0
00378 ,0093939,MIN ,0.19285,0,0,1928.5
00378 ,0060965,MIN ,0.201985,0,0,2019.85
00378 ,0034139,L L ,0.14920499999999998,0,0,1492.05
00378 ,0049420,L L ,0.20299999999999999,0,0,2030
00378 ,0034140,L L ,0,0,0,0
00378 ,0086322,L L ,0.23345,0,0,2334.5
00378 ,0093929,MIN ,0.20299999999999999,0,0,2030
00378 ,0093932,MIN ,0.20299999999999999,0,0,2030
00378 ,0052949,MIN ,0.20299999999999999,0,0,2030
00378 ,0093931,MIN ,0.20299999999999999,0,0,2030
00378 ,0093930,MIN ,0.20299999999999999,0,0,2030
00378 ,0053409,STTV,17.589949999999998,0,0,175899.5
00378 ,0053408,STTV,5.431265,0,0,54312.65
00378 ,0047315,XMAS,0,0,0,0
00378 ,0047316,XMAS,5.236384999999999,0,0,52363.85
00378 ,0050162,STFX,17.489465,0,0,174894.65
00378 ,0053186,WIRE,25.190269999999998,0,0,251902.7
00378 ,0053179,L L ,0.201985,0,0,2019.85
00396 ,0002936,LIT ,0,0,0,0
00396 ,0002937,LIT ,0,0,0,0
00396 ,0002938,LIT ,0,0,0,0
00396 ,0002939,LIT ,0,0,0,0
00396 ,0031289,LIT ,0,0,0,0
00396 ,0031842,LIT ,0,0,0,0
00396 ,0032059,LIT ,0,0,0,0
00396 ,0060488,LIT ,0,0,0,0
00396 ,0060901,LIT ,0,0,0,0
00396 ,0066318,LIT ,0,0,0,0
00396 ,0002959,LIT ,0,0,0,0
00396 ,0002970,LIT ,0.10961999999999998,0,0,1096.2
00396 ,0003005,LIT ,0.6364049999999999,0,0,6364.05
00396 ,0003009,LIT ,3.24597,0,0,32459.7
00396 ,0003010,LIT ,0.226345,0,0,2263.45
00396 ,0003013,LIT ,2.8125649999999998,0,0,28125.65
00396 ,0002936,LIT ,0,0,0,0
00396 ,0002937,LIT ,0,0,0,0
00396 ,0032907,LIT ,0,0,0,0
00396 ,0032908,LIT ,0,0,0,0
00396 ,0031289,LIT ,0,0,0,0
00396 ,0031842,LIT ,0,0,0,0
00396 ,0032059,LIT ,0,0,0,0
00396 ,0060488,LIT ,0,0,0,0
00396 ,0060901,LIT ,0,0,0,0
00396 ,0066318,LIT ,0,0,0,0
00396 ,0002959,LIT ,0,0,0,0
00396 ,0002970,LIT ,0.10961999999999998,0,0,1096.2
00396 ,0003005,LIT ,0.6364049999999999,0,0,6364.05
00396 ,0003009,LIT ,3.24597,0,0,32459.7
00396 ,0003010,LIT ,0.226345,0,0,2263.45
00396 ,0003013,LIT ,2.8125649999999998,0,0,28125.65
00396 ,0066967,LIT ,0,0,0,0
00396 ,0003029,NONE,13.554309999999997,0,0,135543.1
00396 ,0003030,FLRS,1.56,0,0,15600
00396 ,0003031,FLRS,7.41,0,0,74100
00396 ,0003032,FLRS,1.015,0,0,10150
00396 ,0046979,L L ,0.49937999999999994,0,0,4993.8
00396 ,0003033,L L ,0,0,0,0
00396 ,0003034,L L ,0,0,0,0
00396 ,0052284,L L ,0.7104999999999999,0,0,7105
00396 ,0003035,L L ,0,0,0,0
00396 ,0003036,L L ,0,0,0,0
00396 ,0003037,L L ,3.184055,0,0,31840.55
00396 ,0003038,L L ,0.7104999999999999,0,0,7105
00396 ,0003039,L L ,0.658735,0,0,6587.35
00396 ,0003040,L L ,1.6097899999999998,0,0,16097.9
00396 ,0003041,L L ,2.56,0,0,25600
00396 ,0003042,L L ,1.35,0,0,13500
00396 ,0003043,L L ,0.4770499999999999,0,0,4770.5
00396 ,0003044,L L ,0,0,0,0
00396 ,0003045,L L ,0,0,0,0
00396 ,0003046,L L ,0,0,0,0
00396 ,0024653,L L ,0.5724599999999999,0,0,5724.6
00396 ,0003047,L L ,0,0,0,0
00396 ,0036509,L L ,3.89151,0,0,38915.1
00396 ,0029717,L L ,0,0,0,0
00396 ,0034615,L L ,1.8665849999999997,0,0,18665.85
00396 ,0003048,L L ,0.8119999999999999,0,0,8120
00396 ,0003049,L L ,2.8531649999999997,0,0,28531.65
00396 ,0003050,L L ,2.225895,0,0,22258.95
00396 ,0003051,L L ,0,0,0,0
00396 ,0028043,L L ,0,0,0,0
00396 ,0052128,L L ,0,0,0,0
00396 ,0067256,L L ,0.532875,0,0,5328.75
00396 ,0003052,L L ,0,0,0,0
00396 ,0003055,L L ,1.5123499999999999,0,0,15123.5
00396 ,0003058,L L ,0.9175599999999999,0,0,9175.6
00396 ,0003059,L L ,0,0,0,0
00396 ,0003060,L L ,0.47907999999999995,0,0,4790.8
00396 ,0003061,L L ,1.93,0,0,19300
00396 ,0035807,L L ,2.5780999999999996,0,0,25781
00396 ,0003063,L L ,0,0,0,0
00396 ,0003065,L L ,0.43644999999999995,0,0,4364.5
00396 ,0047126,L L ,5.138945,0,0,51389.45
00396 ,0003066,L L ,0.43,0,0,4300
00396 ,0003067,L L ,0,0,0,0
00396 ,0003068,L L ,0,0,0,0
00396 ,0003069,L L ,0,0,0,0
00396 ,0003070,L L ,0,0,0,0
00396 ,0003071,L L ,0,0,0,0
00396 ,0032360,L L ,1.4372399999999999,0,0,14372.4
00396 ,0003073,L L ,2.99425,0,0,29942.5
00396 ,0003074,L L ,0,0,0,0
00396 ,0032261,L L ,0,0,0,0
00396 ,0033362,L L ,1.8117749999999997,0,0,18117.75
00396 ,0034288,L L ,2.367995,0,0,23679.95
00396 ,0032266,L L ,1.715,0,0,17150
00396 ,0057978,L L ,7.703849999999999,0,0,77038.5
00396 ,0049154,MIN ,1.4108499999999997,0,0,14108.5
00396 ,0003079,L L ,4.53096,0,0,45309.6
00396 ,0003080,L L ,0,0,0,0
00396 ,0029593,L L ,0,0,0,0
00396 ,0003081,L L ,1.6767799999999997,0,0,16767.8
00396 ,0022550,L L ,8.928955,0,0,89289.55
00396 ,0003083,L L ,3.312,0,0,33120
00396 ,0003084,L L ,2.0807499999999997,0,0,20807.5
00396 ,0022551,L L ,18.93178,0,0,189317.8
00396 ,0003086,L L ,1.2789,0,0,12789
00396 ,0003087,L L ,1.88,0,0,18800
00396 ,0003088,L L ,0,0,0,0
00396 ,0003089,L L ,2.3669799999999994,0,0,23669.8
00396 ,0003090,L L ,3.1444699999999997,0,0,31444.7
00396 ,0003096,L L ,3.3494999999999995,0,0,33495
00396 ,0003092,L L ,2.08,0,0,20800
00396 ,0003093,L L ,4.188904999999999,0,0,41889.05
00396 ,0003094,L L ,1.35,0,0,13500
00396 ,0003095,L L ,3.25,0,0,32500
00396 ,0028853,L L ,2.5882499999999995,0,0,25882.5
00396 ,0054122,L L ,1.5986249999999997,0,0,15986.25
00396 ,0003097,L L ,0,1,0,0
00396 ,0022552,L L ,1.1885649999999999,0,0,11885.65
00396 ,0003098,L L ,3.1058999999999997,0,0,31059
00396 ,0003099,L L ,1.6514049999999998,0,0,16514.05
00396 ,0003100,L L ,1.7792949999999996,0,0,17792.95
00396 ,0003101,L L ,1.8960199999999998,0,0,18960.2
00396 ,0068012,L L ,2.22894,0,0,22289.4
00396 ,0003102,L L ,0.9946999999999999,0,0,9947
00396 ,0036259,L L ,1.7051999999999998,0,0,17052
00396 ,0031394,L L ,3.045,0,0,30450
00396 ,0035017,L L ,0,0,0,0
00396 ,0022553,L L ,1.2981849999999997,0,0,12981.85
00396 ,0003104,L L ,2.02391,0,0,20239.1
00396 ,0031976,L L ,1.4372399999999999,0,0,14372.4
00396 ,0003105,L L ,0.54325,0,0,5432.5
00396 ,0003106,L L ,0.54325,0,0,5432.5
00396 ,0003107,L L ,0.82,0,0,8200
00396 ,0003109,L L ,1.4372399999999999,0,0,14372.4
00396 ,0050630,L L ,0.63945,0,0,6394.5
00396 ,0027803,L L ,2.1325149999999997,0,0,21325.15
00396 ,0003110,L L ,0,0,0,0
00396 ,0003111,L L ,1.5133649999999998,0,0,15133.65
00396 ,0003112,L L ,0,0,0,0
00396 ,0003113,L L ,1.15,0,0,11500
00396 ,0003114,L L ,3.985905,0,0,39859.05
00396 ,0003115,L L ,3.8092949999999997,0,0,38092.95
00396 ,0003116,L L ,2.1944299999999997,0,0,21944.3
00396 ,0003117,L L ,0,0,0,0
00396 ,0003119,L L ,0,0,0,0
00396 ,0003120,L L ,0,0,0,0
00396 ,0003121,L L ,8.766555,0,0,87665.55
00396 ,0003122,L L ,4.24473,0,0,42447.3
00396 ,0003123,L L ,6.125525,0,0,61255.25
00396 ,0003124,L L ,4.4254,0,0,44254
00396 ,0003125,L L ,0,0,0,0
00396 ,0003127,L L ,2.9749649999999996,0,0,29749.65
00396 ,0003128,L L ,0,0,0,0
00396 ,0003129,L L ,2.1325149999999997,0,0,21325.15
00396 ,0032500,L L ,1.11853,0,0,11185.3
00396 ,0032501,L L ,4.5421249999999995,0,0,45421.25
00396 ,0033606,L L ,0,0,0,0
00396 ,0051770,L L ,0,0,0,0
00396 ,0003131,SLVS,0,0,0,0
00396 ,0003132,SLVS,0,0,0,0
00396 ,0022556,FLRS,2.1081549999999996,0,0,21081.55
00396 ,0022557,FLRS,0,0,0,0
00396 ,0094672,BATT,870.1,0,0,8700999.91
00396 ,0094673,BATT,238,0,0,2379999.98
00396 ,0097744,BATT,572,0,0,5719999.94
00396 ,0104715,BATT,572,0,0,5719999.94
00396 ,0105032,BATT,533,0,0,5329999.95
00396 ,0032589,L L ,0,0,0,0
00396 ,0032593,PHOT,0,0,0,0
00396 ,0032612,PHOT,0,0,0,0
00396 ,0032592,PHOT,0,0,0,0
00396 ,0032621,PHOT,0,0,0,0
00396 ,0032613,PHOT,0,0,0,0
00396 ,0032622,PHOT,0,0,0,0
00396 ,0032594,PHOT,0,0,0,0
00396 ,0032595,PHOT,0,0,0,0
00396 ,0032624,PHOT,0,0,0,0
00396 ,0032591,L L ,0,0,0,0
00396 ,0032629,L L ,0,0,0,0
00396 ,0032628,L L ,0,0,0,0
00396 ,0032626,PHOT,0,0,0,0
00396 ,0032625,PHOT,0,0,0,0
00396 ,0032611,PHOT,0,0,0,0
00396 ,0032597,PHOT,0,0,0,0
00396 ,0032596,PHOT,0,0,0,0
00396 ,0032627,PHOT,0,0,0,0
00396 ,0032590,L L ,0,0,0,0
00396 ,0032623,PHOT,0,0,0,0
00396 ,0093939,MIN ,0.19285,0,0,1928.5
00396 ,0060965,MIN ,0.201985,0,0,2019.85
00396 ,0034139,L L ,0.14920499999999998,0,0,1492.05
00396 ,0049420,L L ,0.20299999999999999,0,0,2030
00396 ,0034140,L L ,0,0,0,0
00396 ,0086322,L L ,0.23345,0,0,2334.5
00396 ,0093929,MIN ,0.20299999999999999,0,0,2030
00396 ,0093932,MIN ,0.20299999999999999,0,0,2030
00396 ,0052949,MIN ,0.20299999999999999,0,0,2030
00396 ,0093931,MIN ,0.20299999999999999,0,0,2030
00396 ,0093930,MIN ,0.20299999999999999,0,0,2030
00396 ,0053409,STTV,17.589949999999998,0,0,175899.5
00396 ,0053408,STTV,5.431265,0,0,54312.65
00396 ,0047315,XMAS,0,0,0,0
00396 ,0047316,XMAS,5.236384999999999,0,0,52363.85
00396 ,0050162,STFX,17.489465,0,0,174894.65
00396 ,0053186,WIRE,25.190269999999998,0,0,251902.7
00396 ,0053179,L L ,0.201985,0,0,2019.85
00406 ,0002936,LIT ,0,0,0,0
00406 ,0002937,LIT ,0,0,0,0
00406 ,0002938,LIT ,0,0,0,0
00406 ,0002939,LIT ,0,0,0,0
00406 ,0031289,LIT ,0,0,0,0
00406 ,0031842,LIT ,0,0,0,0
00406 ,0032059,LIT ,0,0,0,0
00406 ,0060488,LIT ,0,0,0,0
00406 ,0060901,LIT ,0,0,0,0
00406 ,0066318,LIT ,0,0,0,0
00406 ,0002959,LIT ,0,0,0,0
00406 ,0002970,LIT ,0.10961999999999998,0,0,1096.2
00406 ,0003005,LIT ,0.6364049999999999,0,0,6364.05
00406 ,0003009,LIT ,3.24597,0,0,32459.7
00406 ,0003010,LIT ,0.226345,0,0,2263.45
00406 ,0003013,LIT ,2.8125649999999998,0,0,28125.65
00406 ,0002936,LIT ,0,0,0,0
00406 ,0002937,LIT ,0,0,0,0
00406 ,0032907,LIT ,0,0,0,0
00406 ,0032908,LIT ,0,0,0,0
00406 ,0031289,LIT ,0,0,0,0
00406 ,0031842,LIT ,0,0,0,0
00406 ,0032059,LIT ,0,0,0,0
00406 ,0060488,LIT ,0,0,0,0
00406 ,0060901,LIT ,0,0,0,0
00406 ,0066318,LIT ,0,0,0,0
00406 ,0002959,LIT ,0,0,0,0
00406 ,0002970,LIT ,0.10961999999999998,0,0,1096.2
00406 ,0003005,LIT ,0.6364049999999999,0,0,6364.05
00406 ,0003009,LIT ,3.24597,0,0,32459.7
00406 ,0003010,LIT ,0.226345,0,0,2263.45
00406 ,0003013,LIT ,2.8125649999999998,0,0,28125.65
00406 ,0066967,LIT ,0,0,0,0
00406 ,0003029,NONE,13.554309999999997,0,0,135543.1
00406 ,0003030,FLRS,1.56,0,0,15600
00406 ,0003031,FLRS,7.41,0,0,74100
00406 ,0003032,FLRS,1.015,0,0,10150
00406 ,0046979,L L ,0.49937999999999994,0,0,4993.8
00406 ,0003033,L L ,0,0,0,0
00406 ,0003034,L L ,0,0,0,0
00406 ,0052284,L L ,0.7104999999999999,0,0,7105
00406 ,0003035,L L ,0,0,0,0
00406 ,0003036,L L ,0,0,0,0
00406 ,0003037,L L ,3.184055,0,0,31840.55
00406 ,0003038,L L ,0.7104999999999999,0,0,7105
00406 ,0003039,L L ,0.658735,0,0,6587.35
00406 ,0003040,L L ,1.6097899999999998,0,0,16097.9
00406 ,0003041,L L ,2.56,0,0,25600
00406 ,0003042,L L ,1.35,0,0,13500
00406 ,0003043,L L ,0.4770499999999999,0,0,4770.5
00406 ,0003044,L L ,0,0,0,0
00406 ,0003045,L L ,0,0,0,0
00406 ,0003046,L L ,0,0,0,0
00406 ,0024653,L L ,0.5724599999999999,0,0,5724.6
00406 ,0003047,L L ,0,0,0,0
00406 ,0036509,L L ,3.89151,0,0,38915.1
00406 ,0029717,L L ,0,0,0,0
00406 ,0034615,L L ,1.8665849999999997,0,0,18665.85
00406 ,0003048,L L ,0.8119999999999999,0,0,8120
00406 ,0003049,L L ,2.8531649999999997,0,0,28531.65
00406 ,0003050,L L ,2.225895,0,0,22258.95
00406 ,0003051,L L ,0,0,0,0
00406 ,0028043,L L ,0,0,0,0
00406 ,0052128,L L ,0,0,0,0
00406 ,0067256,L L ,0.532875,0,0,5328.75
00406 ,0003052,L L ,0,0,0,0
00406 ,0003055,L L ,1.5123499999999999,0,0,15123.5
00406 ,0003058,L L ,0.9175599999999999,0,0,9175.6
00406 ,0003059,L L ,0,0,0,0
00406 ,0003060,L L ,0.47907999999999995,0,0,4790.8
00406 ,0003061,L L ,1.93,0,0,19300
00406 ,0035807,L L ,2.5780999999999996,0,0,25781
00406 ,0003063,L L ,0,0,0,0
00406 ,0003065,L L ,0.43644999999999995,0,0,4364.5
00406 ,0047126,L L ,5.138945,0,0,51389.45
00406 ,0003066,L L ,0.43,0,0,4300
00406 ,0003067,L L ,0,0,0,0
00406 ,0003068,L L ,0,0,0,0
00406 ,0003069,L L ,0,0,0,0
00406 ,0003070,L L ,0,0,0,0
00406 ,0003071,L L ,0,0,0,0
00406 ,0032360,L L ,1.4372399999999999,0,0,14372.4
00406 ,0003073,L L ,2.99425,0,0,29942.5
00406 ,0003074,L L ,0,0,0,0
00406 ,0032261,L L ,0,0,0,0
00406 ,0033362,L L ,1.8117749999999997,0,0,18117.75
00406 ,0034288,L L ,2.367995,0,0,23679.95
00406 ,0032266,L L ,1.715,0,0,17150
00406 ,0057978,L L ,7.703849999999999,0,0,77038.5
00406 ,0049154,MIN ,1.4108499999999997,0,0,14108.5
00406 ,0003079,L L ,4.53096,0,0,45309.6
00406 ,0003080,L L ,0,0,0,0
00406 ,0029593,L L ,0,0,0,0
00406 ,0003081,L L ,1.6767799999999997,0,0,16767.8
00406 ,0022550,L L ,8.928955,0,0,89289.55
00406 ,0003083,L L ,3.312,0,0,33120
00406 ,0003084,L L ,2.0807499999999997,0,0,20807.5
00406 ,0022551,L L ,18.93178,0,0,189317.8
00406 ,0003086,L L ,1.2789,0,0,12789
00406 ,0003087,L L ,1.88,0,0,18800
00406 ,0003088,L L ,0,0,0,0
00406 ,0003089,L L ,2.3669799999999994,0,0,23669.8
00406 ,0003090,L L ,3.1444699999999997,0,0,31444.7
00406 ,0003096,L L ,3.3494999999999995,0,0,33495
00406 ,0003092,L L ,2.08,0,0,20800
00406 ,0003093,L L ,4.188904999999999,0,0,41889.05
00406 ,0003094,L L ,1.35,0,0,13500
00406 ,0003095,L L ,3.25,0,0,32500
00406 ,0028853,L L ,2.5882499999999995,0,0,25882.5
00406 ,0054122,L L ,1.5986249999999997,0,0,15986.25
00406 ,0003097,L L ,0,1,0,0
00406 ,0022552,L L ,1.1885649999999999,0,0,11885.65
00406 ,0003098,L L ,3.1058999999999997,0,0,31059
00406 ,0003099,L L ,1.6514049999999998,0,0,16514.05
00406 ,0003100,L L ,1.7792949999999996,0,0,17792.95
00406 ,0003101,L L ,1.8960199999999998,0,0,18960.2
00406 ,0068012,L L ,2.22894,0,0,22289.4
00406 ,0003102,L L ,0.9946999999999999,0,0,9947
00406 ,0036259,L L ,1.7051999999999998,0,0,17052
00406 ,0031394,L L ,3.045,0,0,30450
00406 ,0035017,L L ,0,0,0,0
00406 ,0022553,L L ,1.2981849999999997,0,0,12981.85
00406 ,0003104,L L ,2.02391,0,0,20239.1
00406 ,0031976,L L ,1.4372399999999999,0,0,14372.4
00406 ,0003105,L L ,0.54325,0,0,5432.5
00406 ,0003106,L L ,0.54325,0,0,5432.5
00406 ,0003107,L L ,0.82,0,0,8200
00406 ,0003109,L L ,1.4372399999999999,0,0,14372.4
00406 ,0050630,L L ,0.63945,0,0,6394.5
00406 ,0027803,L L ,2.1325149999999997,0,0,21325.15
00406 ,0003110,L L ,0,0,0,0
00406 ,0003111,L L ,1.5133649999999998,0,0,15133.65
00406 ,0003112,L L ,0,0,0,0
00406 ,0003113,L L ,1.15,0,0,11500
00406 ,0003114,L L ,3.985905,0,0,39859.05
00406 ,0003115,L L ,3.8092949999999997,0,0,38092.95
00406 ,0003116,L L ,2.1944299999999997,0,0,21944.3
00406 ,0003117,L L ,0,0,0,0
00406 ,0003119,L L ,0,0,0,0
00406 ,0003120,L L ,0,0,0,0
00406 ,0003121,L L ,8.766555,0,0,87665.55
00406 ,0003122,L L ,4.24473,0,0,42447.3
00406 ,0003123,L L ,6.125525,0,0,61255.25
00406 ,0003124,L L ,4.4254,0,0,44254
00406 ,0003125,L L ,0,0,0,0
00406 ,0003127,L L ,2.9749649999999996,0,0,29749.65
00406 ,0003128,L L ,0,0,0,0
00406 ,0003129,L L ,2.1325149999999997,0,0,21325.15
00406 ,0032500,L L ,1.11853,0,0,11185.3
00406 ,0032501,L L ,4.5421249999999995,0,0,45421.25
00406 ,0033606,L L ,0,0,0,0
00406 ,0051770,L L ,0,0,0,0
00406 ,0003131,SLVS,0,0,0,0
00406 ,0003132,SLVS,0,0,0,0
00406 ,0022556,FLRS,2.1081549999999996,0,0,21081.55
00406 ,0022557,FLRS,0,0,0,0
00406 ,0094672,BATT,870.1,0,0,8700999.91
00406 ,0094673,BATT,238,0,0,2379999.98
00406 ,0097744,BATT,572,0,0,5719999.94
00406 ,0104715,BATT,572,0,0,5719999.94
00406 ,0105032,BATT,533,0,0,5329999.95
00406 ,0032589,L L ,0,0,0,0
00406 ,0032593,PHOT,0,0,0,0
00406 ,0032612,PHOT,0,0,0,0
00406 ,0032592,PHOT,0,0,0,0
00406 ,0032621,PHOT,0,0,0,0
00406 ,0032613,PHOT,0,0,0,0
00406 ,0032622,PHOT,0,0,0,0
00406 ,0032594,PHOT,0,0,0,0
00406 ,0032595,PHOT,0,0,0,0
00406 ,0032624,PHOT,0,0,0,0
00406 ,0032591,L L ,0,0,0,0
00406 ,0032629,L L ,0,0,0,0
00406 ,0032628,L L ,0,0,0,0
00406 ,0032626,PHOT,0,0,0,0
00406 ,0032625,PHOT,0,0,0,0
00406 ,0032611,PHOT,0,0,0,0
00406 ,0032597,PHOT,0,0,0,0
00406 ,0032596,PHOT,0,0,0,0
00406 ,0032627,PHOT,0,0,0,0
00406 ,0032590,L L ,0,0,0,0
00406 ,0032623,PHOT,0,0,0,0
00406 ,0093939,MIN ,0.19285,0,0,1928.5
00406 ,0060965,MIN ,0.201985,0,0,2019.85
00406 ,0034139,L L ,0.14920499999999998,0,0,1492.05
00406 ,0049420,L L ,0.20299999999999999,0,0,2030
00406 ,0034140,L L ,0,0,0,0
00406 ,0086322,L L ,0.23345,0,0,2334.5
00406 ,0093929,MIN ,0.20299999999999999,0,0,2030
00406 ,0093932,MIN ,0.20299999999999999,0,0,2030
00406 ,0052949,MIN ,0.20299999999999999,0,0,2030
00406 ,0093931,MIN ,0.20299999999999999,0,0,2030
00406 ,0093930,MIN ,0.20299999999999999,0,0,2030
00406 ,0053409,STTV,17.589949999999998,0,0,175899.5
00406 ,0053408,STTV,5.431265,0,0,54312.65
00406 ,0047315,XMAS,0,0,0,0
00406 ,0047316,XMAS,5.236384999999999,0,0,52363.85
00406 ,0050162,STFX,17.489465,0,0,174894.65
00406 ,0053186,WIRE,25.190269999999998,0,0,251902.7
00406 ,0053179,L L ,0.201985,0,0,2019.85
00613 ,0002936,LIT ,0,0,0,0
00613 ,0002937,LIT ,0,0,0,0
00613 ,0002938,LIT ,0,0,0,0
00613 ,0002939,LIT ,0,0,0,0
00613 ,0031289,LIT ,0,0,0,0
00613 ,0031842,LIT ,0,0,0,0
00613 ,0032059,LIT ,0,0,0,0
00613 ,0060488,LIT ,0,0,0,0
00613 ,0060901,LIT ,0,0,0,0
00613 ,0066318,LIT ,0,0,0,0
00613 ,0002959,LIT ,0,0,0,0
00613 ,0002970,LIT ,0.10961999999999998,0,0,1096.2
00613 ,0003005,LIT ,0.6364049999999999,0,0,6364.05
00613 ,0003009,LIT ,3.24597,0,0,32459.7
00613 ,0003010,LIT ,0.226345,0,0,2263.45
00613 ,0003013,LIT ,2.8125649999999998,0,0,28125.65
00613 ,0002936,LIT ,0,0,0,0
00613 ,0002937,LIT ,0,0,0,0
00613 ,0032907,LIT ,0,0,0,0
00613 ,0032908,LIT ,0,0,0,0
00613 ,0031289,LIT ,0,0,0,0
00613 ,0031842,LIT ,0,0,0,0
00613 ,0032059,LIT ,0,0,0,0
00613 ,0060488,LIT ,0,0,0,0
00613 ,0060901,LIT ,0,0,0,0
00613 ,0066318,LIT ,0,0,0,0
00613 ,0002959,LIT ,0,0,0,0
00613 ,0002970,LIT ,0.10961999999999998,0,0,1096.2
00613 ,0003005,LIT ,0.6364049999999999,0,0,6364.05
00613 ,0003009,LIT ,3.24597,0,0,32459.7
00613 ,0003010,LIT ,0.226345,0,0,2263.45
00613 ,0003013,LIT ,2.8125649999999998,0,0,28125.65
00613 ,0066967,LIT ,0,0,0,0
00613 ,0003029,NONE,13.554309999999997,0,0,135543.1
00613 ,0003030,FLRS,1.56,0,0,15600
00613 ,0003031,FLRS,7.41,0,0,74100
00613 ,0003032,FLRS,1.015,0,0,10150
00613 ,0046979,L L ,0.49937999999999994,0,0,4993.8
00613 ,0003033,L L ,0,0,0,0
00613 ,0003034,L L ,0,0,0,0
00613 ,0052284,L L ,0.7104999999999999,0,0,7105
00613 ,0003035,L L ,0,0,0,0
00613 ,0003036,L L ,0,0,0,0
00613 ,0003037,L L ,3.184055,0,0,31840.55
00613 ,0003038,L L ,0.7104999999999999,0,0,7105
00613 ,0003039,L L ,0.658735,0,0,6587.35
00613 ,0003040,L L ,1.6097899999999998,0,0,16097.9
00613 ,0003041,L L ,2.56,0,0,25600
00613 ,0003042,L L ,1.35,0,0,13500
00613 ,0003043,L L ,0.4770499999999999,0,0,4770.5
00613 ,0003044,L L ,0,0,0,0
00613 ,0003045,L L ,0,0,0,0
00613 ,0003046,L L ,0,0,0,0
00613 ,0024653,L L ,0.5724599999999999,0,0,5724.6
00613 ,0003047,L L ,0,0,0,0
00613 ,0036509,L L ,3.89151,0,0,38915.1
00613 ,0029717,L L ,0,0,0,0
00613 ,0034615,L L ,1.8665849999999997,0,0,18665.85
00613 ,0003048,L L ,0.8119999999999999,0,0,8120
00613 ,0003049,L L ,2.8531649999999997,0,0,28531.65
00613 ,0003050,L L ,2.225895,0,0,22258.95
00613 ,0003051,L L ,0,0,0,0
00613 ,0028043,L L ,0,0,0,0
00613 ,0052128,L L ,0,0,0,0
00613 ,0067256,L L ,0.532875,0,0,5328.75
00613 ,0003052,L L ,0,0,0,0
00613 ,0003055,L L ,1.5123499999999999,0,0,15123.5
00613 ,0003058,L L ,0.9175599999999999,0,0,9175.6
00613 ,0003059,L L ,0,0,0,0
00613 ,0003060,L L ,0.47907999999999995,0,0,4790.8
00613 ,0003061,L L ,1.93,0,0,19300
00613 ,0035807,L L ,2.5780999999999996,0,0,25781
00613 ,0003063,L L ,0,0,0,0
00613 ,0003065,L L ,0.43644999999999995,0,0,4364.5
00613 ,0047126,L L ,5.138945,0,0,51389.45
00613 ,0003066,L L ,0.43,0,0,4300
00613 ,0003067,L L ,0,0,0,0
00613 ,0003068,L L ,0,0,0,0
00613 ,0003069,L L ,0,0,0,0
00613 ,0003070,L L ,0,0,0,0
00613 ,0003071,L L ,0,0,0,0
00613 ,0032360,L L ,1.4372399999999999,0,0,14372.4
00613 ,0003073,L L ,2.99425,0,0,29942.5
00613 ,0003074,L L ,0,0,0,0
00613 ,0032261,L L ,0,0,0,0
00613 ,0033362,L L ,1.8117749999999997,0,0,18117.75
00613 ,0034288,L L ,2.367995,0,0,23679.95
00613 ,0032266,L L ,1.715,0,0,17150
00613 ,0057978,L L ,7.703849999999999,0,0,77038.5
00613 ,0049154,MIN ,1.4108499999999997,0,0,14108.5
00613 ,0003079,L L ,4.53096,0,0,45309.6
00613 ,0003080,L L ,0,0,0,0
00613 ,0029593,L L ,0,0,0,0
00613 ,0003081,L L ,1.6767799999999997,0,0,16767.8
00613 ,0022550,L L ,8.928955,0,0,89289.55
00613 ,0003083,L L ,3.312,0,0,33120
00613 ,0003084,L L ,2.0807499999999997,0,0,20807.5
00613 ,0022551,L L ,18.93178,0,0,189317.8
00613 ,0003086,L L ,1.2789,0,0,12789
00613 ,0003087,L L ,1.88,0,0,18800
00613 ,0003088,L L ,0,0,0,0
00613 ,0003089,L L ,2.3669799999999994,0,0,23669.8
00613 ,0003090,L L ,3.1444699999999997,0,0,31444.7
00613 ,0003096,L L ,3.3494999999999995,0,0,33495
00613 ,0003092,L L ,2.08,0,0,20800
00613 ,0003093,L L ,4.188904999999999,0,0,41889.05
00613 ,0003094,L L ,1.35,0,0,13500
00613 ,0003095,L L ,3.25,0,0,32500
00613 ,0028853,L L ,2.5882499999999995,0,0,25882.5
00613 ,0054122,L L ,1.5986249999999997,0,0,15986.25
00613 ,0003097,L L ,0,1,0,0
00613 ,0022552,L L ,1.1885649999999999,0,0,11885.65
00613 ,0003098,L L ,3.1058999999999997,0,0,31059
00613 ,0003099,L L ,1.6514049999999998,0,0,16514.05
00613 ,0003100,L L ,1.7792949999999996,0,0,17792.95
00613 ,0003101,L L ,1.8960199999999998,0,0,18960.2
00613 ,0068012,L L ,2.22894,0,0,22289.4
00613 ,0003102,L L ,0.9946999999999999,0,0,9947
00613 ,0036259,L L ,1.7051999999999998,0,0,17052
00613 ,0031394,L L ,3.045,0,0,30450
00613 ,0035017,L L ,0,0,0,0
00613 ,0022553,L L ,1.2981849999999997,0,0,12981.85
00613 ,0003104,L L ,2.02391,0,0,20239.1
00613 ,0031976,L L ,1.4372399999999999,0,0,14372.4
00613 ,0003105,L L ,0.54325,0,0,5432.5
00613 ,0003106,L L ,0.54325,0,0,5432.5
00613 ,0003107,L L ,0.82,0,0,8200
00613 ,0003109,L L ,1.4372399999999999,0,0,14372.4
00613 ,0050630,L L ,0.63945,0,0,6394.5
00613 ,0027803,L L ,2.1325149999999997,0,0,21325.15
00613 ,0003110,L L ,0,0,0,0
00613 ,0003111,L L ,1.5133649999999998,0,0,15133.65
00613 ,0003112,L L ,0,0,0,0
00613 ,0003113,L L ,1.15,0,0,11500
00613 ,0003114,L L ,3.985905,0,0,39859.05
00613 ,0003115,L L ,3.8092949999999997,0,0,38092.95
00613 ,0003116,L L ,2.1944299999999997,0,0,21944.3
00613 ,0003117,L L ,0,0,0,0
00613 ,0003119,L L ,0,0,0,0
00613 ,0003120,L L ,0,0,0,0
00613 ,0003121,L L ,8.766555,0,0,87665.55
00613 ,0003122,L L ,4.24473,0,0,42447.3
00613 ,0003123,L L ,6.125525,0,0,61255.25
00613 ,0003124,L L ,4.4254,0,0,44254
00613 ,0003125,L L ,0,0,0,0
00613 ,0003127,L L ,2.9749649999999996,0,0,29749.65
00613 ,0003128,L L ,0,0,0,0
00613 ,0003129,L L ,2.1325149999999997,0,0,21325.15
00613 ,0032500,L L ,1.11853,0,0,11185.3
00613 ,0032501,L L ,4.5421249999999995,0,0,45421.25
00613 ,0033606,L L ,0,0,0,0
00613 ,0051770,L L ,0,0,0,0
00613 ,0003131,SLVS,0,0,0,0
00613 ,0003132,SLVS,0,0,0,0
00613 ,0022556,FLRS,2.1081549999999996,0,0,21081.55
00613 ,0022557,FLRS,0,0,0,0
00613 ,0094672,BATT,870.1,0,0,8700999.91
00613 ,0094673,BATT,238,0,0,2379999.98
00613 ,0097744,BATT,572,0,0,5719999.94
00613 ,0104715,BATT,572,0,0,5719999.94
00613 ,0105032,BATT,533,0,0,5329999.95
00613 ,0032589,L L ,0,0,0,0
00613 ,0032593,PHOT,0,0,0,0
00613 ,0032612,PHOT,0,0,0,0
00613 ,0032592,PHOT,0,0,0,0
00613 ,0032621,PHOT,0,0,0,0
00613 ,0032613,PHOT,0,0,0,0
00613 ,0032622,PHOT,0,0,0,0
00613 ,0032594,PHOT,0,0,0,0
00613 ,0032595,PHOT,0,0,0,0
00613 ,0032624,PHOT,0,0,0,0
00613 ,0032591,L L ,0,0,0,0
00613 ,0032629,L L ,0,0,0,0
00613 ,0032628,L L ,0,0,0,0
00613 ,0032626,PHOT,0,0,0,0
00613 ,0032625,PHOT,0,0,0,0
00613 ,0032611,PHOT,0,0,0,0
00613 ,0032597,PHOT,0,0,0,0
00613 ,0032596,PHOT,0,0,0,0
00613 ,0032627,PHOT,0,0,0,0
00613 ,0032590,L L ,0,0,0,0
00613 ,0032623,PHOT,0,0,0,0
00613 ,0093939,MIN ,0.19285,0,0,1928.5
00613 ,0060965,MIN ,0.201985,0,0,2019.85
00613 ,0034139,L L ,0.14920499999999998,0,0,1492.05
00613 ,0049420,L L ,0.20299999999999999,0,0,2030
00613 ,0034140,L L ,0,0,0,0
00613 ,0086322,L L ,0.23345,0,0,2334.5
00613 ,0093929,MIN ,0.20299999999999999,0,0,2030
00613 ,0093932,MIN ,0.20299999999999999,0,0,2030
00613 ,0052949,MIN ,0.20299999999999999,0,0,2030
00613 ,0093931,MIN ,0.20299999999999999,0,0,2030
00613 ,0093930,MIN ,0.20299999999999999,0,0,2030
00613 ,0053409,STTV,17.589949999999998,0,0,175899.5
00613 ,0053408,STTV,5.431265,0,0,54312.65
00613 ,0047315,XMAS,0,0,0,0
00613 ,0047316,XMAS,5.236384999999999,0,0,52363.85
00613 ,0050162,STFX,17.489465,0,0,174894.65
00613 ,0053186,WIRE,25.190269999999998,0,0,251902.7
00613 ,0053179,L L ,0.201985,0,0,2019.85
00640 ,0002936,LIT ,0,0,0,0
00640 ,0002937,LIT ,0,0,0,0
00640 ,0002938,LIT ,0,0,0,0
00640 ,0002939,LIT ,0,0,0,0
00640 ,0031289,LIT ,0,0,0,0
00640 ,0031842,LIT ,0,0,0,0
00640 ,0032059,LIT ,0,0,0,0
00640 ,0060488,LIT ,0,0,0,0
00640 ,0060901,LIT ,0,0,0,0
00640 ,0066318,LIT ,0,0,0,0
00640 ,0002959,LIT ,0,0,0,0
00640 ,0002970,LIT ,0.10961999999999998,0,0,1096.2
00640 ,0003005,LIT ,0.6364049999999999,0,0,6364.05
00640 ,0003009,LIT ,3.24597,0,0,32459.7
00640 ,0003010,LIT ,0.226345,0,0,2263.45
00640 ,0003013,LIT ,2.8125649999999998,0,0,28125.65
00640 ,0002936,LIT ,0,0,0,0
00640 ,0002937,LIT ,0,0,0,0
00640 ,0032907,LIT ,0,0,0,0
00640 ,0032908,LIT ,0,0,0,0
00640 ,0031289,LIT ,0,0,0,0
00640 ,0031842,LIT ,0,0,0,0
00640 ,0032059,LIT ,0,0,0,0
00640 ,0060488,LIT ,0,0,0,0
00640 ,0060901,LIT ,0,0,0,0
00640 ,0066318,LIT ,0,0,0,0
00640 ,0002959,LIT ,0,0,0,0
00640 ,0002970,LIT ,0.10961999999999998,0,0,1096.2
00640 ,0003005,LIT ,0.6364049999999999,0,0,6364.05
00640 ,0003009,LIT ,3.24597,0,0,32459.7
00640 ,0003010,LIT ,0.226345,0,0,2263.45
00640 ,0003013,LIT ,2.8125649999999998,0,0,28125.65
00640 ,0066967,LIT ,0,0,0,0
00640 ,0003029,NONE,13.554309999999997,0,0,135543.1
00640 ,0003030,FLRS,1.56,0,0,15600
00640 ,0003031,FLRS,7.41,0,0,74100
00640 ,0003032,FLRS,1.015,0,0,10150
00640 ,0046979,L L ,0.49937999999999994,0,0,4993.8
00640 ,0003033,L L ,0,0,0,0
00640 ,0003034,L L ,0,0,0,0
00640 ,0052284,L L ,0.7104999999999999,0,0,7105
00640 ,0003035,L L ,0,0,0,0
00640 ,0003036,L L ,0,0,0,0
00640 ,0003037,L L ,3.184055,0,0,31840.55
00640 ,0003038,L L ,0.7104999999999999,0,0,7105
00640 ,0003039,L L ,0.658735,0,0,6587.35
00640 ,0003040,L L ,1.6097899999999998,0,0,16097.9
00640 ,0003041,L L ,2.56,0,0,25600
00640 ,0003042,L L ,1.35,0,0,13500
00640 ,0003043,L L ,0.4770499999999999,0,0,4770.5
00640 ,0003044,L L ,0,0,0,0
00640 ,0003045,L L ,0,0,0,0
00640 ,0003046,L L ,0,0,0,0
00640 ,0024653,L L ,0.5724599999999999,0,0,5724.6
00640 ,0003047,L L ,0,0,0,0
00640 ,0036509,L L ,3.89151,0,0,38915.1
00640 ,0029717,L L ,0,0,0,0
00640 ,0034615,L L ,1.8665849999999997,0,0,18665.85
00640 ,0003048,L L ,0.8119999999999999,0,0,8120
00640 ,0003049,L L ,2.8531649999999997,0,0,28531.65
00640 ,0003050,L L ,2.225895,0,0,22258.95
00640 ,0003051,L L ,0,0,0,0
00640 ,0028043,L L ,0,0,0,0
00640 ,0052128,L L ,0,0,0,0
00640 ,0067256,L L ,0.532875,0,0,5328.75
00640 ,0003052,L L ,0,0,0,0
00640 ,0003055,L L ,1.5123499999999999,0,0,15123.5
00640 ,0003058,L L ,0.9175599999999999,0,0,9175.6
00640 ,0003059,L L ,0,0,0,0
00640 ,0003060,L L ,0.47907999999999995,0,0,4790.8
00640 ,0003061,L L ,1.93,0,0,19300
00640 ,0035807,L L ,2.5780999999999996,0,0,25781
00640 ,0003063,L L ,0,0,0,0
00640 ,0003065,L L ,0.43644999999999995,0,0,4364.5
00640 ,0047126,L L ,5.138945,0,0,51389.45
00640 ,0003066,L L ,0.43,0,0,4300
00640 ,0003067,L L ,0,0,0,0
00640 ,0003068,L L ,0,0,0,0
00640 ,0003069,L L ,0,0,0,0
00640 ,0003070,L L ,0,0,0,0
00640 ,0003071,L L ,0,0,0,0
00640 ,0032360,L L ,1.4372399999999999,0,0,14372.4
00640 ,0003073,L L ,2.99425,0,0,29942.5
00640 ,0003074,L L ,0,0,0,0
00640 ,0032261,L L ,0,0,0,0
00640 ,0033362,L L ,1.8117749999999997,0,0,18117.75
00640 ,0034288,L L ,2.367995,0,0,23679.95
00640 ,0032266,L L ,1.715,0,0,17150
00640 ,0057978,L L ,7.703849999999999,0,0,77038.5
00640 ,0049154,MIN ,1.4108499999999997,0,0,14108.5
00640 ,0003079,L L ,4.53096,0,0,45309.6
00640 ,0003080,L L ,0,0,0,0
00640 ,0029593,L L ,0,0,0,0
00640 ,0003081,L L ,1.6767799999999997,0,0,16767.8
00640 ,0022550,L L ,8.928955,0,0,89289.55
00640 ,0003083,L L ,3.312,0,0,33120
00640 ,0003084,L L ,2.0807499999999997,0,0,20807.5
00640 ,0022551,L L ,18.93178,0,0,189317.8
00640 ,0003086,L L ,1.2789,0,0,12789
00640 ,0003087,L L ,1.88,0,0,18800
00640 ,0003088,L L ,0,0,0,0
00640 ,0003089,L L ,2.3669799999999994,0,0,23669.8
00640 ,0003090,L L ,3.1444699999999997,0,0,31444.7
00640 ,0003096,L L ,3.3494999999999995,0,0,33495
00640 ,0003092,L L ,2.08,0,0,20800
00640 ,0003093,L L ,4.188904999999999,0,0,41889.05
00640 ,0003094,L L ,1.35,0,0,13500
00640 ,0003095,L L ,3.25,0,0,32500
00640 ,0028853,L L ,2.5882499999999995,0,0,25882.5
00640 ,0054122,L L ,1.5986249999999997,0,0,15986.25
00640 ,0003097,L L ,0,1,0,0
00640 ,0022552,L L ,1.1885649999999999,0,0,11885.65
00640 ,0003098,L L ,3.1058999999999997,0,0,31059
00640 ,0003099,L L ,1.6514049999999998,0,0,16514.05
00640 ,0003100,L L ,1.7792949999999996,0,0,17792.95
00640 ,0003101,L L ,1.8960199999999998,0,0,18960.2
00640 ,0068012,L L ,2.22894,0,0,22289.4
00640 ,0003102,L L ,0.9946999999999999,0,0,9947
00640 ,0036259,L L ,1.7051999999999998,0,0,17052
00640 ,0031394,L L ,3.045,0,0,30450
00640 ,0035017,L L ,0,0,0,0
00640 ,0022553,L L ,1.2981849999999997,0,0,12981.85
00640 ,0003104,L L ,2.02391,0,0,20239.1
00640 ,0031976,L L ,1.4372399999999999,0,0,14372.4
00640 ,0003105,L L ,0.54325,0,0,5432.5
00640 ,0003106,L L ,0.54325,0,0,5432.5
00640 ,0003107,L L ,0.82,0,0,8200
00640 ,0003109,L L ,1.4372399999999999,0,0,14372.4
00640 ,0050630,L L ,0.63945,0,0,6394.5
00640 ,0027803,L L ,2.1325149999999997,0,0,21325.15
00640 ,0003110,L L ,0,0,0,0
00640 ,0003111,L L ,1.5133649999999998,0,0,15133.65
00640 ,0003112,L L ,0,0,0,0
00640 ,0003113,L L ,1.15,0,0,11500
00640 ,0003114,L L ,3.985905,0,0,39859.05
00640 ,0003115,L L ,3.8092949999999997,0,0,38092.95
00640 ,0003116,L L ,2.1944299999999997,0,0,21944.3
00640 ,0003117,L L ,0,0,0,0
00640 ,0003119,L L ,0,0,0,0
00640 ,0003120,L L ,0,0,0,0
00640 ,0003121,L L ,8.766555,0,0,87665.55
00640 ,0003122,L L ,4.24473,0,0,42447.3
00640 ,0003123,L L ,6.125525,0,0,61255.25
00640 ,0003124,L L ,4.4254,0,0,44254
00640 ,0003125,L L ,0,0,0,0
00640 ,0003127,L L ,2.9749649999999996,0,0,29749.65
00640 ,0003128,L L ,0,0,0,0
00640 ,0003129,L L ,2.1325149999999997,0,0,21325.15
00640 ,0032500,L L ,1.11853,0,0,11185.3
00640 ,0032501,L L ,4.5421249999999995,0,0,45421.25
00640 ,0033606,L L ,0,0,0,0
00640 ,0051770,L L ,0,0,0,0
00640 ,0003131,SLVS,0,0,0,0
00640 ,0003132,SLVS,0,0,0,0
00640 ,0022556,FLRS,2.1081549999999996,0,0,21081.55
00640 ,0022557,FLRS,0,0,0,0
00640 ,0094672,BATT,870.1,0,0,8700999.91
00640 ,0094673,BATT,238,0,0,2379999.98
00640 ,0097744,BATT,572,0,0,5719999.94
00640 ,0104715,BATT,572,0,0,5719999.94
00640 ,0105032,BATT,533,0,0,5329999.95
00640 ,0032589,L L ,0,0,0,0
00640 ,0032593,PHOT,0,0,0,0
00640 ,0032612,PHOT,0,0,0,0
00640 ,0032592,PHOT,0,0,0,0
00640 ,0032621,PHOT,0,0,0,0
00640 ,0032613,PHOT,0,0,0,0
00640 ,0032622,PHOT,0,0,0,0
00640 ,0032594,PHOT,0,0,0,0
00640 ,0032595,PHOT,0,0,0,0
00640 ,0032624,PHOT,0,0,0,0
00640 ,0032591,L L ,0,0,0,0
00640 ,0032629,L L ,0,0,0,0
00640 ,0032628,L L ,0,0,0,0
00640 ,0032626,PHOT,0,0,0,0
00640 ,0032625,PHOT,0,0,0,0
00640 ,0032611,PHOT,0,0,0,0
00640 ,0032597,PHOT,0,0,0,0
00640 ,0032596,PHOT,0,0,0,0
00640 ,0032627,PHOT,0,0,0,0
00640 ,0032590,L L ,0,0,0,0
00640 ,0032623,PHOT,0,0,0,0
00640 ,0093939,MIN ,0.19285,0,0,1928.5
00640 ,0060965,MIN ,0.201985,0,0,2019.85
00640 ,0034139,L L ,0.14920499999999998,0,0,1492.05
00640 ,0049420,L L ,0.20299999999999999,0,0,2030
00640 ,0034140,L L ,0,0,0,0
00640 ,0086322,L L ,0.23345,0,0,2334.5
00640 ,0093929,MIN ,0.20299999999999999,0,0,2030
00640 ,0093932,MIN ,0.20299999999999999,0,0,2030
00640 ,0052949,MIN ,0.20299999999999999,0,0,2030
00640 ,0093931,MIN ,0.20299999999999999,0,0,2030
00640 ,0093930,MIN ,0.20299999999999999,0,0,2030
00640 ,0053409,STTV,17.589949999999998,0,0,175899.5
00640 ,0053408,STTV,5.431265,0,0,54312.65
00640 ,0047315,XMAS,0,0,0,0
00640 ,0047316,XMAS,5.236384999999999,0,0,52363.85
00640 ,0050162,STFX,17.489465,0,0,174894.65
00640 ,0053186,WIRE,25.190269999999998,0,0,251902.7
00640 ,0053179,L L ,0.201985,0,0,2019.85
00643 ,0002936,LIT ,0,0,0,0
00643 ,0002937,LIT ,0,0,0,0
00643 ,0002938,LIT ,0,0,0,0
00643 ,0002939,LIT ,0,0,0,0
00643 ,0031289,LIT ,0,0,0,0
00643 ,0031842,LIT ,0,0,0,0
00643 ,0032059,LIT ,0,0,0,0
00643 ,0060488,LIT ,0,0,0,0
00643 ,0060901,LIT ,0,0,0,0
00643 ,0066318,LIT ,0,0,0,0
00643 ,0002959,LIT ,0,0,0,0
00643 ,0002970,LIT ,0.10961999999999998,0,0,1096.2
00643 ,0003005,LIT ,0.6364049999999999,0,0,6364.05
00643 ,0003009,LIT ,3.24597,0,0,32459.7
00643 ,0003010,LIT ,0.226345,0,0,2263.45
00643 ,0003013,LIT ,2.8125649999999998,0,0,28125.65
00643 ,0002936,LIT ,0,0,0,0
00643 ,0002937,LIT ,0,0,0,0
00643 ,0032907,LIT ,0,0,0,0
00643 ,0032908,LIT ,0,0,0,0
00643 ,0031289,LIT ,0,0,0,0
00643 ,0031842,LIT ,0,0,0,0
00643 ,0032059,LIT ,0,0,0,0
00643 ,0060488,LIT ,0,0,0,0
00643 ,0060901,LIT ,0,0,0,0
00643 ,0066318,LIT ,0,0,0,0
00643 ,0002959,LIT ,0,0,0,0
00643 ,0002970,LIT ,0.10961999999999998,0,0,1096.2
00643 ,0003005,LIT ,0.6364049999999999,0,0,6364.05
00643 ,0003009,LIT ,3.24597,0,0,32459.7
00643 ,0003010,LIT ,0.226345,0,0,2263.45
00643 ,0003013,LIT ,2.8125649999999998,0,0,28125.65
00643 ,0066967,LIT ,0,0,0,0
00643 ,0003029,NONE,13.554309999999997,0,0,135543.1
00643 ,0003030,FLRS,1.56,0,0,15600
00643 ,0003031,FLRS,7.41,0,0,74100
00643 ,0003032,FLRS,1.015,0,0,10150
00643 ,0046979,L L ,0.49937999999999994,0,0,4993.8
00643 ,0003033,L L ,0,0,0,0
00643 ,0003034,L L ,0,0,0,0
00643 ,0052284,L L ,0.7104999999999999,0,0,7105
00643 ,0003035,L L ,0,0,0,0
00643 ,0003036,L L ,0,0,0,0
00643 ,0003037,L L ,3.184055,0,0,31840.55
00643 ,0003038,L L ,0.7104999999999999,0,0,7105
00643 ,0003039,L L ,0.658735,0,0,6587.35
00643 ,0003040,L L ,1.6097899999999998,0,0,16097.9
00643 ,0003041,L L ,2.56,0,0,25600
00643 ,0003042,L L ,1.35,0,0,13500
00643 ,0003043,L L ,0.4770499999999999,0,0,4770.5
00643 ,0003044,L L ,0,0,0,0
00643 ,0003045,L L ,0,0,0,0
00643 ,0003046,L L ,0,0,0,0
00643 ,0024653,L L ,0.5724599999999999,0,0,5724.6
00643 ,0003047,L L ,0,0,0,0
00643 ,0036509,L L ,3.89151,0,0,38915.1
00643 ,0029717,L L ,0,0,0,0
00643 ,0034615,L L ,1.8665849999999997,0,0,18665.85
00643 ,0003048,L L ,0.8119999999999999,0,0,8120
00643 ,0003049,L L ,2.8531649999999997,0,0,28531.65
00643 ,0003050,L L ,2.225895,0,0,22258.95
00643 ,0003051,L L ,0,0,0,0
00643 ,0028043,L L ,0,0,0,0
00643 ,0052128,L L ,0,0,0,0
00643 ,0067256,L L ,0.532875,0,0,5328.75
00643 ,0003052,L L ,0,0,0,0
00643 ,0003055,L L ,1.5123499999999999,0,0,15123.5
00643 ,0003058,L L ,0.9175599999999999,0,0,9175.6
00643 ,0003059,L L ,0,0,0,0
00643 ,0003060,L L ,0.47907999999999995,0,0,4790.8
00643 ,0003061,L L ,1.93,0,0,19300
00643 ,0035807,L L ,2.5780999999999996,0,0,25781
00643 ,0003063,L L ,0,0,0,0
00643 ,0003065,L L ,0.43644999999999995,0,0,4364.5
00643 ,0047126,L L ,5.138945,0,0,51389.45
00643 ,0003066,L L ,0.43,0,0,4300
00643 ,0003067,L L ,0,0,0,0
00643 ,0003068,L L ,0,0,0,0
00643 ,0003069,L L ,0,0,0,0
00643 ,0003070,L L ,0,0,0,0
00643 ,0003071,L L ,0,0,0,0
00643 ,0032360,L L ,1.4372399999999999,0,0,14372.4
00643 ,0003073,L L ,2.99425,0,0,29942.5
00643 ,0003074,L L ,0,0,0,0
00643 ,0032261,L L ,0,0,0,0
00643 ,0033362,L L ,1.8117749999999997,0,0,18117.75
00643 ,0034288,L L ,2.367995,0,0,23679.95
00643 ,0032266,L L ,1.715,0,0,17150
00643 ,0057978,L L ,7.703849999999999,0,0,77038.5
00643 ,0049154,MIN ,1.4108499999999997,0,0,14108.5
00643 ,0003079,L L ,4.53096,0,0,45309.6
00643 ,0003080,L L ,0,0,0,0
00643 ,0029593,L L ,0,0,0,0
00643 ,0003081,L L ,1.6767799999999997,0,0,16767.8
00643 ,0022550,L L ,8.928955,0,0,89289.55
00643 ,0003083,L L ,3.312,0,0,33120
00643 ,0003084,L L ,2.0807499999999997,0,0,20807.5
00643 ,0022551,L L ,18.93178,0,0,189317.8
00643 ,0003086,L L ,1.2789,0,0,12789
00643 ,0003087,L L ,1.88,0,0,18800
00643 ,0003088,L L ,0,0,0,0
00643 ,0003089,L L ,2.3669799999999994,0,0,23669.8
00643 ,0003090,L L ,3.1444699999999997,0,0,31444.7
00643 ,0003096,L L ,3.3494999999999995,0,0,33495
00643 ,0003092,L L ,2.08,0,0,20800
00643 ,0003093,L L ,4.188904999999999,0,0,41889.05
00643 ,0003094,L L ,1.35,0,0,13500
00643 ,0003095,L L ,3.25,0,0,32500
00643 ,0028853,L L ,2.5882499999999995,0,0,25882.5
00643 ,0054122,L L ,1.5986249999999997,0,0,15986.25
00643 ,0003097,L L ,0,1,0,0
00643 ,0022552,L L ,1.1885649999999999,0,0,11885.65
00643 ,0003098,L L ,3.1058999999999997,0,0,31059
00643 ,0003099,L L ,1.6514049999999998,0,0,16514.05
00643 ,0003100,L L ,1.7792949999999996,0,0,17792.95
00643 ,0003101,L L ,1.8960199999999998,0,0,18960.2
00643 ,0068012,L L ,2.22894,0,0,22289.4
00643 ,0003102,L L ,0.9946999999999999,0,0,9947
00643 ,0036259,L L ,1.7051999999999998,0,0,17052
00643 ,0031394,L L ,3.045,0,0,30450
00643 ,0035017,L L ,0,0,0,0
00643 ,0022553,L L ,1.2981849999999997,0,0,12981.85
00643 ,0003104,L L ,2.02391,0,0,20239.1
00643 ,0031976,L L ,1.4372399999999999,0,0,14372.4
00643 ,0003105,L L ,0.54325,0,0,5432.5
00643 ,0003106,L L ,0.54325,0,0,5432.5
00643 ,0003107,L L ,0.82,0,0,8200
00643 ,0003109,L L ,1.4372399999999999,0,0,14372.4
00643 ,0050630,L L ,0.63945,0,0,6394.5
00643 ,0027803,L L ,2.1325149999999997,0,0,21325.15
00643 ,0003110,L L ,0,0,0,0
00643 ,0003111,L L ,1.5133649999999998,0,0,15133.65
00643 ,0003112,L L ,0,0,0,0
00643 ,0003113,L L ,1.15,0,0,11500
00643 ,0003114,L L ,3.985905,0,0,39859.05
00643 ,0003115,L L ,3.8092949999999997,0,0,38092.95
00643 ,0003116,L L ,2.1944299999999997,0,0,21944.3
00643 ,0003117,L L ,0,0,0,0
00643 ,0003119,L L ,0,0,0,0
00643 ,0003120,L L ,0,0,0,0
00643 ,0003121,L L ,8.766555,0,0,87665.55
00643 ,0003122,L L ,4.24473,0,0,42447.3
00643 ,0003123,L L ,6.125525,0,0,61255.25
00643 ,0003124,L L ,4.4254,0,0,44254
00643 ,0003125,L L ,0,0,0,0
00643 ,0003127,L L ,2.9749649999999996,0,0,29749.65
00643 ,0003128,L L ,0,0,0,0
00643 ,0003129,L L ,2.1325149999999997,0,0,21325.15
00643 ,0032500,L L ,1.11853,0,0,11185.3
00643 ,0032501,L L ,4.5421249999999995,0,0,45421.25
00643 ,0033606,L L ,0,0,0,0
00643 ,0051770,L L ,0,0,0,0
00643 ,0003131,SLVS,0,0,0,0
00643 ,0003132,SLVS,0,0,0,0
00643 ,0022556,FLRS,2.1081549999999996,0,0,21081.55
00643 ,0022557,FLRS,0,0,0,0
00643 ,0094672,BATT,870.1,0,0,8700999.91
00643 ,0094673,BATT,238,0,0,2379999.98
00643 ,0097744,BATT,572,0,0,5719999.94
00643 ,0104715,BATT,572,0,0,5719999.94
00643 ,0105032,BATT,533,0,0,5329999.95
00643 ,0032589,L L ,0,0,0,0
00643 ,0032593,PHOT,0,0,0,0
00643 ,0032612,PHOT,0,0,0,0
00643 ,0032592,PHOT,0,0,0,0
00643 ,0032621,PHOT,0,0,0,0
00643 ,0032613,PHOT,0,0,0,0
00643 ,0032622,PHOT,0,0,0,0
00643 ,0032594,PHOT,0,0,0,0
00643 ,0032595,PHOT,0,0,0,0
00643 ,0032624,PHOT,0,0,0,0
00643 ,0032591,L L ,0,0,0,0
00643 ,0032629,L L ,0,0,0,0
00643 ,0032628,L L ,0,0,0,0
00643 ,0032626,PHOT,0,0,0,0
00643 ,0032625,PHOT,0,0,0,0
00643 ,0032611,PHOT,0,0,0,0
00643 ,0032597,PHOT,0,0,0,0
00643 ,0032596,PHOT,0,0,0,0
00643 ,0032627,PHOT,0,0,0,0
00643 ,0032590,L L ,0,0,0,0
00643 ,0032623,PHOT,0,0,0,0
00643 ,0093939,MIN ,0.19285,0,0,1928.5
00643 ,0060965,MIN ,0.201985,0,0,2019.85
00643 ,0034139,L L ,0.14920499999999998,0,0,1492.05
00643 ,0049420,L L ,0.20299999999999999,0,0,2030
00643 ,0034140,L L ,0,0,0,0
00643 ,0086322,L L ,0.23345,0,0,2334.5
00643 ,0093929,MIN ,0.20299999999999999,0,0,2030
00643 ,0093932,MIN ,0.20299999999999999,0,0,2030
00643 ,0052949,MIN ,0.20299999999999999,0,0,2030
00643 ,0093931,MIN ,0.20299999999999999,0,0,2030
00643 ,0093930,MIN ,0.20299999999999999,0,0,2030
00643 ,0053409,STTV,17.589949999999998,0,0,175899.5
00643 ,0053408,STTV,5.431265,0,0,54312.65
00643 ,0047315,XMAS,0,0,0,0
00643 ,0047316,XMAS,5.236384999999999,0,0,52363.85
00643 ,0050162,STFX,17.489465,0,0,174894.65
00643 ,0053186,WIRE,25.190269999999998,0,0,251902.7
00643 ,0053179,L L ,0.201985,0,0,2019.85
00712 ,0002936,LIT ,0,0,0,0
00712 ,0002937,LIT ,0,0,0,0
00712 ,0002938,LIT ,0,0,0,0
00712 ,0002939,LIT ,0,0,0,0
00712 ,0031289,LIT ,0,0,0,0
00712 ,0031842,LIT ,0,0,0,0
00712 ,0032059,LIT ,0,0,0,0
00712 ,0060488,LIT ,0,0,0,0
00712 ,0060901,LIT ,0,0,0,0
00712 ,0066318,LIT ,0,0,0,0
00712 ,0002959,LIT ,0,0,0,0
00712 ,0002970,LIT ,0.10961999999999998,0,0,1096.2
00712 ,0003005,LIT ,0.6364049999999999,0,0,6364.05
00712 ,0003009,LIT ,3.24597,0,0,32459.7
00712 ,0003010,LIT ,0.226345,0,0,2263.45
00712 ,0003013,LIT ,2.8125649999999998,0,0,28125.65
00712 ,0002936,LIT ,0,0,0,0
00712 ,0002937,LIT ,0,0,0,0
00712 ,0032907,LIT ,0,0,0,0
00712 ,0032908,LIT ,0,0,0,0
00712 ,0031289,LIT ,0,0,0,0
00712 ,0031842,LIT ,0,0,0,0
00712 ,0032059,LIT ,0,0,0,0
00712 ,0060488,LIT ,0,0,0,0
00712 ,0060901,LIT ,0,0,0,0
00712 ,0066318,LIT ,0,0,0,0
00712 ,0002959,LIT ,0,0,0,0
00712 ,0002970,LIT ,0.10961999999999998,0,0,1096.2
00712 ,0003005,LIT ,0.6364049999999999,0,0,6364.05
00712 ,0003009,LIT ,3.24597,0,0,32459.7
00712 ,0003010,LIT ,0.226345,0,0,2263.45
00712 ,0003013,LIT ,2.8125649999999998,0,0,28125.65
00712 ,0066967,LIT ,0,0,0,0
00712 ,0003029,NONE,13.554309999999997,0,0,135543.1
00712 ,0003030,FLRS,1.56,0,0,15600
00712 ,0003031,FLRS,7.41,0,0,74100
00712 ,0003032,FLRS,1.015,0,0,10150
00712 ,0046979,L L ,0.49937999999999994,0,0,4993.8
00712 ,0003033,L L ,0,0,0,0
00712 ,0003034,L L ,0,0,0,0
00712 ,0052284,L L ,0.7104999999999999,0,0,7105
00712 ,0003035,L L ,0,0,0,0
00712 ,0003036,L L ,0,0,0,0
00712 ,0003037,L L ,3.184055,0,0,31840.55
00712 ,0003038,L L ,0.7104999999999999,0,0,7105
00712 ,0003039,L L ,0.658735,0,0,6587.35
00712 ,0003040,L L ,1.6097899999999998,0,0,16097.9
00712 ,0003041,L L ,2.56,0,0,25600
00712 ,0003042,L L ,1.35,0,0,13500
00712 ,0003043,L L ,0.4770499999999999,0,0,4770.5
00712 ,0003044,L L ,0,0,0,0
00712 ,0003045,L L ,0,0,0,0
00712 ,0003046,L L ,0,0,0,0
00712 ,0024653,L L ,0.5724599999999999,0,0,5724.6
00712 ,0003047,L L ,0,0,0,0
00712 ,0036509,L L ,3.89151,0,0,38915.1
00712 ,0029717,L L ,0,0,0,0
00712 ,0034615,L L ,1.8665849999999997,0,0,18665.85
00712 ,0003048,L L ,0.8119999999999999,0,0,8120
00712 ,0003049,L L ,2.8531649999999997,0,0,28531.65
00712 ,0003050,L L ,2.225895,0,0,22258.95
00712 ,0003051,L L ,0,0,0,0
00712 ,0028043,L L ,0,0,0,0
00712 ,0052128,L L ,0,0,0,0
00712 ,0067256,L L ,0.532875,0,0,5328.75
00712 ,0003052,L L ,0,0,0,0
00712 ,0003055,L L ,1.5123499999999999,0,0,15123.5
00712 ,0003058,L L ,0.9175599999999999,0,0,9175.6
00712 ,0003059,L L ,0,0,0,0
00712 ,0003060,L L ,0.47907999999999995,0,0,4790.8
00712 ,0003061,L L ,1.93,0,0,19300
00712 ,0035807,L L ,2.5780999999999996,0,0,25781
00712 ,0003063,L L ,0,0,0,0
00712 ,0003065,L L ,0.43644999999999995,0,0,4364.5
00712 ,0047126,L L ,5.138945,0,0,51389.45
00712 ,0003066,L L ,0.43,0,0,4300
00712 ,0003067,L L ,0,0,0,0
00712 ,0003068,L L ,0,0,0,0
00712 ,0003069,L L ,0,0,0,0
00712 ,0003070,L L ,0,0,0,0
00712 ,0003071,L L ,0,0,0,0
00712 ,0032360,L L ,1.4372399999999999,0,0,14372.4
00712 ,0003073,L L ,2.99425,0,0,29942.5
00712 ,0003074,L L ,0,0,0,0
00712 ,0032261,L L ,0,0,0,0
00712 ,0033362,L L ,1.8117749999999997,0,0,18117.75
00712 ,0034288,L L ,2.367995,0,0,23679.95
00712 ,0032266,L L ,1.715,0,0,17150
00712 ,0057978,L L ,7.703849999999999,0,0,77038.5
00712 ,0049154,MIN ,1.4108499999999997,0,0,14108.5
00712 ,0003079,L L ,4.53096,0,0,45309.6
00712 ,0003080,L L ,0,0,0,0
00712 ,0029593,L L ,0,0,0,0
00712 ,0003081,L L ,1.6767799999999997,0,0,16767.8
00712 ,0022550,L L ,8.928955,0,0,89289.55
00712 ,0003083,L L ,3.312,0,0,33120
00712 ,0003084,L L ,2.0807499999999997,0,0,20807.5
00712 ,0022551,L L ,18.93178,0,0,189317.8
00712 ,0003086,L L ,1.2789,0,0,12789
00712 ,0003087,L L ,1.88,0,0,18800
00712 ,0003088,L L ,0,0,0,0
00712 ,0003089,L L ,2.3669799999999994,0,0,23669.8
00712 ,0003090,L L ,3.1444699999999997,0,0,31444.7
00712 ,0003096,L L ,3.3494999999999995,0,0,33495
00712 ,0003092,L L ,2.08,0,0,20800
00712 ,0003093,L L ,4.188904999999999,0,0,41889.05
00712 ,0003094,L L ,1.35,0,0,13500
00712 ,0003095,L L ,3.25,0,0,32500
00712 ,0028853,L L ,2.5882499999999995,0,0,25882.5
00712 ,0054122,L L ,1.5986249999999997,0,0,15986.25
00712 ,0003097,L L ,0,1,0,0
00712 ,0022552,L L ,1.1885649999999999,0,0,11885.65
00712 ,0003098,L L ,3.1058999999999997,0,0,31059
00712 ,0003099,L L ,1.6514049999999998,0,0,16514.05
00712 ,0003100,L L ,1.7792949999999996,0,0,17792.95
00712 ,0003101,L L ,1.8960199999999998,0,0,18960.2
00712 ,0068012,L L ,2.22894,0,0,22289.4
00712 ,0003102,L L ,0.9946999999999999,0,0,9947
00712 ,0036259,L L ,1.7051999999999998,0,0,17052
00712 ,0031394,L L ,3.045,0,0,30450
00712 ,0035017,L L ,0,0,0,0
00712 ,0022553,L L ,1.2981849999999997,0,0,12981.85
00712 ,0003104,L L ,2.02391,0,0,20239.1
00712 ,0031976,L L ,1.4372399999999999,0,0,14372.4
00712 ,0003105,L L ,0.54325,0,0,5432.5
00712 ,0003106,L L ,0.54325,0,0,5432.5
00712 ,0003107,L L ,0.82,0,0,8200
00712 ,0003109,L L ,1.4372399999999999,0,0,14372.4
00712 ,0050630,L L ,0.63945,0,0,6394.5
00712 ,0027803,L L ,2.1325149999999997,0,0,21325.15
00712 ,0003110,L L ,0,0,0,0
00712 ,0003111,L L ,1.5133649999999998,0,0,15133.65
00712 ,0003112,L L ,0,0,0,0
00712 ,0003113,L L ,1.15,0,0,11500
00712 ,0003114,L L ,3.985905,0,0,39859.05
00712 ,0003115,L L ,3.8092949999999997,0,0,38092.95
00712 ,0003116,L L ,2.1944299999999997,0,0,21944.3
00712 ,0003117,L L ,0,0,0,0
00712 ,0003119,L L ,0,0,0,0
00712 ,0003120,L L ,0,0,0,0
00712 ,0003121,L L ,8.766555,0,0,87665.55
00712 ,0003122,L L ,4.24473,0,0,42447.3
00712 ,0003123,L L ,6.125525,0,0,61255.25
00712 ,0003124,L L ,4.4254,0,0,44254
00712 ,0003125,L L ,0,0,0,0
00712 ,0003127,L L ,2.9749649999999996,0,0,29749.65
00712 ,0003128,L L ,0,0,0,0
00712 ,0003129,L L ,2.1325149999999997,0,0,21325.15
00712 ,0032500,L L ,1.11853,0,0,11185.3
00712 ,0032501,L L ,4.5421249999999995,0,0,45421.25
00712 ,0033606,L L ,0,0,0,0
00712 ,0051770,L L ,0,0,0,0
00712 ,0003131,SLVS,0,0,0,0
00712 ,0003132,SLVS,0,0,0,0
00712 ,0022556,FLRS,2.1081549999999996,0,0,21081.55
00712 ,0022557,FLRS,0,0,0,0
00712 ,0094672,BATT,870.1,0,0,8700999.91
00712 ,0094673,BATT,238,0,0,2379999.98
00712 ,0097744,BATT,572,0,0,5719999.94
00712 ,0104715,BATT,572,0,0,5719999.94
00712 ,0105032,BATT,533,0,0,5329999.95
00712 ,0032589,L L ,0,0,0,0
00712 ,0032593,PHOT,0,0,0,0
00712 ,0032612,PHOT,0,0,0,0
00712 ,0032592,PHOT,0,0,0,0
00712 ,0032621,PHOT,0,0,0,0
00712 ,0032613,PHOT,0,0,0,0
00712 ,0032622,PHOT,0,0,0,0
00712 ,0032594,PHOT,0,0,0,0
00712 ,0032595,PHOT,0,0,0,0
00712 ,0032624,PHOT,0,0,0,0
00712 ,0032591,L L ,0,0,0,0
00712 ,0032629,L L ,0,0,0,0
00712 ,0032628,L L ,0,0,0,0
00712 ,0032626,PHOT,0,0,0,0
00712 ,0032625,PHOT,0,0,0,0
00712 ,0032611,PHOT,0,0,0,0
00712 ,0032597,PHOT,0,0,0,0
00712 ,0032596,PHOT,0,0,0,0
00712 ,0032627,PHOT,0,0,0,0
00712 ,0032590,L L ,0,0,0,0
00712 ,0032623,PHOT,0,0,0,0
00712 ,0093939,MIN ,0.19285,0,0,1928.5
00712 ,0060965,MIN ,0.201985,0,0,2019.85
00712 ,0034139,L L ,0.14920499999999998,0,0,1492.05
00712 ,0049420,L L ,0.20299999999999999,0,0,2030
00712 ,0034140,L L ,0,0,0,0
00712 ,0086322,L L ,0.23345,0,0,2334.5
00712 ,0093929,MIN ,0.20299999999999999,0,0,2030
00712 ,0093932,MIN ,0.20299999999999999,0,0,2030
00712 ,0052949,MIN ,0.20299999999999999,0,0,2030
00712 ,0093931,MIN ,0.20299999999999999,0,0,2030
00712 ,0093930,MIN ,0.20299999999999999,0,0,2030
00712 ,0053409,STTV,17.589949999999998,0,0,175899.5
00712 ,0053408,STTV,5.431265,0,0,54312.65
00712 ,0047315,XMAS,0,0,0,0
00712 ,0047316,XMAS,5.236384999999999,0,0,52363.85
00712 ,0050162,STFX,17.489465,0,0,174894.65
00712 ,0053186,WIRE,25.190269999999998,0,0,251902.7
00712 ,0053179,L L ,0.201985,0,0,2019.85
00803 ,0002936,LIT ,0,0,0,0
00803 ,0002937,LIT ,0,0,0,0
00803 ,0002938,LIT ,0,0,0,0
00803 ,0002939,LIT ,0,0,0,0
00803 ,0031289,LIT ,0,0,0,0
00803 ,0031842,LIT ,0,0,0,0
00803 ,0032059,LIT ,0,0,0,0
00803 ,0060488,LIT ,0,0,0,0
00803 ,0060901,LIT ,0,0,0,0
00803 ,0066318,LIT ,0,0,0,0
00803 ,0002959,LIT ,0,0,0,0
00803 ,0002970,LIT ,0.10961999999999998,0,0,1096.2
00803 ,0003005,LIT ,0.6364049999999999,0,0,6364.05
00803 ,0003009,LIT ,3.24597,0,0,32459.7
00803 ,0003010,LIT ,0.226345,0,0,2263.45
00803 ,0003013,LIT ,2.8125649999999998,0,0,28125.65
00803 ,0002936,LIT ,0,0,0,0
00803 ,0002937,LIT ,0,0,0,0
00803 ,0032907,LIT ,0,0,0,0
00803 ,0032908,LIT ,0,0,0,0
00803 ,0031289,LIT ,0,0,0,0
00803 ,0031842,LIT ,0,0,0,0
00803 ,0032059,LIT ,0,0,0,0
00803 ,0060488,LIT ,0,0,0,0
00803 ,0060901,LIT ,0,0,0,0
00803 ,0066318,LIT ,0,0,0,0
00803 ,0002959,LIT ,0,0,0,0
00803 ,0002970,LIT ,0.10961999999999998,0,0,1096.2
00803 ,0003005,LIT ,0.6364049999999999,0,0,6364.05
00803 ,0003009,LIT ,3.24597,0,0,32459.7
00803 ,0003010,LIT ,0.226345,0,0,2263.45
00803 ,0003013,LIT ,2.8125649999999998,0,0,28125.65
00803 ,0066967,LIT ,0,0,0,0
00803 ,0003029,NONE,13.554309999999997,0,0,135543.1
00803 ,0003030,FLRS,1.56,0,0,15600
00803 ,0003031,FLRS,7.41,0,0,74100
00803 ,0003032,FLRS,1.015,0,0,10150
00803 ,0046979,L L ,0.49937999999999994,0,0,4993.8
00803 ,0003033,L L ,0,0,0,0
00803 ,0003034,L L ,0,0,0,0
00803 ,0052284,L L ,0.7104999999999999,0,0,7105
00803 ,0003035,L L ,0,0,0,0
00803 ,0003036,L L ,0,0,0,0
00803 ,0003037,L L ,3.184055,0,0,31840.55
00803 ,0003038,L L ,0.7104999999999999,0,0,7105
00803 ,0003039,L L ,0.658735,0,0,6587.35
00803 ,0003040,L L ,1.6097899999999998,0,0,16097.9
00803 ,0003041,L L ,2.56,0,0,25600
00803 ,0003042,L L ,1.35,0,0,13500
00803 ,0003043,L L ,0.4770499999999999,0,0,4770.5
00803 ,0003044,L L ,0,0,0,0
00803 ,0003045,L L ,0,0,0,0
00803 ,0003046,L L ,0,0,0,0
00803 ,0024653,L L ,0.5724599999999999,0,0,5724.6
00803 ,0003047,L L ,0,0,0,0
00803 ,0036509,L L ,3.89151,0,0,38915.1
00803 ,0029717,L L ,0,0,0,0
00803 ,0034615,L L ,1.8665849999999997,0,0,18665.85
00803 ,0003048,L L ,0.8119999999999999,0,0,8120
00803 ,0003049,L L ,2.8531649999999997,0,0,28531.65
00803 ,0003050,L L ,2.225895,0,0,22258.95
00803 ,0003051,L L ,0,0,0,0
00803 ,0028043,L L ,0,0,0,0
00803 ,0052128,L L ,0,0,0,0
00803 ,0067256,L L ,0.532875,0,0,5328.75
00803 ,0003052,L L ,0,0,0,0
00803 ,0003055,L L ,1.5123499999999999,0,0,15123.5
00803 ,0003058,L L ,0.9175599999999999,0,0,9175.6
00803 ,0003059,L L ,0,0,0,0
00803 ,0003060,L L ,0.47907999999999995,0,0,4790.8
00803 ,0003061,L L ,1.93,0,0,19300
00803 ,0035807,L L ,2.5780999999999996,0,0,25781
00803 ,0003063,L L ,0,0,0,0
00803 ,0003065,L L ,0.43644999999999995,0,0,4364.5
00803 ,0047126,L L ,5.138945,0,0,51389.45
00803 ,0003066,L L ,0.43,0,0,4300
00803 ,0003067,L L ,0,0,0,0
00803 ,0003068,L L ,0,0,0,0
00803 ,0003069,L L ,0,0,0,0
00803 ,0003070,L L ,0,0,0,0
00803 ,0003071,L L ,0,0,0,0
00803 ,0032360,L L ,1.4372399999999999,0,0,14372.4
00803 ,0003073,L L ,2.99425,0,0,29942.5
00803 ,0003074,L L ,0,0,0,0
00803 ,0032261,L L ,0,0,0,0
00803 ,0033362,L L ,1.8117749999999997,0,0,18117.75
00803 ,0034288,L L ,2.367995,0,0,23679.95
00803 ,0032266,L L ,1.715,0,0,17150
00803 ,0057978,L L ,7.703849999999999,0,0,77038.5
00803 ,0049154,MIN ,1.4108499999999997,0,0,14108.5
00803 ,0003079,L L ,4.53096,0,0,45309.6
00803 ,0003080,L L ,0,0,0,0
00803 ,0029593,L L ,0,0,0,0
00803 ,0003081,L L ,1.6767799999999997,0,0,16767.8
00803 ,0022550,L L ,8.928955,0,0,89289.55
00803 ,0003083,L L ,3.312,0,0,33120
00803 ,0003084,L L ,2.0807499999999997,0,0,20807.5
00803 ,0022551,L L ,18.93178,0,0,189317.8
00803 ,0003086,L L ,1.2789,0,0,12789
00803 ,0003087,L L ,1.88,0,0,18800
00803 ,0003088,L L ,0,0,0,0
00803 ,0003089,L L ,2.3669799999999994,0,0,23669.8
00803 ,0003090,L L ,3.1444699999999997,0,0,31444.7
00803 ,0003096,L L ,3.3494999999999995,0,0,33495
00803 ,0003092,L L ,2.08,0,0,20800
00803 ,0003093,L L ,4.188904999999999,0,0,41889.05
00803 ,0003094,L L ,1.35,0,0,13500
00803 ,0003095,L L ,3.25,0,0,32500
00803 ,0028853,L L ,2.5882499999999995,0,0,25882.5
00803 ,0054122,L L ,1.5986249999999997,0,0,15986.25
00803 ,0003097,L L ,0,1,0,0
00803 ,0022552,L L ,1.1885649999999999,0,0,11885.65
00803 ,0003098,L L ,3.1058999999999997,0,0,31059
00803 ,0003099,L L ,1.6514049999999998,0,0,16514.05
00803 ,0003100,L L ,1.7792949999999996,0,0,17792.95
00803 ,0003101,L L ,1.8960199999999998,0,0,18960.2
00803 ,0068012,L L ,2.22894,0,0,22289.4
00803 ,0003102,L L ,0.9946999999999999,0,0,9947
00803 ,0036259,L L ,1.7051999999999998,0,0,17052
00803 ,0031394,L L ,3.045,0,0,30450
00803 ,0035017,L L ,0,0,0,0
00803 ,0022553,L L ,1.2981849999999997,0,0,12981.85
00803 ,0003104,L L ,2.02391,0,0,20239.1
00803 ,0031976,L L ,1.4372399999999999,0,0,14372.4
00803 ,0003105,L L ,0.54325,0,0,5432.5
00803 ,0003106,L L ,0.54325,0,0,5432.5
00803 ,0003107,L L ,0.82,0,0,8200
00803 ,0003109,L L ,1.4372399999999999,0,0,14372.4
00803 ,0050630,L L ,0.63945,0,0,6394.5
00803 ,0027803,L L ,2.1325149999999997,0,0,21325.15
00803 ,0003110,L L ,0,0,0,0
00803 ,0003111,L L ,1.5133649999999998,0,0,15133.65
00803 ,0003112,L L ,0,0,0,0
00803 ,0003113,L L ,1.15,0,0,11500
00803 ,0003114,L L ,3.985905,0,0,39859.05
00803 ,0003115,L L ,3.8092949999999997,0,0,38092.95
00803 ,0003116,L L ,2.1944299999999997,0,0,21944.3
00803 ,0003117,L L ,0,0,0,0
00803 ,0003119,L L ,0,0,0,0
00803 ,0003120,L L ,0,0,0,0
00803 ,0003121,L L ,8.766555,0,0,87665.55
00803 ,0003122,L L ,4.24473,0,0,42447.3
00803 ,0003123,L L ,6.125525,0,0,61255.25
00803 ,0003124,L L ,4.4254,0,0,44254
00803 ,0003125,L L ,0,0,0,0
00803 ,0003127,L L ,2.9749649999999996,0,0,29749.65
00803 ,0003128,L L ,0,0,0,0
00803 ,0003129,L L ,2.1325149999999997,0,0,21325.15
00803 ,0032500,L L ,1.11853,0,0,11185.3
00803 ,0032501,L L ,4.5421249999999995,0,0,45421.25
00803 ,0033606,L L ,0,0,0,0
00803 ,0051770,L L ,0,0,0,0
00803 ,0003131,SLVS,0,0,0,0
00803 ,0003132,SLVS,0,0,0,0
00803 ,0022556,FLRS,2.1081549999999996,0,0,21081.55
00803 ,0022557,FLRS,0,0,0,0
00803 ,0094672,BATT,870.1,0,0,8700999.91
00803 ,0094673,BATT,238,0,0,2379999.98
00803 ,0097744,BATT,572,0,0,5719999.94
00803 ,0104715,BATT,572,0,0,5719999.94
00803 ,0105032,BATT,533,0,0,5329999.95
00803 ,0032589,L L ,0,0,0,0
00803 ,0032593,PHOT,0,0,0,0
00803 ,0032612,PHOT,0,0,0,0
00803 ,0032592,PHOT,0,0,0,0
00803 ,0032621,PHOT,0,0,0,0
00803 ,0032613,PHOT,0,0,0,0
00803 ,0032622,PHOT,0,0,0,0
00803 ,0032594,PHOT,0,0,0,0
00803 ,0032595,PHOT,0,0,0,0
00803 ,0032624,PHOT,0,0,0,0
00803 ,0032591,L L ,0,0,0,0
00803 ,0032629,L L ,0,0,0,0
00803 ,0032628,L L ,0,0,0,0
00803 ,0032626,PHOT,0,0,0,0
00803 ,0032625,PHOT,0,0,0,0
00803 ,0032611,PHOT,0,0,0,0
00803 ,0032597,PHOT,0,0,0,0
00803 ,0032596,PHOT,0,0,0,0
00803 ,0032627,PHOT,0,0,0,0
00803 ,0032590,L L ,0,0,0,0
00803 ,0032623,PHOT,0,0,0,0
00803 ,0093939,MIN ,0.19285,0,0,1928.5
00803 ,0060965,MIN ,0.201985,0,0,2019.85
00803 ,0034139,L L ,0.14920499999999998,0,0,1492.05
00803 ,0049420,L L ,0.20299999999999999,0,0,2030
00803 ,0034140,L L ,0,0,0,0
00803 ,0086322,L L ,0.23345,0,0,2334.5
00803 ,0093929,MIN ,0.20299999999999999,0,0,2030
00803 ,0093932,MIN ,0.20299999999999999,0,0,2030
00803 ,0052949,MIN ,0.20299999999999999,0,0,2030
00803 ,0093931,MIN ,0.20299999999999999,0,0,2030
00803 ,0093930,MIN ,0.20299999999999999,0,0,2030
00803 ,0053409,STTV,17.589949999999998,0,0,175899.5
00803 ,0053408,STTV,5.431265,0,0,54312.65
00803 ,0047315,XMAS,0,0,0,0
00803 ,0047316,XMAS,5.236384999999999,0,0,52363.85
00803 ,0050162,STFX,17.489465,0,0,174894.65
00803 ,0053186,WIRE,25.190269999999998,0,0,251902.7
00803 ,0053179,L L ,0.201985,0,0,2019.85
00808 ,0002936,LIT ,0,0,0,0
00808 ,0002937,LIT ,0,0,0,0
00808 ,0002938,LIT ,0,0,0,0
00808 ,0002939,LIT ,0,0,0,0
00808 ,0031289,LIT ,0,0,0,0
00808 ,0031842,LIT ,0,0,0,0
00808 ,0032059,LIT ,0,0,0,0
00808 ,0060488,LIT ,0,0,0,0
00808 ,0060901,LIT ,0,0,0,0
00808 ,0066318,LIT ,0,0,0,0
00808 ,0002959,LIT ,0,0,0,0
00808 ,0002970,LIT ,0.10961999999999998,0,0,1096.2
00808 ,0003005,LIT ,0.6364049999999999,0,0,6364.05
00808 ,0003009,LIT ,3.24597,0,0,32459.7
00808 ,0003010,LIT ,0.226345,0,0,2263.45
00808 ,0003013,LIT ,2.8125649999999998,0,0,28125.65
00808 ,0002936,LIT ,0,0,0,0
00808 ,0002937,LIT ,0,0,0,0
00808 ,0032907,LIT ,0,0,0,0
00808 ,0032908,LIT ,0,0,0,0
00808 ,0031289,LIT ,0,0,0,0
00808 ,0031842,LIT ,0,0,0,0
00808 ,0032059,LIT ,0,0,0,0
00808 ,0060488,LIT ,0,0,0,0
00808 ,0060901,LIT ,0,0,0,0
00808 ,0066318,LIT ,0,0,0,0
00808 ,0002959,LIT ,0,0,0,0
00808 ,0002970,LIT ,0.10961999999999998,0,0,1096.2
00808 ,0003005,LIT ,0.6364049999999999,0,0,6364.05
00808 ,0003009,LIT ,3.24597,0,0,32459.7
00808 ,0003010,LIT ,0.226345,0,0,2263.45
00808 ,0003013,LIT ,2.8125649999999998,0,0,28125.65
00808 ,0066967,LIT ,0,0,0,0
00808 ,0003029,NONE,13.554309999999997,0,0,135543.1
00808 ,0003030,FLRS,1.56,0,0,15600
00808 ,0003031,FLRS,7.41,0,0,74100
00808 ,0003032,FLRS,1.015,0,0,10150
00808 ,0046979,L L ,0.49937999999999994,0,0,4993.8
00808 ,0003033,L L ,0,0,0,0
00808 ,0003034,L L ,0,0,0,0
00808 ,0052284,L L ,0.7104999999999999,0,0,7105
00808 ,0003035,L L ,0,0,0,0
00808 ,0003036,L L ,0,0,0,0
00808 ,0003037,L L ,3.184055,0,0,31840.55
00808 ,0003038,L L ,0.7104999999999999,0,0,7105
00808 ,0003039,L L ,0.658735,0,0,6587.35
00808 ,0003040,L L ,1.6097899999999998,0,0,16097.9
00808 ,0003041,L L ,2.56,0,0,25600
00808 ,0003042,L L ,1.35,0,0,13500
00808 ,0003043,L L ,0.4770499999999999,0,0,4770.5
00808 ,0003044,L L ,0,0,0,0
00808 ,0003045,L L ,0,0,0,0
00808 ,0003046,L L ,0,0,0,0
00808 ,0024653,L L ,0.5724599999999999,0,0,5724.6
00808 ,0003047,L L ,0,0,0,0
00808 ,0036509,L L ,3.89151,0,0,38915.1
00808 ,0029717,L L ,0,0,0,0
00808 ,0034615,L L ,1.8665849999999997,0,0,18665.85
00808 ,0003048,L L ,0.8119999999999999,0,0,8120
00808 ,0003049,L L ,2.8531649999999997,0,0,28531.65
00808 ,0003050,L L ,2.225895,0,0,22258.95
00808 ,0003051,L L ,0,0,0,0
00808 ,0028043,L L ,0,0,0,0
00808 ,0052128,L L ,0,0,0,0
00808 ,0067256,L L ,0.532875,0,0,5328.75
00808 ,0003052,L L ,0,0,0,0
00808 ,0003055,L L ,1.5123499999999999,0,0,15123.5
00808 ,0003058,L L ,0.9175599999999999,0,0,9175.6
00808 ,0003059,L L ,0,0,0,0
00808 ,0003060,L L ,0.47907999999999995,0,0,4790.8
00808 ,0003061,L L ,1.93,0,0,19300
00808 ,0035807,L L ,2.5780999999999996,0,0,25781
00808 ,0003063,L L ,0,0,0,0
00808 ,0003065,L L ,0.43644999999999995,0,0,4364.5
00808 ,0047126,L L ,5.138945,0,0,51389.45
00808 ,0003066,L L ,0.43,0,0,4300
00808 ,0003067,L L ,0,0,0,0
00808 ,0003068,L L ,0,0,0,0
00808 ,0003069,L L ,0,0,0,0
00808 ,0003070,L L ,0,0,0,0
00808 ,0003071,L L ,0,0,0,0
00808 ,0032360,L L ,1.4372399999999999,0,0,14372.4
00808 ,0003073,L L ,2.99425,0,0,29942.5
00808 ,0003074,L L ,0,0,0,0
00808 ,0032261,L L ,0,0,0,0
00808 ,0033362,L L ,1.8117749999999997,0,0,18117.75
00808 ,0034288,L L ,2.367995,0,0,23679.95
00808 ,0032266,L L ,1.715,0,0,17150
00808 ,0057978,L L ,7.703849999999999,0,0,77038.5
00808 ,0049154,MIN ,1.4108499999999997,0,0,14108.5
00808 ,0003079,L L ,4.53096,0,0,45309.6
00808 ,0003080,L L ,0,0,0,0
00808 ,0029593,L L ,0,0,0,0
00808 ,0003081,L L ,1.6767799999999997,0,0,16767.8
00808 ,0022550,L L ,8.928955,0,0,89289.55
00808 ,0003083,L L ,3.312,0,0,33120
00808 ,0003084,L L ,2.0807499999999997,0,0,20807.5
00808 ,0022551,L L ,18.93178,0,0,189317.8
00808 ,0003086,L L ,1.2789,0,0,12789
00808 ,0003087,L L ,1.88,0,0,18800
00808 ,0003088,L L ,0,0,0,0
00808 ,0003089,L L ,2.3669799999999994,0,0,23669.8
00808 ,0003090,L L ,3.1444699999999997,0,0,31444.7
00808 ,0003096,L L ,3.3494999999999995,0,0,33495
00808 ,0003092,L L ,2.08,0,0,20800
00808 ,0003093,L L ,4.188904999999999,0,0,41889.05
00808 ,0003094,L L ,1.35,0,0,13500
00808 ,0003095,L L ,3.25,0,0,32500
00808 ,0028853,L L ,2.5882499999999995,0,0,25882.5
00808 ,0054122,L L ,1.5986249999999997,0,0,15986.25
00808 ,0003097,L L ,0,1,0,0
00808 ,0022552,L L ,1.1885649999999999,0,0,11885.65
00808 ,0003098,L L ,3.1058999999999997,0,0,31059
00808 ,0003099,L L ,1.6514049999999998,0,0,16514.05
00808 ,0003100,L L ,1.7792949999999996,0,0,17792.95
00808 ,0003101,L L ,1.8960199999999998,0,0,18960.2
00808 ,0068012,L L ,2.22894,0,0,22289.4
00808 ,0003102,L L ,0.9946999999999999,0,0,9947
00808 ,0036259,L L ,1.7051999999999998,0,0,17052
00808 ,0031394,L L ,3.045,0,0,30450
00808 ,0035017,L L ,0,0,0,0
00808 ,0022553,L L ,1.2981849999999997,0,0,12981.85
00808 ,0003104,L L ,2.02391,0,0,20239.1
00808 ,0031976,L L ,1.4372399999999999,0,0,14372.4
00808 ,0003105,L L ,0.54325,0,0,5432.5
00808 ,0003106,L L ,0.54325,0,0,5432.5
00808 ,0003107,L L ,0.82,0,0,8200
00808 ,0003109,L L ,1.4372399999999999,0,0,14372.4
00808 ,0050630,L L ,0.63945,0,0,6394.5
00808 ,0027803,L L ,2.1325149999999997,0,0,21325.15
00808 ,0003110,L L ,0,0,0,0
00808 ,0003111,L L ,1.5133649999999998,0,0,15133.65
00808 ,0003112,L L ,0,0,0,0
00808 ,0003113,L L ,1.15,0,0,11500
00808 ,0003114,L L ,3.985905,0,0,39859.05
00808 ,0003115,L L ,3.8092949999999997,0,0,38092.95
00808 ,0003116,L L ,2.1944299999999997,0,0,21944.3
00808 ,0003117,L L ,0,0,0,0
00808 ,0003119,L L ,0,0,0,0
00808 ,0003120,L L ,0,0,0,0
00808 ,0003121,L L ,8.766555,0,0,87665.55
00808 ,0003122,L L ,4.24473,0,0,42447.3
00808 ,0003123,L L ,6.125525,0,0,61255.25
00808 ,0003124,L L ,4.4254,0,0,44254
00808 ,0003125,L L ,0,0,0,0
00808 ,0003127,L L ,2.9749649999999996,0,0,29749.65
00808 ,0003128,L L ,0,0,0,0
00808 ,0003129,L L ,2.1325149999999997,0,0,21325.15
00808 ,0032500,L L ,1.11853,0,0,11185.3
00808 ,0032501,L L ,4.5421249999999995,0,0,45421.25
00808 ,0033606,L L ,0,0,0,0
00808 ,0051770,L L ,0,0,0,0
00808 ,0003131,SLVS,0,0,0,0
00808 ,0003132,SLVS,0,0,0,0
00808 ,0022556,FLRS,2.1081549999999996,0,0,21081.55
00808 ,0022557,FLRS,0,0,0,0
00808 ,0094672,BATT,870.1,0,0,8700999.91
00808 ,0094673,BATT,238,0,0,2379999.98
00808 ,0097744,BATT,572,0,0,5719999.94
00808 ,0104715,BATT,572,0,0,5719999.94
00808 ,0105032,BATT,533,0,0,5329999.95
00808 ,0032589,L L ,0,0,0,0
00808 ,0032593,PHOT,0,0,0,0
00808 ,0032612,PHOT,0,0,0,0
00808 ,0032592,PHOT,0,0,0,0
00808 ,0032621,PHOT,0,0,0,0
00808 ,0032613,PHOT,0,0,0,0
00808 ,0032622,PHOT,0,0,0,0
00808 ,0032594,PHOT,0,0,0,0
00808 ,0032595,PHOT,0,0,0,0
00808 ,0032624,PHOT,0,0,0,0
00808 ,0032591,L L ,0,0,0,0
00808 ,0032629,L L ,0,0,0,0
00808 ,0032628,L L ,0,0,0,0
00808 ,0032626,PHOT,0,0,0,0
00808 ,0032625,PHOT,0,0,0,0
00808 ,0032611,PHOT,0,0,0,0
00808 ,0032597,PHOT,0,0,0,0
00808 ,0032596,PHOT,0,0,0,0
00808 ,0032627,PHOT,0,0,0,0
00808 ,0032590,L L ,0,0,0,0
00808 ,0032623,PHOT,0,0,0,0
00808 ,0093939,MIN ,0.19285,0,0,1928.5
00808 ,0060965,MIN ,0.201985,0,0,2019.85
00808 ,0034139,L L ,0.14920499999999998,0,0,1492.05
00808 ,0049420,L L ,0.20299999999999999,0,0,2030
00808 ,0034140,L L ,0,0,0,0
00808 ,0086322,L L ,0.23345,0,0,2334.5
00808 ,0093929,MIN ,0.20299999999999999,0,0,2030
00808 ,0093932,MIN ,0.20299999999999999,0,0,2030
00808 ,0052949,MIN ,0.20299999999999999,0,0,2030
00808 ,0093931,MIN ,0.20299999999999999,0,0,2030
00808 ,0093930,MIN ,0.20299999999999999,0,0,2030
00808 ,0053409,STTV,17.589949999999998,0,0,175899.5
00808 ,0053408,STTV,5.431265,0,0,54312.65
00808 ,0047315,XMAS,0,0,0,0
00808 ,0047316,XMAS,5.236384999999999,0,0,52363.85
00808 ,0050162,STFX,17.489465,0,0,174894.65
00808 ,0053186,WIRE,25.190269999999998,0,0,251902.7
00808 ,0053179,L L ,0.201985,0,0,2019.85
00845 ,0002936,LIT ,0,0,0,0
00845 ,0002937,LIT ,0,0,0,0
00845 ,0002938,LIT ,0,0,0,0
00845 ,0002939,LIT ,0,0,0,0
00845 ,0031289,LIT ,0,0,0,0
00845 ,0031842,LIT ,0,0,0,0
00845 ,0032059,LIT ,0,0,0,0
00845 ,0060488,LIT ,0,0,0,0
00845 ,0060901,LIT ,0,0,0,0
00845 ,0066318,LIT ,0,0,0,0
00845 ,0002959,LIT ,0,0,0,0
00845 ,0002970,LIT ,0.10961999999999998,0,0,1096.2
00845 ,0003005,LIT ,0.6364049999999999,0,0,6364.05
00845 ,0003009,LIT ,3.24597,0,0,32459.7
00845 ,0003010,LIT ,0.226345,0,0,2263.45
00845 ,0003013,LIT ,2.8125649999999998,0,0,28125.65
00845 ,0002936,LIT ,0,0,0,0
00845 ,0002937,LIT ,0,0,0,0
00845 ,0032907,LIT ,0,0,0,0
00845 ,0032908,LIT ,0,0,0,0
00845 ,0031289,LIT ,0,0,0,0
00845 ,0031842,LIT ,0,0,0,0
00845 ,0032059,LIT ,0,0,0,0
00845 ,0060488,LIT ,0,0,0,0
00845 ,0060901,LIT ,0,0,0,0
00845 ,0066318,LIT ,0,0,0,0
00845 ,0002959,LIT ,0,0,0,0
00845 ,0002970,LIT ,0.10961999999999998,0,0,1096.2
00845 ,0003005,LIT ,0.6364049999999999,0,0,6364.05
00845 ,0003009,LIT ,3.24597,0,0,32459.7
00845 ,0003010,LIT ,0.226345,0,0,2263.45
00845 ,0003013,LIT ,2.8125649999999998,0,0,28125.65
00845 ,0066967,LIT ,0,0,0,0
00845 ,0003029,NONE,13.554309999999997,0,0,135543.1
00845 ,0003030,FLRS,1.56,0,0,15600
00845 ,0003031,FLRS,7.41,0,0,74100
00845 ,0003032,FLRS,1.015,0,0,10150
00845 ,0046979,L L ,0.49937999999999994,0,0,4993.8
00845 ,0003033,L L ,0,0,0,0
00845 ,0003034,L L ,0,0,0,0
00845 ,0052284,L L ,0.7104999999999999,0,0,7105
00845 ,0003035,L L ,0,0,0,0
00845 ,0003036,L L ,0,0,0,0
00845 ,0003037,L L ,3.184055,0,0,31840.55
00845 ,0003038,L L ,0.7104999999999999,0,0,7105
00845 ,0003039,L L ,0.658735,0,0,6587.35
00845 ,0003040,L L ,1.6097899999999998,0,0,16097.9
00845 ,0003041,L L ,2.56,0,0,25600
00845 ,0003042,L L ,1.35,0,0,13500
00845 ,0003043,L L ,0.4770499999999999,0,0,4770.5
00845 ,0003044,L L ,0,0,0,0
00845 ,0003045,L L ,0,0,0,0
00845 ,0003046,L L ,0,0,0,0
00845 ,0024653,L L ,0.5724599999999999,0,0,5724.6
00845 ,0003047,L L ,0,0,0,0
00845 ,0036509,L L ,3.89151,0,0,38915.1
00845 ,0029717,L L ,0,0,0,0
00845 ,0034615,L L ,1.8665849999999997,0,0,18665.85
00845 ,0003048,L L ,0.8119999999999999,0,0,8120
00845 ,0003049,L L ,2.8531649999999997,0,0,28531.65
00845 ,0003050,L L ,2.225895,0,0,22258.95
00845 ,0003051,L L ,0,0,0,0
00845 ,0028043,L L ,0,0,0,0
00845 ,0052128,L L ,0,0,0,0
00845 ,0067256,L L ,0.532875,0,0,5328.75
00845 ,0003052,L L ,0,0,0,0
00845 ,0003055,L L ,1.5123499999999999,0,0,15123.5
00845 ,0003058,L L ,0.9175599999999999,0,0,9175.6
00845 ,0003059,L L ,0,0,0,0
00845 ,0003060,L L ,0.47907999999999995,0,0,4790.8
00845 ,0003061,L L ,1.93,0,0,19300
00845 ,0035807,L L ,2.5780999999999996,0,0,25781
00845 ,0003063,L L ,0,0,0,0
00845 ,0003065,L L ,0.43644999999999995,0,0,4364.5
00845 ,0047126,L L ,5.138945,0,0,51389.45
00845 ,0003066,L L ,0.43,0,0,4300
00845 ,0003067,L L ,0,0,0,0
00845 ,0003068,L L ,0,0,0,0
00845 ,0003069,L L ,0,0,0,0
00845 ,0003070,L L ,0,0,0,0
00845 ,0003071,L L ,0,0,0,0
00845 ,0032360,L L ,1.4372399999999999,0,0,14372.4
00845 ,0003073,L L ,2.99425,0,0,29942.5
00845 ,0003074,L L ,0,0,0,0
00845 ,0032261,L L ,0,0,0,0
00845 ,0033362,L L ,1.8117749999999997,0,0,18117.75
00845 ,0034288,L L ,2.367995,0,0,23679.95
00845 ,0032266,L L ,1.715,0,0,17150
00845 ,0057978,L L ,7.703849999999999,0,0,77038.5
00845 ,0049154,MIN ,1.4108499999999997,0,0,14108.5
00845 ,0003079,L L ,4.53096,0,0,45309.6
00845 ,0003080,L L ,0,0,0,0
00845 ,0029593,L L ,0,0,0,0
00845 ,0003081,L L ,1.6767799999999997,0,0,16767.8
00845 ,0022550,L L ,8.928955,0,0,89289.55
00845 ,0003083,L L ,3.312,0,0,33120
00845 ,0003084,L L ,2.0807499999999997,0,0,20807.5
00845 ,0022551,L L ,18.93178,0,0,189317.8
00845 ,0003086,L L ,1.2789,0,0,12789
00845 ,0003087,L L ,1.88,0,0,18800
00845 ,0003088,L L ,0,0,0,0
00845 ,0003089,L L ,2.3669799999999994,0,0,23669.8
00845 ,0003090,L L ,3.1444699999999997,0,0,31444.7
00845 ,0003096,L L ,3.3494999999999995,0,0,33495
00845 ,0003092,L L ,2.08,0,0,20800
00845 ,0003093,L L ,4.188904999999999,0,0,41889.05
00845 ,0003094,L L ,1.35,0,0,13500
00845 ,0003095,L L ,3.25,0,0,32500
00845 ,0028853,L L ,2.5882499999999995,0,0,25882.5
00845 ,0054122,L L ,1.5986249999999997,0,0,15986.25
00845 ,0003097,L L ,0,1,0,0
00845 ,0022552,L L ,1.1885649999999999,0,0,11885.65
00845 ,0003098,L L ,3.1058999999999997,0,0,31059
00845 ,0003099,L L ,1.6514049999999998,0,0,16514.05
00845 ,0003100,L L ,1.7792949999999996,0,0,17792.95
00845 ,0003101,L L ,1.8960199999999998,0,0,18960.2
00845 ,0068012,L L ,2.22894,0,0,22289.4
00845 ,0003102,L L ,0.9946999999999999,0,0,9947
00845 ,0036259,L L ,1.7051999999999998,0,0,17052
00845 ,0031394,L L ,3.045,0,0,30450
00845 ,0035017,L L ,0,0,0,0
00845 ,0022553,L L ,1.2981849999999997,0,0,12981.85
00845 ,0003104,L L ,2.02391,0,0,20239.1
00845 ,0031976,L L ,1.4372399999999999,0,0,14372.4
00845 ,0003105,L L ,0.54325,0,0,5432.5
00845 ,0003106,L L ,0.54325,0,0,5432.5
00845 ,0003107,L L ,0.82,0,0,8200
00845 ,0003109,L L ,1.4372399999999999,0,0,14372.4
00845 ,0050630,L L ,0.63945,0,0,6394.5
00845 ,0027803,L L ,2.1325149999999997,0,0,21325.15
00845 ,0003110,L L ,0,0,0,0
00845 ,0003111,L L ,1.5133649999999998,0,0,15133.65
00845 ,0003112,L L ,0,0,0,0
00845 ,0003113,L L ,1.15,0,0,11500
00845 ,0003114,L L ,3.985905,0,0,39859.05
00845 ,0003115,L L ,3.8092949999999997,0,0,38092.95
00845 ,0003116,L L ,2.1944299999999997,0,0,21944.3
00845 ,0003117,L L ,0,0,0,0
00845 ,0003119,L L ,0,0,0,0
00845 ,0003120,L L ,0,0,0,0
00845 ,0003121,L L ,8.766555,0,0,87665.55
00845 ,0003122,L L ,4.24473,0,0,42447.3
00845 ,0003123,L L ,6.125525,0,0,61255.25
00845 ,0003124,L L ,4.4254,0,0,44254
00845 ,0003125,L L ,0,0,0,0
00845 ,0003127,L L ,2.9749649999999996,0,0,29749.65
00845 ,0003128,L L ,0,0,0,0
00845 ,0003129,L L ,2.1325149999999997,0,0,21325.15
00845 ,0032500,L L ,1.11853,0,0,11185.3
00845 ,0032501,L L ,4.5421249999999995,0,0,45421.25
00845 ,0033606,L L ,0,0,0,0
00845 ,0051770,L L ,0,0,0,0
00845 ,0003131,SLVS,0,0,0,0
00845 ,0003132,SLVS,0,0,0,0
00845 ,0022556,FLRS,2.1081549999999996,0,0,21081.55
00845 ,0022557,FLRS,0,0,0,0
00845 ,0094672,BATT,870.1,0,0,8700999.91
00845 ,0094673,BATT,238,0,0,2379999.98
00845 ,0097744,BATT,572,0,0,5719999.94
00845 ,0104715,BATT,572,0,0,5719999.94
00845 ,0105032,BATT,533,0,0,5329999.95
00845 ,0032589,L L ,0,0,0,0
00845 ,0032593,PHOT,0,0,0,0
00845 ,0032612,PHOT,0,0,0,0
00845 ,0032592,PHOT,0,0,0,0
00845 ,0032621,PHOT,0,0,0,0
00845 ,0032613,PHOT,0,0,0,0
00845 ,0032622,PHOT,0,0,0,0
00845 ,0032594,PHOT,0,0,0,0
00845 ,0032595,PHOT,0,0,0,0
00845 ,0032624,PHOT,0,0,0,0
00845 ,0032591,L L ,0,0,0,0
00845 ,0032629,L L ,0,0,0,0
00845 ,0032628,L L ,0,0,0,0
00845 ,0032626,PHOT,0,0,0,0
00845 ,0032625,PHOT,0,0,0,0
00845 ,0032611,PHOT,0,0,0,0
00845 ,0032597,PHOT,0,0,0,0
00845 ,0032596,PHOT,0,0,0,0
00845 ,0032627,PHOT,0,0,0,0
00845 ,0032590,L L ,0,0,0,0
00845 ,0032623,PHOT,0,0,0,0
00845 ,0093939,MIN ,0.19285,0,0,1928.5
00845 ,0060965,MIN ,0.201985,0,0,2019.85
00845 ,0034139,L L ,0.14920499999999998,0,0,1492.05
00845 ,0049420,L L ,0.20299999999999999,0,0,2030
00845 ,0034140,L L ,0,0,0,0
00845 ,0086322,L L ,0.23345,0,0,2334.5
00845 ,0093929,MIN ,0.20299999999999999,0,0,2030
00845 ,0093932,MIN ,0.20299999999999999,0,0,2030
00845 ,0052949,MIN ,0.20299999999999999,0,0,2030
00845 ,0093931,MIN ,0.20299999999999999,0,0,2030
00845 ,0093930,MIN ,0.20299999999999999,0,0,2030
00845 ,0053409,STTV,17.589949999999998,0,0,175899.5
00845 ,0053408,STTV,5.431265,0,0,54312.65
00845 ,0047315,XMAS,0,0,0,0
00845 ,0047316,XMAS,5.236384999999999,0,0,52363.85
00845 ,0050162,STFX,17.489465,0,0,174894.65
00845 ,0053186,WIRE,25.190269999999998,0,0,251902.7
00845 ,0053179,L L ,0.201985,0,0,2019.85
01050 ,0002936,LIT ,0,0,0,0
01050 ,0002937,LIT ,0,0,0,0
01050 ,0002938,LIT ,0,0,0,0
01050 ,0002939,LIT ,0,0,0,0
01050 ,0031289,LIT ,0,0,0,0
01050 ,0031842,LIT ,0,0,0,0
01050 ,0032059,LIT ,0,0,0,0
01050 ,0060488,LIT ,0,0,0,0
01050 ,0060901,LIT ,0,0,0,0
01050 ,0066318,LIT ,0,0,0,0
01050 ,0002959,LIT ,0,0,0,0
01050 ,0002970,LIT ,0.10961999999999998,0,0,1096.2
01050 ,0003005,LIT ,0.6364049999999999,0,0,6364.05
01050 ,0003009,LIT ,3.24597,0,0,32459.7
01050 ,0003010,LIT ,0.226345,0,0,2263.45
01050 ,0003013,LIT ,2.8125649999999998,0,0,28125.65
01050 ,0002936,LIT ,0,0,0,0
01050 ,0002937,LIT ,0,0,0,0
01050 ,0032907,LIT ,0,0,0,0
01050 ,0032908,LIT ,0,0,0,0
01050 ,0031289,LIT ,0,0,0,0
01050 ,0031842,LIT ,0,0,0,0
01050 ,0032059,LIT ,0,0,0,0
01050 ,0060488,LIT ,0,0,0,0
01050 ,0060901,LIT ,0,0,0,0
01050 ,0066318,LIT ,0,0,0,0
01050 ,0002959,LIT ,0,0,0,0
01050 ,0002970,LIT ,0.10961999999999998,0,0,1096.2
01050 ,0003005,LIT ,0.6364049999999999,0,0,6364.05
01050 ,0003009,LIT ,3.24597,0,0,32459.7
01050 ,0003010,LIT ,0.226345,0,0,2263.45
01050 ,0003013,LIT ,2.8125649999999998,0,0,28125.65
01050 ,0066967,LIT ,0,0,0,0
01050 ,0003029,NONE,13.554309999999997,0,0,135543.1
01050 ,0003030,FLRS,1.56,0,0,15600
01050 ,0003031,FLRS,7.41,0,0,74100
01050 ,0003032,FLRS,1.015,0,0,10150
01050 ,0046979,L L ,0.49937999999999994,0,0,4993.8
01050 ,0003033,L L ,0,0,0,0
01050 ,0003034,L L ,0,0,0,0
01050 ,0052284,L L ,0.7104999999999999,0,0,7105
01050 ,0003035,L L ,0,0,0,0
01050 ,0003036,L L ,0,0,0,0
01050 ,0003037,L L ,3.184055,0,0,31840.55
01050 ,0003038,L L ,0.7104999999999999,0,0,7105
01050 ,0003039,L L ,0.658735,0,0,6587.35
01050 ,0003040,L L ,1.6097899999999998,0,0,16097.9
01050 ,0003041,L L ,2.56,0,0,25600
01050 ,0003042,L L ,1.35,0,0,13500
01050 ,0003043,L L ,0.4770499999999999,0,0,4770.5
01050 ,0003044,L L ,0,0,0,0
01050 ,0003045,L L ,0,0,0,0
01050 ,0003046,L L ,0,0,0,0
01050 ,0024653,L L ,0.5724599999999999,0,0,5724.6
01050 ,0003047,L L ,0,0,0,0
01050 ,0036509,L L ,3.89151,0,0,38915.1
01050 ,0029717,L L ,0,0,0,0
01050 ,0034615,L L ,1.8665849999999997,0,0,18665.85
01050 ,0003048,L L ,0.8119999999999999,0,0,8120
01050 ,0003049,L L ,2.8531649999999997,0,0,28531.65
01050 ,0003050,L L ,2.225895,0,0,22258.95
01050 ,0003051,L L ,0,0,0,0
01050 ,0028043,L L ,0,0,0,0
01050 ,0052128,L L ,0,0,0,0
01050 ,0067256,L L ,0.532875,0,0,5328.75
01050 ,0003052,L L ,0,0,0,0
01050 ,0003055,L L ,1.5123499999999999,0,0,15123.5
01050 ,0003058,L L ,0.9175599999999999,0,0,9175.6
01050 ,0003059,L L ,0,0,0,0
01050 ,0003060,L L ,0.47907999999999995,0,0,4790.8
01050 ,0003061,L L ,1.93,0,0,19300
01050 ,0035807,L L ,2.5780999999999996,0,0,25781
01050 ,0003063,L L ,0,0,0,0
01050 ,0003065,L L ,0.43644999999999995,0,0,4364.5
01050 ,0047126,L L ,5.138945,0,0,51389.45
01050 ,0003066,L L ,0.43,0,0,4300
01050 ,0003067,L L ,0,0,0,0
01050 ,0003068,L L ,0,0,0,0
01050 ,0003069,L L ,0,0,0,0
01050 ,0003070,L L ,0,0,0,0
01050 ,0003071,L L ,0,0,0,0
01050 ,0032360,L L ,1.4372399999999999,0,0,14372.4
01050 ,0003073,L L ,2.99425,0,0,29942.5
01050 ,0003074,L L ,0,0,0,0
01050 ,0032261,L L ,0,0,0,0
01050 ,0033362,L L ,1.8117749999999997,0,0,18117.75
01050 ,0034288,L L ,2.367995,0,0,23679.95
01050 ,0032266,L L ,1.715,0,0,17150
01050 ,0057978,L L ,7.703849999999999,0,0,77038.5
01050 ,0049154,MIN ,1.4108499999999997,0,0,14108.5
01050 ,0003079,L L ,4.53096,0,0,45309.6
01050 ,0003080,L L ,0,0,0,0
01050 ,0029593,L L ,0,0,0,0
01050 ,0003081,L L ,1.6767799999999997,0,0,16767.8
01050 ,0022550,L L ,8.928955,0,0,89289.55
01050 ,0003083,L L ,3.312,0,0,33120
01050 ,0003084,L L ,2.0807499999999997,0,0,20807.5
01050 ,0022551,L L ,18.93178,0,0,189317.8
01050 ,0003086,L L ,1.2789,0,0,12789
01050 ,0003087,L L ,1.88,0,0,18800
01050 ,0003088,L L ,0,0,0,0
01050 ,0003089,L L ,2.3669799999999994,0,0,23669.8
01050 ,0003090,L L ,3.1444699999999997,0,0,31444.7
01050 ,0003096,L L ,3.3494999999999995,0,0,33495
01050 ,0003092,L L ,2.08,0,0,20800
01050 ,0003093,L L ,4.188904999999999,0,0,41889.05
01050 ,0003094,L L ,1.35,0,0,13500
01050 ,0003095,L L ,3.25,0,0,32500
01050 ,0028853,L L ,2.5882499999999995,0,0,25882.5
01050 ,0054122,L L ,1.5986249999999997,0,0,15986.25
01050 ,0003097,L L ,0,1,0,0
01050 ,0022552,L L ,1.1885649999999999,0,0,11885.65
01050 ,0003098,L L ,3.1058999999999997,0,0,31059
01050 ,0003099,L L ,1.6514049999999998,0,0,16514.05
01050 ,0003100,L L ,1.7792949999999996,0,0,17792.95
01050 ,0003101,L L ,1.8960199999999998,0,0,18960.2
01050 ,0068012,L L ,2.22894,0,0,22289.4
01050 ,0003102,L L ,0.9946999999999999,0,0,9947
01050 ,0036259,L L ,1.7051999999999998,0,0,17052
01050 ,0031394,L L ,3.045,0,0,30450
01050 ,0035017,L L ,0,0,0,0
01050 ,0022553,L L ,1.2981849999999997,0,0,12981.85
01050 ,0003104,L L ,2.02391,0,0,20239.1
01050 ,0031976,L L ,1.4372399999999999,0,0,14372.4
01050 ,0003105,L L ,0.54325,0,0,5432.5
01050 ,0003106,L L ,0.54325,0,0,5432.5
01050 ,0003107,L L ,0.82,0,0,8200
01050 ,0003109,L L ,1.4372399999999999,0,0,14372.4
01050 ,0050630,L L ,0.63945,0,0,6394.5
01050 ,0027803,L L ,2.1325149999999997,0,0,21325.15
01050 ,0003110,L L ,0,0,0,0
01050 ,0003111,L L ,1.5133649999999998,0,0,15133.65
01050 ,0003112,L L ,0,0,0,0
01050 ,0003113,L L ,1.15,0,0,11500
01050 ,0003114,L L ,3.985905,0,0,39859.05
01050 ,0003115,L L ,3.8092949999999997,0,0,38092.95
01050 ,0003116,L L ,2.1944299999999997,0,0,21944.3
01050 ,0003117,L L ,0,0,0,0
01050 ,0003119,L L ,0,0,0,0
01050 ,0003120,L L ,0,0,0,0
01050 ,0003121,L L ,8.766555,0,0,87665.55
01050 ,0003122,L L ,4.24473,0,0,42447.3
01050 ,0003123,L L ,6.125525,0,0,61255.25
01050 ,0003124,L L ,4.4254,0,0,44254
01050 ,0003125,L L ,0,0,0,0
01050 ,0003127,L L ,2.9749649999999996,0,0,29749.65
01050 ,0003128,L L ,0,0,0,0
01050 ,0003129,L L ,2.1325149999999997,0,0,21325.15
01050 ,0032500,L L ,1.11853,0,0,11185.3
01050 ,0032501,L L ,4.5421249999999995,0,0,45421.25
01050 ,0033606,L L ,0,0,0,0
01050 ,0051770,L L ,0,0,0,0
01050 ,0003131,SLVS,0,0,0,0
01050 ,0003132,SLVS,0,0,0,0
01050 ,0022556,FLRS,2.1081549999999996,0,0,21081.55
01050 ,0022557,FLRS,0,0,0,0
01050 ,0094672,BATT,870.1,0,0,8700999.91
01050 ,0094673,BATT,238,0,0,2379999.98
01050 ,0097744,BATT,572,0,0,5719999.94
01050 ,0104715,BATT,572,0,0,5719999.94
01050 ,0105032,BATT,533,0,0,5329999.95
01050 ,0032589,L L ,0,0,0,0
01050 ,0032593,PHOT,0,0,0,0
01050 ,0032612,PHOT,0,0,0,0
01050 ,0032592,PHOT,0,0,0,0
01050 ,0032621,PHOT,0,0,0,0
01050 ,0032613,PHOT,0,0,0,0
01050 ,0032622,PHOT,0,0,0,0
01050 ,0032594,PHOT,0,0,0,0
01050 ,0032595,PHOT,0,0,0,0
01050 ,0032624,PHOT,0,0,0,0
01050 ,0032591,L L ,0,0,0,0
01050 ,0032629,L L ,0,0,0,0
01050 ,0032628,L L ,0,0,0,0
01050 ,0032626,PHOT,0,0,0,0
01050 ,0032625,PHOT,0,0,0,0
01050 ,0032611,PHOT,0,0,0,0
01050 ,0032597,PHOT,0,0,0,0
01050 ,0032596,PHOT,0,0,0,0
01050 ,0032627,PHOT,0,0,0,0
01050 ,0032590,L L ,0,0,0,0
01050 ,0032623,PHOT,0,0,0,0
01050 ,0093939,MIN ,0.19285,0,0,1928.5
01050 ,0060965,MIN ,0.201985,0,0,2019.85
01050 ,0034139,L L ,0.14920499999999998,0,0,1492.05
01050 ,0049420,L L ,0.20299999999999999,0,0,2030
01050 ,0034140,L L ,0,0,0,0
01050 ,0086322,L L ,0.23345,0,0,2334.5
01050 ,0093929,MIN ,0.20299999999999999,0,0,2030
01050 ,0093932,MIN ,0.20299999999999999,0,0,2030
01050 ,0052949,MIN ,0.20299999999999999,0,0,2030
01050 ,0093931,MIN ,0.20299999999999999,0,0,2030
01050 ,0093930,MIN ,0.20299999999999999,0,0,2030
01050 ,0053409,STTV,17.589949999999998,0,0,175899.5
01050 ,0053408,STTV,5.431265,0,0,54312.65
01050 ,0047315,XMAS,0,0,0,0
01050 ,0047316,XMAS,5.236384999999999,0,0,52363.85
01050 ,0050162,STFX,17.489465,0,0,174894.65
01050 ,0053186,WIRE,25.190269999999998,0,0,251902.7
01050 ,0053179,L L ,0.201985,0,0,2019.85
01090 ,0002936,LIT ,0,0,0,0
01090 ,0002937,LIT ,0,0,0,0
01090 ,0002938,LIT ,0,0,0,0
01090 ,0002939,LIT ,0,0,0,0
01090 ,0031289,LIT ,0,0,0,0
01090 ,0031842,LIT ,0,0,0,0
01090 ,0032059,LIT ,0,0,0,0
01090 ,0060488,LIT ,0,0,0,0
01090 ,0060901,LIT ,0,0,0,0
01090 ,0066318,LIT ,0,0,0,0
01090 ,0002959,LIT ,0,0,0,0
01090 ,0002970,LIT ,0.10961999999999998,0,0,1096.2
01090 ,0003005,LIT ,0.6364049999999999,0,0,6364.05
01090 ,0003009,LIT ,3.24597,0,0,32459.7
01090 ,0003010,LIT ,0.226345,0,0,2263.45
01090 ,0003013,LIT ,2.8125649999999998,0,0,28125.65
01090 ,0002936,LIT ,0,0,0,0
01090 ,0002937,LIT ,0,0,0,0
01090 ,0032907,LIT ,0,0,0,0
01090 ,0032908,LIT ,0,0,0,0
01090 ,0031289,LIT ,0,0,0,0
01090 ,0031842,LIT ,0,0,0,0
01090 ,0032059,LIT ,0,0,0,0
01090 ,0060488,LIT ,0,0,0,0
01090 ,0060901,LIT ,0,0,0,0
01090 ,0066318,LIT ,0,0,0,0
01090 ,0002959,LIT ,0,0,0,0
01090 ,0002970,LIT ,0.10961999999999998,0,0,1096.2
01090 ,0003005,LIT ,0.6364049999999999,0,0,6364.05
01090 ,0003009,LIT ,3.24597,0,0,32459.7
01090 ,0003010,LIT ,0.226345,0,0,2263.45
01090 ,0003013,LIT ,2.8125649999999998,0,0,28125.65
01090 ,0066967,LIT ,0,0,0,0
01090 ,0003029,NONE,13.554309999999997,0,0,135543.1
01090 ,0003030,FLRS,1.56,0,0,15600
01090 ,0003031,FLRS,7.41,0,0,74100
01090 ,0003032,FLRS,1.015,0,0,10150
01090 ,0046979,L L ,0.49937999999999994,0,0,4993.8
01090 ,0003033,L L ,0,0,0,0
01090 ,0003034,L L ,0,0,0,0
01090 ,0052284,L L ,0.7104999999999999,0,0,7105
01090 ,0003035,L L ,0,0,0,0
01090 ,0003036,L L ,0,0,0,0
01090 ,0003037,L L ,3.184055,0,0,31840.55
01090 ,0003038,L L ,0.7104999999999999,0,0,7105
01090 ,0003039,L L ,0.658735,0,0,6587.35
01090 ,0003040,L L ,1.6097899999999998,0,0,16097.9
01090 ,0003041,L L ,2.56,0,0,25600
01090 ,0003042,L L ,1.35,0,0,13500
01090 ,0003043,L L ,0.4770499999999999,0,0,4770.5
01090 ,0003044,L L ,0,0,0,0
01090 ,0003045,L L ,0,0,0,0
01090 ,0003046,L L ,0,0,0,0
01090 ,0024653,L L ,0.5724599999999999,0,0,5724.6
01090 ,0003047,L L ,0,0,0,0
01090 ,0036509,L L ,3.89151,0,0,38915.1
01090 ,0029717,L L ,0,0,0,0
01090 ,0034615,L L ,1.8665849999999997,0,0,18665.85
01090 ,0003048,L L ,0.8119999999999999,0,0,8120
01090 ,0003049,L L ,2.8531649999999997,0,0,28531.65
01090 ,0003050,L L ,2.225895,0,0,22258.95
01090 ,0003051,L L ,0,0,0,0
01090 ,0028043,L L ,0,0,0,0
01090 ,0052128,L L ,0,0,0,0
01090 ,0067256,L L ,0.532875,0,0,5328.75
01090 ,0003052,L L ,0,0,0,0
01090 ,0003055,L L ,1.5123499999999999,0,0,15123.5
01090 ,0003058,L L ,0.9175599999999999,0,0,9175.6
01090 ,0003059,L L ,0,0,0,0
01090 ,0003060,L L ,0.47907999999999995,0,0,4790.8
01090 ,0003061,L L ,1.93,0,0,19300
01090 ,0035807,L L ,2.5780999999999996,0,0,25781
01090 ,0003063,L L ,0,0,0,0
01090 ,0003065,L L ,0.43644999999999995,0,0,4364.5
01090 ,0047126,L L ,5.138945,0,0,51389.45
01090 ,0003066,L L ,0.43,0,0,4300
01090 ,0003067,L L ,0,0,0,0
01090 ,0003068,L L ,0,0,0,0
01090 ,0003069,L L ,0,0,0,0
01090 ,0003070,L L ,0,0,0,0
01090 ,0003071,L L ,0,0,0,0
01090 ,0032360,L L ,1.4372399999999999,0,0,14372.4
01090 ,0003073,L L ,2.99425,0,0,29942.5
01090 ,0003074,L L ,0,0,0,0
01090 ,0032261,L L ,0,0,0,0
01090 ,0033362,L L ,1.8117749999999997,0,0,18117.75
01090 ,0034288,L L ,2.367995,0,0,23679.95
01090 ,0032266,L L ,1.715,0,0,17150
01090 ,0057978,L L ,7.703849999999999,0,0,77038.5
01090 ,0049154,MIN ,1.4108499999999997,0,0,14108.5
01090 ,0003079,L L ,4.53096,0,0,45309.6
01090 ,0003080,L L ,0,0,0,0
01090 ,0029593,L L ,0,0,0,0
01090 ,0003081,L L ,1.6767799999999997,0,0,16767.8
01090 ,0022550,L L ,8.928955,0,0,89289.55
01090 ,0003083,L L ,3.312,0,0,33120
01090 ,0003084,L L ,2.0807499999999997,0,0,20807.5
01090 ,0022551,L L ,18.93178,0,0,189317.8
01090 ,0003086,L L ,1.2789,0,0,12789
01090 ,0003087,L L ,1.88,0,0,18800
01090 ,0003088,L L ,0,0,0,0
01090 ,0003089,L L ,2.3669799999999994,0,0,23669.8
01090 ,0003090,L L ,3.1444699999999997,0,0,31444.7
01090 ,0003096,L L ,3.3494999999999995,0,0,33495
01090 ,0003092,L L ,2.08,0,0,20800
01090 ,0003093,L L ,4.188904999999999,0,0,41889.05
01090 ,0003094,L L ,1.35,0,0,13500
01090 ,0003095,L L ,3.25,0,0,32500
01090 ,0028853,L L ,2.5882499999999995,0,0,25882.5
01090 ,0054122,L L ,1.5986249999999997,0,0,15986.25
01090 ,0003097,L L ,0,1,0,0
01090 ,0022552,L L ,1.1885649999999999,0,0,11885.65
01090 ,0003098,L L ,3.1058999999999997,0,0,31059
01090 ,0003099,L L ,1.6514049999999998,0,0,16514.05
01090 ,0003100,L L ,1.7792949999999996,0,0,17792.95
01090 ,0003101,L L ,1.8960199999999998,0,0,18960.2
01090 ,0068012,L L ,2.22894,0,0,22289.4
01090 ,0003102,L L ,0.9946999999999999,0,0,9947
01090 ,0036259,L L ,1.7051999999999998,0,0,17052
01090 ,0031394,L L ,3.045,0,0,30450
01090 ,0035017,L L ,0,0,0,0
01090 ,0022553,L L ,1.2981849999999997,0,0,12981.85
01090 ,0003104,L L ,2.02391,0,0,20239.1
01090 ,0031976,L L ,1.4372399999999999,0,0,14372.4
01090 ,0003105,L L ,0.54325,0,0,5432.5
01090 ,0003106,L L ,0.54325,0,0,5432.5
01090 ,0003107,L L ,0.82,0,0,8200
01090 ,0003109,L L ,1.4372399999999999,0,0,14372.4
01090 ,0050630,L L ,0.63945,0,0,6394.5
01090 ,0027803,L L ,2.1325149999999997,0,0,21325.15
01090 ,0003110,L L ,0,0,0,0
01090 ,0003111,L L ,1.5133649999999998,0,0,15133.65
01090 ,0003112,L L ,0,0,0,0
01090 ,0003113,L L ,1.15,0,0,11500
01090 ,0003114,L L ,3.985905,0,0,39859.05
01090 ,0003115,L L ,3.8092949999999997,0,0,38092.95
01090 ,0003116,L L ,2.1944299999999997,0,0,21944.3
01090 ,0003117,L L ,0,0,0,0
01090 ,0003119,L L ,0,0,0,0
01090 ,0003120,L L ,0,0,0,0
01090 ,0003121,L L ,8.766555,0,0,87665.55
01090 ,0003122,L L ,4.24473,0,0,42447.3
01090 ,0003123,L L ,6.125525,0,0,61255.25
01090 ,0003124,L L ,4.4254,0,0,44254
01090 ,0003125,L L ,0,0,0,0
01090 ,0003127,L L ,2.9749649999999996,0,0,29749.65
01090 ,0003128,L L ,0,0,0,0
01090 ,0003129,L L ,2.1325149999999997,0,0,21325.15
01090 ,0032500,L L ,1.11853,0,0,11185.3
01090 ,0032501,L L ,4.5421249999999995,0,0,45421.25
01090 ,0033606,L L ,0,0,0,0
01090 ,0051770,L L ,0,0,0,0
01090 ,0003131,SLVS,0,0,0,0
01090 ,0003132,SLVS,0,0,0,0
01090 ,0022556,FLRS,2.1081549999999996,0,0,21081.55
01090 ,0022557,FLRS,0,0,0,0
01090 ,0094672,BATT,870.1,0,0,8700999.91
01090 ,0094673,BATT,238,0,0,2379999.98
01090 ,0097744,BATT,572,0,0,5719999.94
01090 ,0104715,BATT,572,0,0,5719999.94
01090 ,0105032,BATT,533,0,0,5329999.95
01090 ,0032589,L L ,0,0,0,0
01090 ,0032593,PHOT,0,0,0,0
01090 ,0032612,PHOT,0,0,0,0
01090 ,0032592,PHOT,0,0,0,0
01090 ,0032621,PHOT,0,0,0,0
01090 ,0032613,PHOT,0,0,0,0
01090 ,0032622,PHOT,0,0,0,0
01090 ,0032594,PHOT,0,0,0,0
01090 ,0032595,PHOT,0,0,0,0
01090 ,0032624,PHOT,0,0,0,0
01090 ,0032591,L L ,0,0,0,0
01090 ,0032629,L L ,0,0,0,0
01090 ,0032628,L L ,0,0,0,0
01090 ,0032626,PHOT,0,0,0,0
01090 ,0032625,PHOT,0,0,0,0
01090 ,0032611,PHOT,0,0,0,0
01090 ,0032597,PHOT,0,0,0,0
01090 ,0032596,PHOT,0,0,0,0
01090 ,0032627,PHOT,0,0,0,0
01090 ,0032590,L L ,0,0,0,0
01090 ,0032623,PHOT,0,0,0,0
01090 ,0093939,MIN ,0.19285,0,0,1928.5
01090 ,0060965,MIN ,0.201985,0,0,2019.85
01090 ,0034139,L L ,0.14920499999999998,0,0,1492.05
01090 ,0049420,L L ,0.20299999999999999,0,0,2030
01090 ,0034140,L L ,0,0,0,0
01090 ,0086322,L L ,0.23345,0,0,2334.5
01090 ,0093929,MIN ,0.20299999999999999,0,0,2030
01090 ,0093932,MIN ,0.20299999999999999,0,0,2030
01090 ,0052949,MIN ,0.20299999999999999,0,0,2030
01090 ,0093931,MIN ,0.20299999999999999,0,0,2030
01090 ,0093930,MIN ,0.20299999999999999,0,0,2030
01090 ,0053409,STTV,17.589949999999998,0,0,175899.5
01090 ,0053408,STTV,5.431265,0,0,54312.65
01090 ,0047315,XMAS,0,0,0,0
01090 ,0047316,XMAS,5.236384999999999,0,0,52363.85
01090 ,0050162,STFX,17.489465,0,0,174894.65
01090 ,0053186,WIRE,25.190269999999998,0,0,251902.7
01090 ,0053179,L L ,0.201985,0,0,2019.85
01206 ,0002936,LIT ,0,0,0,0
01206 ,0002937,LIT ,0,0,0,0
01206 ,0002938,LIT ,0,0,0,0
01206 ,0002939,LIT ,0,0,0,0
01206 ,0031289,LIT ,0,0,0,0
01206 ,0031842,LIT ,0,0,0,0
01206 ,0032059,LIT ,0,0,0,0
01206 ,0060488,LIT ,0,0,0,0
01206 ,0060901,LIT ,0,0,0,0
01206 ,0066318,LIT ,0,0,0,0
01206 ,0002959,LIT ,0,0,0,0
01206 ,0002970,LIT ,0.10961999999999998,0,0,1096.2
01206 ,0003005,LIT ,0.6364049999999999,0,0,6364.05
01206 ,0003009,LIT ,3.24597,0,0,32459.7
01206 ,0003010,LIT ,0.226345,0,0,2263.45
01206 ,0003013,LIT ,2.8125649999999998,0,0,28125.65
01206 ,0002936,LIT ,0,0,0,0
01206 ,0002937,LIT ,0,0,0,0
01206 ,0032907,LIT ,0,0,0,0
01206 ,0032908,LIT ,0,0,0,0
01206 ,0031289,LIT ,0,0,0,0
01206 ,0031842,LIT ,0,0,0,0
01206 ,0032059,LIT ,0,0,0,0
01206 ,0060488,LIT ,0,0,0,0
01206 ,0060901,LIT ,0,0,0,0
01206 ,0066318,LIT ,0,0,0,0
01206 ,0002959,LIT ,0,0,0,0
01206 ,0002970,LIT ,0.10961999999999998,0,0,1096.2
01206 ,0003005,LIT ,0.6364049999999999,0,0,6364.05
01206 ,0003009,LIT ,3.24597,0,0,32459.7
01206 ,0003010,LIT ,0.226345,0,0,2263.45
01206 ,0003013,LIT ,2.8125649999999998,0,0,28125.65
01206 ,0066967,LIT ,0,0,0,0
01206 ,0003029,NONE,13.554309999999997,0,0,135543.1
01206 ,0003030,FLRS,1.56,0,0,15600
01206 ,0003031,FLRS,7.41,0,0,74100
01206 ,0003032,FLRS,1.015,0,0,10150
01206 ,0046979,L L ,0.49937999999999994,0,0,4993.8
01206 ,0003033,L L ,0,0,0,0
01206 ,0003034,L L ,0,0,0,0
01206 ,0052284,L L ,0.7104999999999999,0,0,7105
01206 ,0003035,L L ,0,0,0,0
01206 ,0003036,L L ,0,0,0,0
01206 ,0003037,L L ,3.184055,0,0,31840.55
01206 ,0003038,L L ,0.7104999999999999,0,0,7105
01206 ,0003039,L L ,0.658735,0,0,6587.35
01206 ,0003040,L L ,1.6097899999999998,0,0,16097.9
01206 ,0003041,L L ,2.56,0,0,25600
01206 ,0003042,L L ,1.35,0,0,13500
01206 ,0003043,L L ,0.4770499999999999,0,0,4770.5
01206 ,0003044,L L ,0,0,0,0
01206 ,0003045,L L ,0,0,0,0
01206 ,0003046,L L ,0,0,0,0
01206 ,0024653,L L ,0.5724599999999999,0,0,5724.6
01206 ,0003047,L L ,0,0,0,0
01206 ,0036509,L L ,3.89151,0,0,38915.1
01206 ,0029717,L L ,0,0,0,0
01206 ,0034615,L L ,1.8665849999999997,0,0,18665.85
01206 ,0003048,L L ,0.8119999999999999,0,0,8120
01206 ,0003049,L L ,2.8531649999999997,0,0,28531.65
01206 ,0003050,L L ,2.225895,0,0,22258.95
01206 ,0003051,L L ,0,0,0,0
01206 ,0028043,L L ,0,0,0,0
01206 ,0052128,L L ,0,0,0,0
01206 ,0067256,L L ,0.532875,0,0,5328.75
01206 ,0003052,L L ,0,0,0,0
01206 ,0003055,L L ,1.5123499999999999,0,0,15123.5
01206 ,0003058,L L ,0.9175599999999999,0,0,9175.6
01206 ,0003059,L L ,0,0,0,0
01206 ,0003060,L L ,0.47907999999999995,0,0,4790.8
01206 ,0003061,L L ,1.93,0,0,19300
01206 ,0035807,L L ,2.5780999999999996,0,0,25781
01206 ,0003063,L L ,0,0,0,0
01206 ,0003065,L L ,0.43644999999999995,0,0,4364.5
01206 ,0047126,L L ,5.138945,0,0,51389.45
01206 ,0003066,L L ,0.43,0,0,4300
01206 ,0003067,L L ,0,0,0,0
01206 ,0003068,L L ,0,0,0,0
01206 ,0003069,L L ,0,0,0,0
01206 ,0003070,L L ,0,0,0,0
01206 ,0003071,L L ,0,0,0,0
01206 ,0032360,L L ,1.4372399999999999,0,0,14372.4
01206 ,0003073,L L ,2.99425,0,0,29942.5
01206 ,0003074,L L ,0,0,0,0
01206 ,0032261,L L ,0,0,0,0
01206 ,0033362,L L ,1.8117749999999997,0,0,18117.75
01206 ,0034288,L L ,2.367995,0,0,23679.95
01206 ,0032266,L L ,1.715,0,0,17150
01206 ,0057978,L L ,7.703849999999999,0,0,77038.5
01206 ,0049154,MIN ,1.4108499999999997,0,0,14108.5
01206 ,0003079,L L ,4.53096,0,0,45309.6
01206 ,0003080,L L ,0,0,0,0
01206 ,0029593,L L ,0,0,0,0
01206 ,0003081,L L ,1.6767799999999997,0,0,16767.8
01206 ,0022550,L L ,8.928955,0,0,89289.55
01206 ,0003083,L L ,3.312,0,0,33120
01206 ,0003084,L L ,2.0807499999999997,0,0,20807.5
01206 ,0022551,L L ,18.93178,0,0,189317.8
01206 ,0003086,L L ,1.2789,0,0,12789
01206 ,0003087,L L ,1.88,0,0,18800
01206 ,0003088,L L ,0,0,0,0
01206 ,0003089,L L ,2.3669799999999994,0,0,23669.8
01206 ,0003090,L L ,3.1444699999999997,0,0,31444.7
01206 ,0003096,L L ,3.3494999999999995,0,0,33495
01206 ,0003092,L L ,2.08,0,0,20800
01206 ,0003093,L L ,4.188904999999999,0,0,41889.05
01206 ,0003094,L L ,1.35,0,0,13500
01206 ,0003095,L L ,3.25,0,0,32500
01206 ,0028853,L L ,2.5882499999999995,0,0,25882.5
01206 ,0054122,L L ,1.5986249999999997,0,0,15986.25
01206 ,0003097,L L ,0,1,0,0
01206 ,0022552,L L ,1.1885649999999999,0,0,11885.65
01206 ,0003098,L L ,3.1058999999999997,0,0,31059
01206 ,0003099,L L ,1.6514049999999998,0,0,16514.05
01206 ,0003100,L L ,1.7792949999999996,0,0,17792.95
01206 ,0003101,L L ,1.8960199999999998,0,0,18960.2
01206 ,0068012,L L ,2.22894,0,0,22289.4
01206 ,0003102,L L ,0.9946999999999999,0,0,9947
01206 ,0036259,L L ,1.7051999999999998,0,0,17052
01206 ,0031394,L L ,3.045,0,0,30450
01206 ,0035017,L L ,0,0,0,0
01206 ,0022553,L L ,1.2981849999999997,0,0,12981.85
01206 ,0003104,L L ,2.02391,0,0,20239.1
01206 ,0031976,L L ,1.4372399999999999,0,0,14372.4
01206 ,0003105,L L ,0.54325,0,0,5432.5
01206 ,0003106,L L ,0.54325,0,0,5432.5
01206 ,0003107,L L ,0.82,0,0,8200
01206 ,0003109,L L ,1.4372399999999999,0,0,14372.4
01206 ,0050630,L L ,0.63945,0,0,6394.5
01206 ,0027803,L L ,2.1325149999999997,0,0,21325.15
01206 ,0003110,L L ,0,0,0,0
01206 ,0003111,L L ,1.5133649999999998,0,0,15133.65
01206 ,0003112,L L ,0,0,0,0
01206 ,0003113,L L ,1.15,0,0,11500
01206 ,0003114,L L ,3.985905,0,0,39859.05
01206 ,0003115,L L ,3.8092949999999997,0,0,38092.95
01206 ,0003116,L L ,2.1944299999999997,0,0,21944.3
01206 ,0003117,L L ,0,0,0,0
01206 ,0003119,L L ,0,0,0,0
01206 ,0003120,L L ,0,0,0,0
01206 ,0003121,L L ,8.766555,0,0,87665.55
01206 ,0003122,L L ,4.24473,0,0,42447.3
01206 ,0003123,L L ,6.125525,0,0,61255.25
01206 ,0003124,L L ,4.4254,0,0,44254
01206 ,0003125,L L ,0,0,0,0
01206 ,0003127,L L ,2.9749649999999996,0,0,29749.65
01206 ,0003128,L L ,0,0,0,0
01206 ,0003129,L L ,2.1325149999999997,0,0,21325.15
01206 ,0032500,L L ,1.11853,0,0,11185.3
01206 ,0032501,L L ,4.5421249999999995,0,0,45421.25
01206 ,0033606,L L ,0,0,0,0
01206 ,0051770,L L ,0,0,0,0
01206 ,0003131,SLVS,0,0,0,0
01206 ,0003132,SLVS,0,0,0,0
01206 ,0022556,FLRS,2.1081549999999996,0,0,21081.55
01206 ,0022557,FLRS,0,0,0,0
01206 ,0094672,BATT,870.1,0,0,8700999.91
01206 ,0094673,BATT,238,0,0,2379999.98
01206 ,0097744,BATT,572,0,0,5719999.94
01206 ,0104715,BATT,572,0,0,5719999.94
01206 ,0105032,BATT,533,0,0,5329999.95
01206 ,0032589,L L ,0,0,0,0
01206 ,0032593,PHOT,0,0,0,0
01206 ,0032612,PHOT,0,0,0,0
01206 ,0032592,PHOT,0,0,0,0
01206 ,0032621,PHOT,0,0,0,0
01206 ,0032613,PHOT,0,0,0,0
01206 ,0032622,PHOT,0,0,0,0
01206 ,0032594,PHOT,0,0,0,0
01206 ,0032595,PHOT,0,0,0,0
01206 ,0032624,PHOT,0,0,0,0
01206 ,0032591,L L ,0,0,0,0
01206 ,0032629,L L ,0,0,0,0
01206 ,0032628,L L ,0,0,0,0
01206 ,0032626,PHOT,0,0,0,0
01206 ,0032625,PHOT,0,0,0,0
01206 ,0032611,PHOT,0,0,0,0
01206 ,0032597,PHOT,0,0,0,0
01206 ,0032596,PHOT,0,0,0,0
01206 ,0032627,PHOT,0,0,0,0
01206 ,0032590,L L ,0,0,0,0
01206 ,0032623,PHOT,0,0,0,0
01206 ,0093939,MIN ,0.19285,0,0,1928.5
01206 ,0060965,MIN ,0.201985,0,0,2019.85
01206 ,0034139,L L ,0.14920499999999998,0,0,1492.05
01206 ,0049420,L L ,0.20299999999999999,0,0,2030
01206 ,0034140,L L ,0,0,0,0
01206 ,0086322,L L ,0.23345,0,0,2334.5
01206 ,0093929,MIN ,0.20299999999999999,0,0,2030
01206 ,0093932,MIN ,0.20299999999999999,0,0,2030
01206 ,0052949,MIN ,0.20299999999999999,0,0,2030
01206 ,0093931,MIN ,0.20299999999999999,0,0,2030
01206 ,0093930,MIN ,0.20299999999999999,0,0,2030
01206 ,0053409,STTV,17.589949999999998,0,0,175899.5
01206 ,0053408,STTV,5.431265,0,0,54312.65
01206 ,0047315,XMAS,0,0,0,0
01206 ,0047316,XMAS,5.236384999999999,0,0,52363.85
01206 ,0050162,STFX,17.489465,0,0,174894.65
01206 ,0053186,WIRE,25.190269999999998,0,0,251902.7
01206 ,0053179,L L ,0.201985,0,0,2019.85
01298 ,0002936,LIT ,0,0,0,0
01298 ,0002937,LIT ,0,0,0,0
01298 ,0002938,LIT ,0,0,0,0
01298 ,0002939,LIT ,0,0,0,0
01298 ,0031289,LIT ,0,0,0,0
01298 ,0031842,LIT ,0,0,0,0
01298 ,0032059,LIT ,0,0,0,0
01298 ,0060488,LIT ,0,0,0,0
01298 ,0060901,LIT ,0,0,0,0
01298 ,0066318,LIT ,0,0,0,0
01298 ,0002959,LIT ,0,0,0,0
01298 ,0002970,LIT ,0.10961999999999998,0,0,1096.2
01298 ,0003005,LIT ,0.6364049999999999,0,0,6364.05
01298 ,0003009,LIT ,3.24597,0,0,32459.7
01298 ,0003010,LIT ,0.226345,0,0,2263.45
01298 ,0003013,LIT ,2.8125649999999998,0,0,28125.65
01298 ,0002936,LIT ,0,0,0,0
01298 ,0002937,LIT ,0,0,0,0
01298 ,0032907,LIT ,0,0,0,0
01298 ,0032908,LIT ,0,0,0,0
01298 ,0031289,LIT ,0,0,0,0
01298 ,0031842,LIT ,0,0,0,0
01298 ,0032059,LIT ,0,0,0,0
01298 ,0060488,LIT ,0,0,0,0
01298 ,0060901,LIT ,0,0,0,0
01298 ,0066318,LIT ,0,0,0,0
01298 ,0002959,LIT ,0,0,0,0
01298 ,0002970,LIT ,0.10961999999999998,0,0,1096.2
01298 ,0003005,LIT ,0.6364049999999999,0,0,6364.05
01298 ,0003009,LIT ,3.24597,0,0,32459.7
01298 ,0003010,LIT ,0.226345,0,0,2263.45
01298 ,0003013,LIT ,2.8125649999999998,0,0,28125.65
01298 ,0066967,LIT ,0,0,0,0
01298 ,0003029,NONE,13.554309999999997,0,0,135543.1
01298 ,0003030,FLRS,1.56,0,0,15600
01298 ,0003031,FLRS,7.41,0,0,74100
01298 ,0003032,FLRS,1.015,0,0,10150
01298 ,0046979,L L ,0.49937999999999994,0,0,4993.8
01298 ,0003033,L L ,0,0,0,0
01298 ,0003034,L L ,0,0,0,0
01298 ,0052284,L L ,0.7104999999999999,0,0,7105
01298 ,0003035,L L ,0,0,0,0
01298 ,0003036,L L ,0,0,0,0
01298 ,0003037,L L ,3.184055,0,0,31840.55
01298 ,0003038,L L ,0.7104999999999999,0,0,7105
01298 ,0003039,L L ,0.658735,0,0,6587.35
01298 ,0003040,L L ,1.6097899999999998,0,0,16097.9
01298 ,0003041,L L ,2.56,0,0,25600
01298 ,0003042,L L ,1.35,0,0,13500
01298 ,0003043,L L ,0.4770499999999999,0,0,4770.5
01298 ,0003044,L L ,0,0,0,0
01298 ,0003045,L L ,0,0,0,0
01298 ,0003046,L L ,0,0,0,0
01298 ,0024653,L L ,0.5724599999999999,0,0,5724.6
01298 ,0003047,L L ,0,0,0,0
01298 ,0036509,L L ,3.89151,0,0,38915.1
01298 ,0029717,L L ,0,0,0,0
01298 ,0034615,L L ,1.8665849999999997,0,0,18665.85
01298 ,0003048,L L ,0.8119999999999999,0,0,8120
01298 ,0003049,L L ,2.8531649999999997,0,0,28531.65
01298 ,0003050,L L ,2.225895,0,0,22258.95
01298 ,0003051,L L ,0,0,0,0
01298 ,0028043,L L ,0,0,0,0
01298 ,0052128,L L ,0,0,0,0
01298 ,0067256,L L ,0.532875,0,0,5328.75
01298 ,0003052,L L ,0,0,0,0
01298 ,0003055,L L ,1.5123499999999999,0,0,15123.5
01298 ,0003058,L L ,0.9175599999999999,0,0,9175.6
01298 ,0003059,L L ,0,0,0,0
01298 ,0003060,L L ,0.47907999999999995,0,0,4790.8
01298 ,0003061,L L ,1.93,0,0,19300
01298 ,0035807,L L ,2.5780999999999996,0,0,25781
01298 ,0003063,L L ,0,0,0,0
01298 ,0003065,L L ,0.43644999999999995,0,0,4364.5
01298 ,0047126,L L ,5.138945,0,0,51389.45
01298 ,0003066,L L ,0.43,0,0,4300
01298 ,0003067,L L ,0,0,0,0
01298 ,0003068,L L ,0,0,0,0
01298 ,0003069,L L ,0,0,0,0
01298 ,0003070,L L ,0,0,0,0
01298 ,0003071,L L ,0,0,0,0
01298 ,0032360,L L ,1.4372399999999999,0,0,14372.4
01298 ,0003073,L L ,2.99425,0,0,29942.5
01298 ,0003074,L L ,0,0,0,0
01298 ,0032261,L L ,0,0,0,0
01298 ,0033362,L L ,1.8117749999999997,0,0,18117.75
01298 ,0034288,L L ,2.367995,0,0,23679.95
01298 ,0032266,L L ,1.715,0,0,17150
01298 ,0057978,L L ,7.703849999999999,0,0,77038.5
01298 ,0049154,MIN ,1.4108499999999997,0,0,14108.5
01298 ,0003079,L L ,4.53096,0,0,45309.6
01298 ,0003080,L L ,0,0,0,0
01298 ,0029593,L L ,0,0,0,0
01298 ,0003081,L L ,1.6767799999999997,0,0,16767.8
01298 ,0022550,L L ,8.928955,0,0,89289.55
01298 ,0003083,L L ,3.312,0,0,33120
01298 ,0003084,L L ,2.0807499999999997,0,0,20807.5
01298 ,0022551,L L ,18.93178,0,0,189317.8
01298 ,0003086,L L ,1.2789,0,0,12789
01298 ,0003087,L L ,1.88,0,0,18800
01298 ,0003088,L L ,0,0,0,0
01298 ,0003089,L L ,2.3669799999999994,0,0,23669.8
01298 ,0003090,L L ,3.1444699999999997,0,0,31444.7
01298 ,0003096,L L ,3.3494999999999995,0,0,33495
01298 ,0003092,L L ,2.08,0,0,20800
01298 ,0003093,L L ,4.188904999999999,0,0,41889.05
01298 ,0003094,L L ,1.35,0,0,13500
01298 ,0003095,L L ,3.25,0,0,32500
01298 ,0028853,L L ,2.5882499999999995,0,0,25882.5
01298 ,0054122,L L ,1.5986249999999997,0,0,15986.25
01298 ,0003097,L L ,0,1,0,0
01298 ,0022552,L L ,1.1885649999999999,0,0,11885.65
01298 ,0003098,L L ,3.1058999999999997,0,0,31059
01298 ,0003099,L L ,1.6514049999999998,0,0,16514.05
01298 ,0003100,L L ,1.7792949999999996,0,0,17792.95
01298 ,0003101,L L ,1.8960199999999998,0,0,18960.2
01298 ,0068012,L L ,2.22894,0,0,22289.4
01298 ,0003102,L L ,0.9946999999999999,0,0,9947
01298 ,0036259,L L ,1.7051999999999998,0,0,17052
01298 ,0031394,L L ,3.045,0,0,30450
01298 ,0035017,L L ,0,0,0,0
01298 ,0022553,L L ,1.2981849999999997,0,0,12981.85
01298 ,0003104,L L ,2.02391,0,0,20239.1
01298 ,0031976,L L ,1.4372399999999999,0,0,14372.4
01298 ,0003105,L L ,0.54325,0,0,5432.5
01298 ,0003106,L L ,0.54325,0,0,5432.5
01298 ,0003107,L L ,0.82,0,0,8200
01298 ,0003109,L L ,1.4372399999999999,0,0,14372.4
01298 ,0050630,L L ,0.63945,0,0,6394.5
01298 ,0027803,L L ,2.1325149999999997,0,0,21325.15
01298 ,0003110,L L ,0,0,0,0
01298 ,0003111,L L ,1.5133649999999998,0,0,15133.65
01298 ,0003112,L L ,0,0,0,0
01298 ,0003113,L L ,1.15,0,0,11500
01298 ,0003114,L L ,3.985905,0,0,39859.05
01298 ,0003115,L L ,3.8092949999999997,0,0,38092.95
01298 ,0003116,L L ,2.1944299999999997,0,0,21944.3
01298 ,0003117,L L ,0,0,0,0
01298 ,0003119,L L ,0,0,0,0
01298 ,0003120,L L ,0,0,0,0
01298 ,0003121,L L ,8.766555,0,0,87665.55
01298 ,0003122,L L ,4.24473,0,0,42447.3
01298 ,0003123,L L ,6.125525,0,0,61255.25
01298 ,0003124,L L ,4.4254,0,0,44254
01298 ,0003125,L L ,0,0,0,0
01298 ,0003127,L L ,2.9749649999999996,0,0,29749.65
01298 ,0003128,L L ,0,0,0,0
01298 ,0003129,L L ,2.1325149999999997,0,0,21325.15
01298 ,0032500,L L ,1.11853,0,0,11185.3
01298 ,0032501,L L ,4.5421249999999995,0,0,45421.25
01298 ,0033606,L L ,0,0,0,0
01298 ,0051770,L L ,0,0,0,0
01298 ,0003131,SLVS,0,0,0,0
01298 ,0003132,SLVS,0,0,0,0
01298 ,0022556,FLRS,2.1081549999999996,0,0,21081.55
01298 ,0022557,FLRS,0,0,0,0
01298 ,0094672,BATT,870.1,0,0,8700999.91
01298 ,0094673,BATT,238,0,0,2379999.98
01298 ,0097744,BATT,572,0,0,5719999.94
01298 ,0104715,BATT,572,0,0,5719999.94
01298 ,0105032,BATT,533,0,0,5329999.95
01298 ,0032589,L L ,0,0,0,0
01298 ,0032593,PHOT,0,0,0,0
01298 ,0032612,PHOT,0,0,0,0
01298 ,0032592,PHOT,0,0,0,0
01298 ,0032621,PHOT,0,0,0,0
01298 ,0032613,PHOT,0,0,0,0
01298 ,0032622,PHOT,0,0,0,0
01298 ,0032594,PHOT,0,0,0,0
01298 ,0032595,PHOT,0,0,0,0
01298 ,0032624,PHOT,0,0,0,0
01298 ,0032591,L L ,0,0,0,0
01298 ,0032629,L L ,0,0,0,0
01298 ,0032628,L L ,0,0,0,0
01298 ,0032626,PHOT,0,0,0,0
01298 ,0032625,PHOT,0,0,0,0
01298 ,0032611,PHOT,0,0,0,0
01298 ,0032597,PHOT,0,0,0,0
01298 ,0032596,PHOT,0,0,0,0
01298 ,0032627,PHOT,0,0,0,0
01298 ,0032590,L L ,0,0,0,0
01298 ,0032623,PHOT,0,0,0,0
01298 ,0093939,MIN ,0.19285,0,0,1928.5
01298 ,0060965,MIN ,0.201985,0,0,2019.85
01298 ,0034139,L L ,0.14920499999999998,0,0,1492.05
01298 ,0049420,L L ,0.20299999999999999,0,0,2030
01298 ,0034140,L L ,0,0,0,0
01298 ,0086322,L L ,0.23345,0,0,2334.5
01298 ,0093929,MIN ,0.20299999999999999,0,0,2030
01298 ,0093932,MIN ,0.20299999999999999,0,0,2030
01298 ,0052949,MIN ,0.20299999999999999,0,0,2030
01298 ,0093931,MIN ,0.20299999999999999,0,0,2030
01298 ,0093930,MIN ,0.20299999999999999,0,0,2030
01298 ,0053409,STTV,17.589949999999998,0,0,175899.5
01298 ,0053408,STTV,5.431265,0,0,54312.65
01298 ,0047315,XMAS,0,0,0,0
01298 ,0047316,XMAS,5.236384999999999,0,0,52363.85
01298 ,0050162,STFX,17.489465,0,0,174894.65
01298 ,0053186,WIRE,25.190269999999998,0,0,251902.7
01298 ,0053179,L L ,0.201985,0,0,2019.85
01397 ,0002936,LIT ,0,0,0,0
01397 ,0002937,LIT ,0,0,0,0
01397 ,0002938,LIT ,0,0,0,0
01397 ,0002939,LIT ,0,0,0,0
01397 ,0031289,LIT ,0,0,0,0
01397 ,0031842,LIT ,0,0,0,0
01397 ,0032059,LIT ,0,0,0,0
01397 ,0060488,LIT ,0,0,0,0
01397 ,0060901,LIT ,0,0,0,0
01397 ,0066318,LIT ,0,0,0,0
01397 ,0002959,LIT ,0,0,0,0
01397 ,0002970,LIT ,0.10961999999999998,0,0,1096.2
01397 ,0003005,LIT ,0.6364049999999999,0,0,6364.05
01397 ,0003009,LIT ,3.24597,0,0,32459.7
01397 ,0003010,LIT ,0.226345,0,0,2263.45
01397 ,0003013,LIT ,2.8125649999999998,0,0,28125.65
01397 ,0002936,LIT ,0,0,0,0
01397 ,0002937,LIT ,0,0,0,0
01397 ,0032907,LIT ,0,0,0,0
01397 ,0032908,LIT ,0,0,0,0
01397 ,0031289,LIT ,0,0,0,0
01397 ,0031842,LIT ,0,0,0,0
01397 ,0032059,LIT ,0,0,0,0
01397 ,0060488,LIT ,0,0,0,0
01397 ,0060901,LIT ,0,0,0,0
01397 ,0066318,LIT ,0,0,0,0
01397 ,0002959,LIT ,0,0,0,0
01397 ,0002970,LIT ,0.10961999999999998,0,0,1096.2
01397 ,0003005,LIT ,0.6364049999999999,0,0,6364.05
01397 ,0003009,LIT ,3.24597,0,0,32459.7
01397 ,0003010,LIT ,0.226345,0,0,2263.45
01397 ,0003013,LIT ,2.8125649999999998,0,0,28125.65
01397 ,0066967,LIT ,0,0,0,0
01397 ,0003029,NONE,13.554309999999997,0,0,135543.1
01397 ,0003030,FLRS,1.56,0,0,15600
01397 ,0003031,FLRS,7.41,0,0,74100
01397 ,0003032,FLRS,1.015,0,0,10150
01397 ,0046979,L L ,0.49937999999999994,0,0,4993.8
01397 ,0003033,L L ,0,0,0,0
01397 ,0003034,L L ,0,0,0,0
01397 ,0052284,L L ,0.7104999999999999,0,0,7105
01397 ,0003035,L L ,0,0,0,0
01397 ,0003036,L L ,0,0,0,0
01397 ,0003037,L L ,3.184055,0,0,31840.55
01397 ,0003038,L L ,0.7104999999999999,0,0,7105
01397 ,0003039,L L ,0.658735,0,0,6587.35
01397 ,0003040,L L ,1.6097899999999998,0,0,16097.9
01397 ,0003041,L L ,2.56,0,0,25600
01397 ,0003042,L L ,1.35,0,0,13500
01397 ,0003043,L L ,0.4770499999999999,0,0,4770.5
01397 ,0003044,L L ,0,0,0,0
01397 ,0003045,L L ,0,0,0,0
01397 ,0003046,L L ,0,0,0,0
01397 ,0024653,L L ,0.5724599999999999,0,0,5724.6
01397 ,0003047,L L ,0,0,0,0
01397 ,0036509,L L ,3.89151,0,0,38915.1
01397 ,0029717,L L ,0,0,0,0
01397 ,0034615,L L ,1.8665849999999997,0,0,18665.85
01397 ,0003048,L L ,0.8119999999999999,0,0,8120
01397 ,0003049,L L ,2.8531649999999997,0,0,28531.65
01397 ,0003050,L L ,2.225895,0,0,22258.95
01397 ,0003051,L L ,0,0,0,0
01397 ,0028043,L L ,0,0,0,0
01397 ,0052128,L L ,0,0,0,0
01397 ,0067256,L L ,0.532875,0,0,5328.75
01397 ,0003052,L L ,0,0,0,0
01397 ,0003055,L L ,1.5123499999999999,0,0,15123.5
01397 ,0003058,L L ,0.9175599999999999,0,0,9175.6
01397 ,0003059,L L ,0,0,0,0
01397 ,0003060,L L ,0.47907999999999995,0,0,4790.8
01397 ,0003061,L L ,1.93,0,0,19300
01397 ,0035807,L L ,2.5780999999999996,0,0,25781
01397 ,0003063,L L ,0,0,0,0
01397 ,0003065,L L ,0.43644999999999995,0,0,4364.5
01397 ,0047126,L L ,5.138945,0,0,51389.45
01397 ,0003066,L L ,0.43,0,0,4300
01397 ,0003067,L L ,0,0,0,0
01397 ,0003068,L L ,0,0,0,0
01397 ,0003069,L L ,0,0,0,0
01397 ,0003070,L L ,0,0,0,0
01397 ,0003071,L L ,0,0,0,0
01397 ,0032360,L L ,1.4372399999999999,0,0,14372.4
01397 ,0003073,L L ,2.99425,0,0,29942.5
01397 ,0003074,L L ,0,0,0,0
01397 ,0032261,L L ,0,0,0,0
01397 ,0033362,L L ,1.8117749999999997,0,0,18117.75
01397 ,0034288,L L ,2.367995,0,0,23679.95
01397 ,0032266,L L ,1.715,0,0,17150
01397 ,0057978,L L ,7.703849999999999,0,0,77038.5
01397 ,0049154,MIN ,1.4108499999999997,0,0,14108.5
01397 ,0003079,L L ,4.53096,0,0,45309.6
01397 ,0003080,L L ,0,0,0,0
01397 ,0029593,L L ,0,0,0,0
01397 ,0003081,L L ,1.6767799999999997,0,0,16767.8
01397 ,0022550,L L ,8.928955,0,0,89289.55
01397 ,0003083,L L ,3.312,0,0,33120
01397 ,0003084,L L ,2.0807499999999997,0,0,20807.5
01397 ,0022551,L L ,18.93178,0,0,189317.8
01397 ,0003086,L L ,1.2789,0,0,12789
01397 ,0003087,L L ,1.88,0,0,18800
01397 ,0003088,L L ,0,0,0,0
01397 ,0003089,L L ,2.3669799999999994,0,0,23669.8
01397 ,0003090,L L ,3.1444699999999997,0,0,31444.7
01397 ,0003096,L L ,3.3494999999999995,0,0,33495
01397 ,0003092,L L ,2.08,0,0,20800
01397 ,0003093,L L ,4.188904999999999,0,0,41889.05
01397 ,0003094,L L ,1.35,0,0,13500
01397 ,0003095,L L ,3.25,0,0,32500
01397 ,0028853,L L ,2.5882499999999995,0,0,25882.5
01397 ,0054122,L L ,1.5986249999999997,0,0,15986.25
01397 ,0003097,L L ,0,1,0,0
01397 ,0022552,L L ,1.1885649999999999,0,0,11885.65
01397 ,0003098,L L ,3.1058999999999997,0,0,31059
01397 ,0003099,L L ,1.6514049999999998,0,0,16514.05
01397 ,0003100,L L ,1.7792949999999996,0,0,17792.95
01397 ,0003101,L L ,1.8960199999999998,0,0,18960.2
01397 ,0068012,L L ,2.22894,0,0,22289.4
01397 ,0003102,L L ,0.9946999999999999,0,0,9947
01397 ,0036259,L L ,1.7051999999999998,0,0,17052
01397 ,0031394,L L ,3.045,0,0,30450
01397 ,0035017,L L ,0,0,0,0
01397 ,0022553,L L ,1.2981849999999997,0,0,12981.85
01397 ,0003104,L L ,2.02391,0,0,20239.1
01397 ,0031976,L L ,1.4372399999999999,0,0,14372.4
01397 ,0003105,L L ,0.54325,0,0,5432.5
01397 ,0003106,L L ,0.54325,0,0,5432.5
01397 ,0003107,L L ,0.82,0,0,8200
01397 ,0003109,L L ,1.4372399999999999,0,0,14372.4
01397 ,0050630,L L ,0.63945,0,0,6394.5
01397 ,0027803,L L ,2.1325149999999997,0,0,21325.15
01397 ,0003110,L L ,0,0,0,0
01397 ,0003111,L L ,1.5133649999999998,0,0,15133.65
01397 ,0003112,L L ,0,0,0,0
01397 ,0003113,L L ,1.15,0,0,11500
01397 ,0003114,L L ,3.985905,0,0,39859.05
01397 ,0003115,L L ,3.8092949999999997,0,0,38092.95
01397 ,0003116,L L ,2.1944299999999997,0,0,21944.3
01397 ,0003117,L L ,0,0,0,0
01397 ,0003119,L L ,0,0,0,0
01397 ,0003120,L L ,0,0,0,0
01397 ,0003121,L L ,8.766555,0,0,87665.55
01397 ,0003122,L L ,4.24473,0,0,42447.3
01397 ,0003123,L L ,6.125525,0,0,61255.25
01397 ,0003124,L L ,4.4254,0,0,44254
01397 ,0003125,L L ,0,0,0,0
01397 ,0003127,L L ,2.9749649999999996,0,0,29749.65
01397 ,0003128,L L ,0,0,0,0
01397 ,0003129,L L ,2.1325149999999997,0,0,21325.15
01397 ,0032500,L L ,1.11853,0,0,11185.3
01397 ,0032501,L L ,4.5421249999999995,0,0,45421.25
01397 ,0033606,L L ,0,0,0,0
01397 ,0051770,L L ,0,0,0,0
01397 ,0003131,SLVS,0,0,0,0
01397 ,0003132,SLVS,0,0,0,0
01397 ,0022556,FLRS,2.1081549999999996,0,0,21081.55
01397 ,0022557,FLRS,0,0,0,0
01397 ,0094672,BATT,870.1,0,0,8700999.91
01397 ,0094673,BATT,238,0,0,2379999.98
01397 ,0097744,BATT,572,0,0,5719999.94
01397 ,0104715,BATT,572,0,0,5719999.94
01397 ,0105032,BATT,533,0,0,5329999.95
01397 ,0032589,L L ,0,0,0,0
01397 ,0032593,PHOT,0,0,0,0
01397 ,0032612,PHOT,0,0,0,0
01397 ,0032592,PHOT,0,0,0,0
01397 ,0032621,PHOT,0,0,0,0
01397 ,0032613,PHOT,0,0,0,0
01397 ,0032622,PHOT,0,0,0,0
01397 ,0032594,PHOT,0,0,0,0
01397 ,0032595,PHOT,0,0,0,0
01397 ,0032624,PHOT,0,0,0,0
01397 ,0032591,L L ,0,0,0,0
01397 ,0032629,L L ,0,0,0,0
01397 ,0032628,L L ,0,0,0,0
01397 ,0032626,PHOT,0,0,0,0
01397 ,0032625,PHOT,0,0,0,0
01397 ,0032611,PHOT,0,0,0,0
01397 ,0032597,PHOT,0,0,0,0
01397 ,0032596,PHOT,0,0,0,0
01397 ,0032627,PHOT,0,0,0,0
01397 ,0032590,L L ,0,0,0,0
01397 ,0032623,PHOT,0,0,0,0
01397 ,0093939,MIN ,0.19285,0,0,1928.5
01397 ,0060965,MIN ,0.201985,0,0,2019.85
01397 ,0034139,L L ,0.14920499999999998,0,0,1492.05
01397 ,0049420,L L ,0.20299999999999999,0,0,2030
01397 ,0034140,L L ,0,0,0,0
01397 ,0086322,L L ,0.23345,0,0,2334.5
01397 ,0093929,MIN ,0.20299999999999999,0,0,2030
01397 ,0093932,MIN ,0.20299999999999999,0,0,2030
01397 ,0052949,MIN ,0.20299999999999999,0,0,2030
01397 ,0093931,MIN ,0.20299999999999999,0,0,2030
01397 ,0093930,MIN ,0.20299999999999999,0,0,2030
01397 ,0053409,STTV,17.589949999999998,0,0,175899.5
01397 ,0053408,STTV,5.431265,0,0,54312.65
01397 ,0047315,XMAS,0,0,0,0
01397 ,0047316,XMAS,5.236384999999999,0,0,52363.85
01397 ,0050162,STFX,17.489465,0,0,174894.65
01397 ,0053186,WIRE,25.190269999999998,0,0,251902.7
01397 ,0053179,L L ,0.201985,0,0,2019.85
01492 ,0002936,LIT ,0,0,0,0
01492 ,0002937,LIT ,0,0,0,0
01492 ,0002938,LIT ,0,0,0,0
01492 ,0002939,LIT ,0,0,0,0
01492 ,0031289,LIT ,0,0,0,0
01492 ,0031842,LIT ,0,0,0,0
01492 ,0032059,LIT ,0,0,0,0
01492 ,0060488,LIT ,0,0,0,0
01492 ,0060901,LIT ,0,0,0,0
01492 ,0066318,LIT ,0,0,0,0
01492 ,0002959,LIT ,0,0,0,0
01492 ,0002970,LIT ,0.10961999999999998,0,0,1096.2
01492 ,0003005,LIT ,0.6364049999999999,0,0,6364.05
01492 ,0003009,LIT ,3.24597,0,0,32459.7
01492 ,0003010,LIT ,0.226345,0,0,2263.45
01492 ,0003013,LIT ,2.8125649999999998,0,0,28125.65
01492 ,0002936,LIT ,0,0,0,0
01492 ,0002937,LIT ,0,0,0,0
01492 ,0032907,LIT ,0,0,0,0
01492 ,0032908,LIT ,0,0,0,0
01492 ,0031289,LIT ,0,0,0,0
01492 ,0031842,LIT ,0,0,0,0
01492 ,0032059,LIT ,0,0,0,0
01492 ,0060488,LIT ,0,0,0,0
01492 ,0060901,LIT ,0,0,0,0
01492 ,0066318,LIT ,0,0,0,0
01492 ,0002959,LIT ,0,0,0,0
01492 ,0002970,LIT ,0.10961999999999998,0,0,1096.2
01492 ,0003005,LIT ,0.6364049999999999,0,0,6364.05
01492 ,0003009,LIT ,3.24597,0,0,32459.7
01492 ,0003010,LIT ,0.226345,0,0,2263.45
01492 ,0003013,LIT ,2.8125649999999998,0,0,28125.65
01492 ,0066967,LIT ,0,0,0,0
01492 ,0003029,NONE,13.554309999999997,0,0,135543.1
01492 ,0003030,FLRS,1.56,0,0,15600
01492 ,0003031,FLRS,7.41,0,0,74100
01492 ,0003032,FLRS,1.015,0,0,10150
01492 ,0046979,L L ,0.49937999999999994,0,0,4993.8
01492 ,0003033,L L ,0,0,0,0
01492 ,0003034,L L ,0,0,0,0
01492 ,0052284,L L ,0.7104999999999999,0,0,7105
01492 ,0003035,L L ,0,0,0,0
01492 ,0003036,L L ,0,0,0,0
01492 ,0003037,L L ,3.184055,0,0,31840.55
01492 ,0003038,L L ,0.7104999999999999,0,0,7105
01492 ,0003039,L L ,0.658735,0,0,6587.35
01492 ,0003040,L L ,1.6097899999999998,0,0,16097.9
01492 ,0003041,L L ,2.56,0,0,25600
01492 ,0003042,L L ,1.35,0,0,13500
01492 ,0003043,L L ,0.4770499999999999,0,0,4770.5
01492 ,0003044,L L ,0,0,0,0
01492 ,0003045,L L ,0,0,0,0
01492 ,0003046,L L ,0,0,0,0
01492 ,0024653,L L ,0.5724599999999999,0,0,5724.6
01492 ,0003047,L L ,0,0,0,0
01492 ,0036509,L L ,3.89151,0,0,38915.1
01492 ,0029717,L L ,0,0,0,0
01492 ,0034615,L L ,1.8665849999999997,0,0,18665.85
01492 ,0003048,L L ,0.8119999999999999,0,0,8120
01492 ,0003049,L L ,2.8531649999999997,0,0,28531.65
01492 ,0003050,L L ,2.225895,0,0,22258.95
01492 ,0003051,L L ,0,0,0,0
01492 ,0028043,L L ,0,0,0,0
01492 ,0052128,L L ,0,0,0,0
01492 ,0067256,L L ,0.532875,0,0,5328.75
01492 ,0003052,L L ,0,0,0,0
01492 ,0003055,L L ,1.5123499999999999,0,0,15123.5
01492 ,0003058,L L ,0.9175599999999999,0,0,9175.6
01492 ,0003059,L L ,0,0,0,0
01492 ,0003060,L L ,0.47907999999999995,0,0,4790.8
01492 ,0003061,L L ,1.93,0,0,19300
01492 ,0035807,L L ,2.5780999999999996,0,0,25781
01492 ,0003063,L L ,0,0,0,0
01492 ,0003065,L L ,0.43644999999999995,0,0,4364.5
01492 ,0047126,L L ,5.138945,0,0,51389.45
01492 ,0003066,L L ,0.43,0,0,4300
01492 ,0003067,L L ,0,0,0,0
01492 ,0003068,L L ,0,0,0,0
01492 ,0003069,L L ,0,0,0,0
01492 ,0003070,L L ,0,0,0,0
01492 ,0003071,L L ,0,0,0,0
01492 ,0032360,L L ,1.4372399999999999,0,0,14372.4
01492 ,0003073,L L ,2.99425,0,0,29942.5
01492 ,0003074,L L ,0,0,0,0
01492 ,0032261,L L ,0,0,0,0
01492 ,0033362,L L ,1.8117749999999997,0,0,18117.75
01492 ,0034288,L L ,2.367995,0,0,23679.95
01492 ,0032266,L L ,1.715,0,0,17150
01492 ,0057978,L L ,7.703849999999999,0,0,77038.5
01492 ,0049154,MIN ,1.4108499999999997,0,0,14108.5
01492 ,0003079,L L ,4.53096,0,0,45309.6
01492 ,0003080,L L ,0,0,0,0
01492 ,0029593,L L ,0,0,0,0
01492 ,0003081,L L ,1.6767799999999997,0,0,16767.8
01492 ,0022550,L L ,8.928955,0,0,89289.55
01492 ,0003083,L L ,3.312,0,0,33120
01492 ,0003084,L L ,2.0807499999999997,0,0,20807.5
01492 ,0022551,L L ,18.93178,0,0,189317.8
01492 ,0003086,L L ,1.2789,0,0,12789
01492 ,0003087,L L ,1.88,0,0,18800
01492 ,0003088,L L ,0,0,0,0
01492 ,0003089,L L ,2.3669799999999994,0,0,23669.8
01492 ,0003090,L L ,3.1444699999999997,0,0,31444.7
01492 ,0003096,L L ,3.3494999999999995,0,0,33495
01492 ,0003092,L L ,2.08,0,0,20800
01492 ,0003093,L L ,4.188904999999999,0,0,41889.05
01492 ,0003094,L L ,1.35,0,0,13500
01492 ,0003095,L L ,3.25,0,0,32500
01492 ,0028853,L L ,2.5882499999999995,0,0,25882.5
01492 ,0054122,L L ,1.5986249999999997,0,0,15986.25
01492 ,0003097,L L ,0,1,0,0
01492 ,0022552,L L ,1.1885649999999999,0,0,11885.65
01492 ,0003098,L L ,3.1058999999999997,0,0,31059
01492 ,0003099,L L ,1.6514049999999998,0,0,16514.05
01492 ,0003100,L L ,1.7792949999999996,0,0,17792.95
01492 ,0003101,L L ,1.8960199999999998,0,0,18960.2
01492 ,0068012,L L ,2.22894,0,0,22289.4
01492 ,0003102,L L ,0.9946999999999999,0,0,9947
01492 ,0036259,L L ,1.7051999999999998,0,0,17052
01492 ,0031394,L L ,3.045,0,0,30450
01492 ,0035017,L L ,0,0,0,0
01492 ,0022553,L L ,1.2981849999999997,0,0,12981.85
01492 ,0003104,L L ,2.02391,0,0,20239.1
01492 ,0031976,L L ,1.4372399999999999,0,0,14372.4
01492 ,0003105,L L ,0.54325,0,0,5432.5
01492 ,0003106,L L ,0.54325,0,0,5432.5
01492 ,0003107,L L ,0.82,0,0,8200
01492 ,0003109,L L ,1.4372399999999999,0,0,14372.4
01492 ,0050630,L L ,0.63945,0,0,6394.5
01492 ,0027803,L L ,2.1325149999999997,0,0,21325.15
01492 ,0003110,L L ,0,0,0,0
01492 ,0003111,L L ,1.5133649999999998,0,0,15133.65
01492 ,0003112,L L ,0,0,0,0
01492 ,0003113,L L ,1.15,0,0,11500
01492 ,0003114,L L ,3.985905,0,0,39859.05
01492 ,0003115,L L ,3.8092949999999997,0,0,38092.95
01492 ,0003116,L L ,2.1944299999999997,0,0,21944.3
01492 ,0003117,L L ,0,0,0,0
01492 ,0003119,L L ,0,0,0,0
01492 ,0003120,L L ,0,0,0,0
01492 ,0003121,L L ,8.766555,0,0,87665.55
01492 ,0003122,L L ,4.24473,0,0,42447.3
01492 ,0003123,L L ,6.125525,0,0,61255.25
01492 ,0003124,L L ,4.4254,0,0,44254
01492 ,0003125,L L ,0,0,0,0
01492 ,0003127,L L ,2.9749649999999996,0,0,29749.65
01492 ,0003128,L L ,0,0,0,0
01492 ,0003129,L L ,2.1325149999999997,0,0,21325.15
01492 ,0032500,L L ,1.11853,0,0,11185.3
01492 ,0032501,L L ,4.5421249999999995,0,0,45421.25
01492 ,0033606,L L ,0,0,0,0
01492 ,0051770,L L ,0,0,0,0
01492 ,0003131,SLVS,0,0,0,0
01492 ,0003132,SLVS,0,0,0,0
01492 ,0022556,FLRS,2.1081549999999996,0,0,21081.55
01492 ,0022557,FLRS,0,0,0,0
01492 ,0094672,BATT,870.1,0,0,8700999.91
01492 ,0094673,BATT,238,0,0,2379999.98
01492 ,0097744,BATT,572,0,0,5719999.94
01492 ,0104715,BATT,572,0,0,5719999.94
01492 ,0105032,BATT,533,0,0,5329999.95
01492 ,0032589,L L ,0,0,0,0
01492 ,0032593,PHOT,0,0,0,0
01492 ,0032612,PHOT,0,0,0,0
01492 ,0032592,PHOT,0,0,0,0
01492 ,0032621,PHOT,0,0,0,0
01492 ,0032613,PHOT,0,0,0,0
01492 ,0032622,PHOT,0,0,0,0
01492 ,0032594,PHOT,0,0,0,0
01492 ,0032595,PHOT,0,0,0,0
01492 ,0032624,PHOT,0,0,0,0
01492 ,0032591,L L ,0,0,0,0
01492 ,0032629,L L ,0,0,0,0
01492 ,0032628,L L ,0,0,0,0
01492 ,0032626,PHOT,0,0,0,0
01492 ,0032625,PHOT,0,0,0,0
01492 ,0032611,PHOT,0,0,0,0
01492 ,0032597,PHOT,0,0,0,0
01492 ,0032596,PHOT,0,0,0,0
01492 ,0032627,PHOT,0,0,0,0
01492 ,0032590,L L ,0,0,0,0
01492 ,0032623,PHOT,0,0,0,0
01492 ,0093939,MIN ,0.19285,0,0,1928.5
01492 ,0060965,MIN ,0.201985,0,0,2019.85
01492 ,0034139,L L ,0.14920499999999998,0,0,1492.05
01492 ,0049420,L L ,0.20299999999999999,0,0,2030
01492 ,0034140,L L ,0,0,0,0
01492 ,0086322,L L ,0.23345,0,0,2334.5
01492 ,0093929,MIN ,0.20299999999999999,0,0,2030
01492 ,0093932,MIN ,0.20299999999999999,0,0,2030
01492 ,0052949,MIN ,0.20299999999999999,0,0,2030
01492 ,0093931,MIN ,0.20299999999999999,0,0,2030
01492 ,0093930,MIN ,0.20299999999999999,0,0,2030
01492 ,0053409,STTV,17.589949999999998,0,0,175899.5
01492 ,0053408,STTV,5.431265,0,0,54312.65
01492 ,0047315,XMAS,0,0,0,0
01492 ,0047316,XMAS,5.236384999999999,0,0,52363.85
01492 ,0050162,STFX,17.489465,0,0,174894.65
01492 ,0053186,WIRE,25.190269999999998,0,0,251902.7
01492 ,0053179,L L ,0.201985,0,0,2019.85
01506 ,0002936,LIT ,0,0,0,0
01506 ,0002937,LIT ,0,0,0,0
01506 ,0002938,LIT ,0,0,0,0
01506 ,0002939,LIT ,0,0,0,0
01506 ,0031289,LIT ,0,0,0,0
01506 ,0031842,LIT ,0,0,0,0
01506 ,0032059,LIT ,0,0,0,0
01506 ,0060488,LIT ,0,0,0,0
01506 ,0060901,LIT ,0,0,0,0
01506 ,0066318,LIT ,0,0,0,0
01506 ,0002959,LIT ,0,0,0,0
01506 ,0002970,LIT ,0.10961999999999998,0,0,1096.2
01506 ,0003005,LIT ,0.6364049999999999,0,0,6364.05
01506 ,0003009,LIT ,3.24597,0,0,32459.7
01506 ,0003010,LIT ,0.226345,0,0,2263.45
01506 ,0003013,LIT ,2.8125649999999998,0,0,28125.65
01506 ,0002936,LIT ,0,0,0,0
01506 ,0002937,LIT ,0,0,0,0
01506 ,0032907,LIT ,0,0,0,0
01506 ,0032908,LIT ,0,0,0,0
01506 ,0031289,LIT ,0,0,0,0
01506 ,0031842,LIT ,0,0,0,0
01506 ,0032059,LIT ,0,0,0,0
01506 ,0060488,LIT ,0,0,0,0
01506 ,0060901,LIT ,0,0,0,0
01506 ,0066318,LIT ,0,0,0,0
01506 ,0002959,LIT ,0,0,0,0
01506 ,0002970,LIT ,0.10961999999999998,0,0,1096.2
01506 ,0003005,LIT ,0.6364049999999999,0,0,6364.05
01506 ,0003009,LIT ,3.24597,0,0,32459.7
01506 ,0003010,LIT ,0.226345,0,0,2263.45
01506 ,0003013,LIT ,2.8125649999999998,0,0,28125.65
01506 ,0066967,LIT ,0,0,0,0
01506 ,0003029,NONE,13.554309999999997,0,0,135543.1
01506 ,0003030,FLRS,1.56,0,0,15600
01506 ,0003031,FLRS,7.41,0,0,74100
01506 ,0003032,FLRS,1.015,0,0,10150
01506 ,0046979,L L ,0.49937999999999994,0,0,4993.8
01506 ,0003033,L L ,0,0,0,0
01506 ,0003034,L L ,0,0,0,0
01506 ,0052284,L L ,0.7104999999999999,0,0,7105
01506 ,0003035,L L ,0,0,0,0
01506 ,0003036,L L ,0,0,0,0
01506 ,0003037,L L ,3.184055,0,0,31840.55
01506 ,0003038,L L ,0.7104999999999999,0,0,7105
01506 ,0003039,L L ,0.658735,0,0,6587.35
01506 ,0003040,L L ,1.6097899999999998,0,0,16097.9
01506 ,0003041,L L ,2.56,0,0,25600
01506 ,0003042,L L ,1.35,0,0,13500
01506 ,0003043,L L ,0.4770499999999999,0,0,4770.5
01506 ,0003044,L L ,0,0,0,0
01506 ,0003045,L L ,0,0,0,0
01506 ,0003046,L L ,0,0,0,0
01506 ,0024653,L L ,0.5724599999999999,0,0,5724.6
01506 ,0003047,L L ,0,0,0,0
01506 ,0036509,L L ,3.89151,0,0,38915.1
01506 ,0029717,L L ,0,0,0,0
01506 ,0034615,L L ,1.8665849999999997,0,0,18665.85
01506 ,0003048,L L ,0.8119999999999999,0,0,8120
01506 ,0003049,L L ,2.8531649999999997,0,0,28531.65
01506 ,0003050,L L ,2.225895,0,0,22258.95
01506 ,0003051,L L ,0,0,0,0
01506 ,0028043,L L ,0,0,0,0
01506 ,0052128,L L ,0,0,0,0
01506 ,0067256,L L ,0.532875,0,0,5328.75
01506 ,0003052,L L ,0,0,0,0
01506 ,0003055,L L ,1.5123499999999999,0,0,15123.5
01506 ,0003058,L L ,0.9175599999999999,0,0,9175.6
01506 ,0003059,L L ,0,0,0,0
01506 ,0003060,L L ,0.47907999999999995,0,0,4790.8
01506 ,0003061,L L ,1.93,0,0,19300
01506 ,0035807,L L ,2.5780999999999996,0,0,25781
01506 ,0003063,L L ,0,0,0,0
01506 ,0003065,L L ,0.43644999999999995,0,0,4364.5
01506 ,0047126,L L ,5.138945,0,0,51389.45
01506 ,0003066,L L ,0.43,0,0,4300
01506 ,0003067,L L ,0,0,0,0
01506 ,0003068,L L ,0,0,0,0
01506 ,0003069,L L ,0,0,0,0
01506 ,0003070,L L ,0,0,0,0
01506 ,0003071,L L ,0,0,0,0
01506 ,0032360,L L ,1.4372399999999999,0,0,14372.4
01506 ,0003073,L L ,2.99425,0,0,29942.5
01506 ,0003074,L L ,0,0,0,0
01506 ,0032261,L L ,0,0,0,0
01506 ,0033362,L L ,1.8117749999999997,0,0,18117.75
01506 ,0034288,L L ,2.367995,0,0,23679.95
01506 ,0032266,L L ,1.715,0,0,17150
01506 ,0057978,L L ,7.703849999999999,0,0,77038.5
01506 ,0049154,MIN ,1.4108499999999997,0,0,14108.5
01506 ,0003079,L L ,4.53096,0,0,45309.6
01506 ,0003080,L L ,0,0,0,0
01506 ,0029593,L L ,0,0,0,0
01506 ,0003081,L L ,1.6767799999999997,0,0,16767.8
01506 ,0022550,L L ,8.928955,0,0,89289.55
01506 ,0003083,L L ,3.312,0,0,33120
01506 ,0003084,L L ,2.0807499999999997,0,0,20807.5
01506 ,0022551,L L ,18.93178,0,0,189317.8
01506 ,0003086,L L ,1.2789,0,0,12789
01506 ,0003087,L L ,1.88,0,0,18800
01506 ,0003088,L L ,0,0,0,0
01506 ,0003089,L L ,2.3669799999999994,0,0,23669.8
01506 ,0003090,L L ,3.1444699999999997,0,0,31444.7
01506 ,0003096,L L ,3.3494999999999995,0,0,33495
01506 ,0003092,L L ,2.08,0,0,20800
01506 ,0003093,L L ,4.188904999999999,0,0,41889.05
01506 ,0003094,L L ,1.35,0,0,13500
01506 ,0003095,L L ,3.25,0,0,32500
01506 ,0028853,L L ,2.5882499999999995,0,0,25882.5
01506 ,0054122,L L ,1.5986249999999997,0,0,15986.25
01506 ,0003097,L L ,0,1,0,0
01506 ,0022552,L L ,1.1885649999999999,0,0,11885.65
01506 ,0003098,L L ,3.1058999999999997,0,0,31059
01506 ,0003099,L L ,1.6514049999999998,0,0,16514.05
01506 ,0003100,L L ,1.7792949999999996,0,0,17792.95
01506 ,0003101,L L ,1.8960199999999998,0,0,18960.2
01506 ,0068012,L L ,2.22894,0,0,22289.4
01506 ,0003102,L L ,0.9946999999999999,0,0,9947
01506 ,0036259,L L ,1.7051999999999998,0,0,17052
01506 ,0031394,L L ,3.045,0,0,30450
01506 ,0035017,L L ,0,0,0,0
01506 ,0022553,L L ,1.2981849999999997,0,0,12981.85
01506 ,0003104,L L ,2.02391,0,0,20239.1
01506 ,0031976,L L ,1.4372399999999999,0,0,14372.4
01506 ,0003105,L L ,0.54325,0,0,5432.5
01506 ,0003106,L L ,0.54325,0,0,5432.5
01506 ,0003107,L L ,0.82,0,0,8200
01506 ,0003109,L L ,1.4372399999999999,0,0,14372.4
01506 ,0050630,L L ,0.63945,0,0,6394.5
01506 ,0027803,L L ,2.1325149999999997,0,0,21325.15
01506 ,0003110,L L ,0,0,0,0
01506 ,0003111,L L ,1.5133649999999998,0,0,15133.65
01506 ,0003112,L L ,0,0,0,0
01506 ,0003113,L L ,1.15,0,0,11500
01506 ,0003114,L L ,3.985905,0,0,39859.05
01506 ,0003115,L L ,3.8092949999999997,0,0,38092.95
01506 ,0003116,L L ,2.1944299999999997,0,0,21944.3
01506 ,0003117,L L ,0,0,0,0
01506 ,0003119,L L ,0,0,0,0
01506 ,0003120,L L ,0,0,0,0
01506 ,0003121,L L ,8.766555,0,0,87665.55
01506 ,0003122,L L ,4.24473,0,0,42447.3
01506 ,0003123,L L ,6.125525,0,0,61255.25
01506 ,0003124,L L ,4.4254,0,0,44254
01506 ,0003125,L L ,0,0,0,0
01506 ,0003127,L L ,2.9749649999999996,0,0,29749.65
01506 ,0003128,L L ,0,0,0,0
01506 ,0003129,L L ,2.1325149999999997,0,0,21325.15
01506 ,0032500,L L ,1.11853,0,0,11185.3
01506 ,0032501,L L ,4.5421249999999995,0,0,45421.25
01506 ,0033606,L L ,0,0,0,0
01506 ,0051770,L L ,0,0,0,0
01506 ,0003131,SLVS,0,0,0,0
01506 ,0003132,SLVS,0,0,0,0
01506 ,0022556,FLRS,2.1081549999999996,0,0,21081.55
01506 ,0022557,FLRS,0,0,0,0
01506 ,0094672,BATT,870.1,0,0,8700999.91
01506 ,0094673,BATT,238,0,0,2379999.98
01506 ,0097744,BATT,572,0,0,5719999.94
01506 ,0104715,BATT,572,0,0,5719999.94
01506 ,0105032,BATT,533,0,0,5329999.95
01506 ,0032589,L L ,0,0,0,0
01506 ,0032593,PHOT,0,0,0,0
01506 ,0032612,PHOT,0,0,0,0
01506 ,0032592,PHOT,0,0,0,0
01506 ,0032621,PHOT,0,0,0,0
01506 ,0032613,PHOT,0,0,0,0
01506 ,0032622,PHOT,0,0,0,0
01506 ,0032594,PHOT,0,0,0,0
01506 ,0032595,PHOT,0,0,0,0
01506 ,0032624,PHOT,0,0,0,0
01506 ,0032591,L L ,0,0,0,0
01506 ,0032629,L L ,0,0,0,0
01506 ,0032628,L L ,0,0,0,0
01506 ,0032626,PHOT,0,0,0,0
01506 ,0032625,PHOT,0,0,0,0
01506 ,0032611,PHOT,0,0,0,0
01506 ,0032597,PHOT,0,0,0,0
01506 ,0032596,PHOT,0,0,0,0
01506 ,0032627,PHOT,0,0,0,0
01506 ,0032590,L L ,0,0,0,0
01506 ,0032623,PHOT,0,0,0,0
01506 ,0093939,MIN ,0.19285,0,0,1928.5
01506 ,0060965,MIN ,0.201985,0,0,2019.85
01506 ,0034139,L L ,0.14920499999999998,0,0,1492.05
01506 ,0049420,L L ,0.20299999999999999,0,0,2030
01506 ,0034140,L L ,0,0,0,0
01506 ,0086322,L L ,0.23345,0,0,2334.5
01506 ,0093929,MIN ,0.20299999999999999,0,0,2030
01506 ,0093932,MIN ,0.20299999999999999,0,0,2030
01506 ,0052949,MIN ,0.20299999999999999,0,0,2030
01506 ,0093931,MIN ,0.20299999999999999,0,0,2030
01506 ,0093930,MIN ,0.20299999999999999,0,0,2030
01506 ,0053409,STTV,17.589949999999998,0,0,175899.5
01506 ,0053408,STTV,5.431265,0,0,54312.65
01506 ,0047315,XMAS,0,0,0,0
01506 ,0047316,XMAS,5.236384999999999,0,0,52363.85
01506 ,0050162,STFX,17.489465,0,0,174894.65
01506 ,0053186,WIRE,25.190269999999998,0,0,251902.7
01506 ,0053179,L L ,0.201985,0,0,2019.85
01519 ,0002936,LIT ,0,0,0,0
01519 ,0002937,LIT ,0,0,0,0
01519 ,0002938,LIT ,0,0,0,0
01519 ,0002939,LIT ,0,0,0,0
01519 ,0031289,LIT ,0,0,0,0
01519 ,0031842,LIT ,0,0,0,0
01519 ,0032059,LIT ,0,0,0,0
01519 ,0060488,LIT ,0,0,0,0
01519 ,0060901,LIT ,0,0,0,0
01519 ,0066318,LIT ,0,0,0,0
01519 ,0002959,LIT ,0,0,0,0
01519 ,0002970,LIT ,0.10961999999999998,0,0,1096.2
01519 ,0003005,LIT ,0.6364049999999999,0,0,6364.05
01519 ,0003009,LIT ,3.24597,0,0,32459.7
01519 ,0003010,LIT ,0.226345,0,0,2263.45
01519 ,0003013,LIT ,2.8125649999999998,0,0,28125.65
01519 ,0002936,LIT ,0,0,0,0
01519 ,0002937,LIT ,0,0,0,0
01519 ,0032907,LIT ,0,0,0,0
01519 ,0032908,LIT ,0,0,0,0
01519 ,0031289,LIT ,0,0,0,0
01519 ,0031842,LIT ,0,0,0,0
01519 ,0032059,LIT ,0,0,0,0
01519 ,0060488,LIT ,0,0,0,0
01519 ,0060901,LIT ,0,0,0,0
01519 ,0066318,LIT ,0,0,0,0
01519 ,0002959,LIT ,0,0,0,0
01519 ,0002970,LIT ,0.10961999999999998,0,0,1096.2
01519 ,0003005,LIT ,0.6364049999999999,0,0,6364.05
01519 ,0003009,LIT ,3.24597,0,0,32459.7
01519 ,0003010,LIT ,0.226345,0,0,2263.45
01519 ,0003013,LIT ,2.8125649999999998,0,0,28125.65
01519 ,0066967,LIT ,0,0,0,0
01519 ,0003029,NONE,13.554309999999997,0,0,135543.1
01519 ,0003030,FLRS,1.56,0,0,15600
01519 ,0003031,FLRS,7.41,0,0,74100
01519 ,0003032,FLRS,1.015,0,0,10150
01519 ,0046979,L L ,0.49937999999999994,0,0,4993.8
01519 ,0003033,L L ,0,0,0,0
01519 ,0003034,L L ,0,0,0,0
01519 ,0052284,L L ,0.7104999999999999,0,0,7105
01519 ,0003035,L L ,0,0,0,0
01519 ,0003036,L L ,0,0,0,0
01519 ,0003037,L L ,3.184055,0,0,31840.55
01519 ,0003038,L L ,0.7104999999999999,0,0,7105
01519 ,0003039,L L ,0.658735,0,0,6587.35
01519 ,0003040,L L ,1.6097899999999998,0,0,16097.9
01519 ,0003041,L L ,2.56,0,0,25600
01519 ,0003042,L L ,1.35,0,0,13500
01519 ,0003043,L L ,0.4770499999999999,0,0,4770.5
01519 ,0003044,L L ,0,0,0,0
01519 ,0003045,L L ,0,0,0,0
01519 ,0003046,L L ,0,0,0,0
01519 ,0024653,L L ,0.5724599999999999,0,0,5724.6
01519 ,0003047,L L ,0,0,0,0
01519 ,0036509,L L ,3.89151,0,0,38915.1
01519 ,0029717,L L ,0,0,0,0
01519 ,0034615,L L ,1.8665849999999997,0,0,18665.85
01519 ,0003048,L L ,0.8119999999999999,0,0,8120
01519 ,0003049,L L ,2.8531649999999997,0,0,28531.65
01519 ,0003050,L L ,2.225895,0,0,22258.95
01519 ,0003051,L L ,0,0,0,0
01519 ,0028043,L L ,0,0,0,0
01519 ,0052128,L L ,0,0,0,0
01519 ,0067256,L L ,0.532875,0,0,5328.75
01519 ,0003052,L L ,0,0,0,0
01519 ,0003055,L L ,1.5123499999999999,0,0,15123.5
01519 ,0003058,L L ,0.9175599999999999,0,0,9175.6
01519 ,0003059,L L ,0,0,0,0
01519 ,0003060,L L ,0.47907999999999995,0,0,4790.8
01519 ,0003061,L L ,1.93,0,0,19300
01519 ,0035807,L L ,2.5780999999999996,0,0,25781
01519 ,0003063,L L ,0,0,0,0
01519 ,0003065,L L ,0.43644999999999995,0,0,4364.5
01519 ,0047126,L L ,5.138945,0,0,51389.45
01519 ,0003066,L L ,0.43,0,0,4300
01519 ,0003067,L L ,0,0,0,0
01519 ,0003068,L L ,0,0,0,0
01519 ,0003069,L L ,0,0,0,0
01519 ,0003070,L L ,0,0,0,0
01519 ,0003071,L L ,0,0,0,0
01519 ,0032360,L L ,1.4372399999999999,0,0,14372.4
01519 ,0003073,L L ,2.99425,0,0,29942.5
01519 ,0003074,L L ,0,0,0,0
01519 ,0032261,L L ,0,0,0,0
01519 ,0033362,L L ,1.8117749999999997,0,0,18117.75
01519 ,0034288,L L ,2.367995,0,0,23679.95
01519 ,0032266,L L ,1.715,0,0,17150
01519 ,0057978,L L ,7.703849999999999,0,0,77038.5
01519 ,0049154,MIN ,1.4108499999999997,0,0,14108.5
01519 ,0003079,L L ,4.53096,0,0,45309.6
01519 ,0003080,L L ,0,0,0,0
01519 ,0029593,L L ,0,0,0,0
01519 ,0003081,L L ,1.6767799999999997,0,0,16767.8
01519 ,0022550,L L ,8.928955,0,0,89289.55
01519 ,0003083,L L ,3.312,0,0,33120
01519 ,0003084,L L ,2.0807499999999997,0,0,20807.5
01519 ,0022551,L L ,18.93178,0,0,189317.8
01519 ,0003086,L L ,1.2789,0,0,12789
01519 ,0003087,L L ,1.88,0,0,18800
01519 ,0003088,L L ,0,0,0,0
01519 ,0003089,L L ,2.3669799999999994,0,0,23669.8
01519 ,0003090,L L ,3.1444699999999997,0,0,31444.7
01519 ,0003096,L L ,3.3494999999999995,0,0,33495
01519 ,0003092,L L ,2.08,0,0,20800
01519 ,0003093,L L ,4.188904999999999,0,0,41889.05
01519 ,0003094,L L ,1.35,0,0,13500
01519 ,0003095,L L ,3.25,0,0,32500
01519 ,0028853,L L ,2.5882499999999995,0,0,25882.5
01519 ,0054122,L L ,1.5986249999999997,0,0,15986.25
01519 ,0003097,L L ,0,1,0,0
01519 ,0022552,L L ,1.1885649999999999,0,0,11885.65
01519 ,0003098,L L ,3.1058999999999997,0,0,31059
01519 ,0003099,L L ,1.6514049999999998,0,0,16514.05
01519 ,0003100,L L ,1.7792949999999996,0,0,17792.95
01519 ,0003101,L L ,1.8960199999999998,0,0,18960.2
01519 ,0068012,L L ,2.22894,0,0,22289.4
01519 ,0003102,L L ,0.9946999999999999,0,0,9947
01519 ,0036259,L L ,1.7051999999999998,0,0,17052
01519 ,0031394,L L ,3.045,0,0,30450
01519 ,0035017,L L ,0,0,0,0
01519 ,0022553,L L ,1.2981849999999997,0,0,12981.85
01519 ,0003104,L L ,2.02391,0,0,20239.1
01519 ,0031976,L L ,1.4372399999999999,0,0,14372.4
01519 ,0003105,L L ,0.54325,0,0,5432.5
01519 ,0003106,L L ,0.54325,0,0,5432.5
01519 ,0003107,L L ,0.82,0,0,8200
01519 ,0003109,L L ,1.4372399999999999,0,0,14372.4
01519 ,0050630,L L ,0.63945,0,0,6394.5
01519 ,0027803,L L ,2.1325149999999997,0,0,21325.15
01519 ,0003110,L L ,0,0,0,0
01519 ,0003111,L L ,1.5133649999999998,0,0,15133.65
01519 ,0003112,L L ,0,0,0,0
01519 ,0003113,L L ,1.15,0,0,11500
01519 ,0003114,L L ,3.985905,0,0,39859.05
01519 ,0003115,L L ,3.8092949999999997,0,0,38092.95
01519 ,0003116,L L ,2.1944299999999997,0,0,21944.3
01519 ,0003117,L L ,0,0,0,0
01519 ,0003119,L L ,0,0,0,0
01519 ,0003120,L L ,0,0,0,0
01519 ,0003121,L L ,8.766555,0,0,87665.55
01519 ,0003122,L L ,4.24473,0,0,42447.3
01519 ,0003123,L L ,6.125525,0,0,61255.25
01519 ,0003124,L L ,4.4254,0,0,44254
01519 ,0003125,L L ,0,0,0,0
01519 ,0003127,L L ,2.9749649999999996,0,0,29749.65
01519 ,0003128,L L ,0,0,0,0
01519 ,0003129,L L ,2.1325149999999997,0,0,21325.15
01519 ,0032500,L L ,1.11853,0,0,11185.3
01519 ,0032501,L L ,4.5421249999999995,0,0,45421.25
01519 ,0033606,L L ,0,0,0,0
01519 ,0051770,L L ,0,0,0,0
01519 ,0003131,SLVS,0,0,0,0
01519 ,0003132,SLVS,0,0,0,0
01519 ,0022556,FLRS,2.1081549999999996,0,0,21081.55
01519 ,0022557,FLRS,0,0,0,0
01519 ,0094672,BATT,870.1,0,0,8700999.91
01519 ,0094673,BATT,238,0,0,2379999.98
01519 ,0097744,BATT,572,0,0,5719999.94
01519 ,0104715,BATT,572,0,0,5719999.94
01519 ,0105032,BATT,533,0,0,5329999.95
01519 ,0032589,L L ,0,0,0,0
01519 ,0032593,PHOT,0,0,0,0
01519 ,0032612,PHOT,0,0,0,0
01519 ,0032592,PHOT,0,0,0,0
01519 ,0032621,PHOT,0,0,0,0
01519 ,0032613,PHOT,0,0,0,0
01519 ,0032622,PHOT,0,0,0,0
01519 ,0032594,PHOT,0,0,0,0
01519 ,0032595,PHOT,0,0,0,0
01519 ,0032624,PHOT,0,0,0,0
01519 ,0032591,L L ,0,0,0,0
01519 ,0032629,L L ,0,0,0,0
01519 ,0032628,L L ,0,0,0,0
01519 ,0032626,PHOT,0,0,0,0
01519 ,0032625,PHOT,0,0,0,0
01519 ,0032611,PHOT,0,0,0,0
01519 ,0032597,PHOT,0,0,0,0
01519 ,0032596,PHOT,0,0,0,0
01519 ,0032627,PHOT,0,0,0,0
01519 ,0032590,L L ,0,0,0,0
01519 ,0032623,PHOT,0,0,0,0
01519 ,0093939,MIN ,0.19285,0,0,1928.5
01519 ,0060965,MIN ,0.201985,0,0,2019.85
01519 ,0034139,L L ,0.14920499999999998,0,0,1492.05
01519 ,0049420,L L ,0.20299999999999999,0,0,2030
01519 ,0034140,L L ,0,0,0,0
01519 ,0086322,L L ,0.23345,0,0,2334.5
01519 ,0093929,MIN ,0.20299999999999999,0,0,2030
01519 ,0093932,MIN ,0.20299999999999999,0,0,2030
01519 ,0052949,MIN ,0.20299999999999999,0,0,2030
01519 ,0093931,MIN ,0.20299999999999999,0,0,2030
01519 ,0093930,MIN ,0.20299999999999999,0,0,2030
01519 ,0053409,STTV,17.589949999999998,0,0,175899.5
01519 ,0053408,STTV,5.431265,0,0,54312.65
01519 ,0047315,XMAS,0,0,0,0
01519 ,0047316,XMAS,5.236384999999999,0,0,52363.85
01519 ,0050162,STFX,17.489465,0,0,174894.65
01519 ,0053186,WIRE,25.190269999999998,0,0,251902.7
01519 ,0053179,L L ,0.201985,0,0,2019.85
01536 ,0002936,LIT ,0,0,0,0
01536 ,0002937,LIT ,0,0,0,0
01536 ,0002938,LIT ,0,0,0,0
01536 ,0002939,LIT ,0,0,0,0
01536 ,0031289,LIT ,0,0,0,0
01536 ,0031842,LIT ,0,0,0,0
01536 ,0032059,LIT ,0,0,0,0
01536 ,0060488,LIT ,0,0,0,0
01536 ,0060901,LIT ,0,0,0,0
01536 ,0066318,LIT ,0,0,0,0
01536 ,0002959,LIT ,0,0,0,0
01536 ,0002970,LIT ,0.10961999999999998,0,0,1096.2
01536 ,0003005,LIT ,0.6364049999999999,0,0,6364.05
01536 ,0003009,LIT ,3.24597,0,0,32459.7
01536 ,0003010,LIT ,0.226345,0,0,2263.45
01536 ,0003013,LIT ,2.8125649999999998,0,0,28125.65
01536 ,0002936,LIT ,0,0,0,0
01536 ,0002937,LIT ,0,0,0,0
01536 ,0032907,LIT ,0,0,0,0
01536 ,0032908,LIT ,0,0,0,0
01536 ,0031289,LIT ,0,0,0,0
01536 ,0031842,LIT ,0,0,0,0
01536 ,0032059,LIT ,0,0,0,0
01536 ,0060488,LIT ,0,0,0,0
01536 ,0060901,LIT ,0,0,0,0
01536 ,0066318,LIT ,0,0,0,0
01536 ,0002959,LIT ,0,0,0,0
01536 ,0002970,LIT ,0.10961999999999998,0,0,1096.2
01536 ,0003005,LIT ,0.6364049999999999,0,0,6364.05
01536 ,0003009,LIT ,3.24597,0,0,32459.7
01536 ,0003010,LIT ,0.226345,0,0,2263.45
01536 ,0003013,LIT ,2.8125649999999998,0,0,28125.65
01536 ,0066967,LIT ,0,0,0,0
01536 ,0003029,NONE,13.554309999999997,0,0,135543.1
01536 ,0003030,FLRS,1.56,0,0,15600
01536 ,0003031,FLRS,7.41,0,0,74100
01536 ,0003032,FLRS,1.015,0,0,10150
01536 ,0046979,L L ,0.49937999999999994,0,0,4993.8
01536 ,0003033,L L ,0,0,0,0
01536 ,0003034,L L ,0,0,0,0
01536 ,0052284,L L ,0.7104999999999999,0,0,7105
01536 ,0003035,L L ,0,0,0,0
01536 ,0003036,L L ,0,0,0,0
01536 ,0003037,L L ,3.184055,0,0,31840.55
01536 ,0003038,L L ,0.7104999999999999,0,0,7105
01536 ,0003039,L L ,0.658735,0,0,6587.35
01536 ,0003040,L L ,1.6097899999999998,0,0,16097.9
01536 ,0003041,L L ,2.56,0,0,25600
01536 ,0003042,L L ,1.35,0,0,13500
01536 ,0003043,L L ,0.4770499999999999,0,0,4770.5
01536 ,0003044,L L ,0,0,0,0
01536 ,0003045,L L ,0,0,0,0
01536 ,0003046,L L ,0,0,0,0
01536 ,0024653,L L ,0.5724599999999999,0,0,5724.6
01536 ,0003047,L L ,0,0,0,0
01536 ,0036509,L L ,3.89151,0,0,38915.1
01536 ,0029717,L L ,0,0,0,0
01536 ,0034615,L L ,1.8665849999999997,0,0,18665.85
01536 ,0003048,L L ,0.8119999999999999,0,0,8120
01536 ,0003049,L L ,2.8531649999999997,0,0,28531.65
01536 ,0003050,L L ,2.225895,0,0,22258.95
01536 ,0003051,L L ,0,0,0,0
01536 ,0028043,L L ,0,0,0,0
01536 ,0052128,L L ,0,0,0,0
01536 ,0067256,L L ,0.532875,0,0,5328.75
01536 ,0003052,L L ,0,0,0,0
01536 ,0003055,L L ,1.5123499999999999,0,0,15123.5
01536 ,0003058,L L ,0.9175599999999999,0,0,9175.6
01536 ,0003059,L L ,0,0,0,0
01536 ,0003060,L L ,0.47907999999999995,0,0,4790.8
01536 ,0003061,L L ,1.93,0,0,19300
01536 ,0035807,L L ,2.5780999999999996,0,0,25781
01536 ,0003063,L L ,0,0,0,0
01536 ,0003065,L L ,0.43644999999999995,0,0,4364.5
01536 ,0047126,L L ,5.138945,0,0,51389.45
01536 ,0003066,L L ,0.43,0,0,4300
01536 ,0003067,L L ,0,0,0,0
01536 ,0003068,L L ,0,0,0,0
01536 ,0003069,L L ,0,0,0,0
01536 ,0003070,L L ,0,0,0,0
01536 ,0003071,L L ,0,0,0,0
01536 ,0032360,L L ,1.4372399999999999,0,0,14372.4
01536 ,0003073,L L ,2.99425,0,0,29942.5
01536 ,0003074,L L ,0,0,0,0
01536 ,0032261,L L ,0,0,0,0
01536 ,0033362,L L ,1.8117749999999997,0,0,18117.75
01536 ,0034288,L L ,2.367995,0,0,23679.95
01536 ,0032266,L L ,1.715,0,0,17150
01536 ,0057978,L L ,7.703849999999999,0,0,77038.5
01536 ,0049154,MIN ,1.4108499999999997,0,0,14108.5
01536 ,0003079,L L ,4.53096,0,0,45309.6
01536 ,0003080,L L ,0,0,0,0
01536 ,0029593,L L ,0,0,0,0
01536 ,0003081,L L ,1.6767799999999997,0,0,16767.8
01536 ,0022550,L L ,8.928955,0,0,89289.55
01536 ,0003083,L L ,3.312,0,0,33120
01536 ,0003084,L L ,2.0807499999999997,0,0,20807.5
01536 ,0022551,L L ,18.93178,0,0,189317.8
01536 ,0003086,L L ,1.2789,0,0,12789
01536 ,0003087,L L ,1.88,0,0,18800
01536 ,0003088,L L ,0,0,0,0
01536 ,0003089,L L ,2.3669799999999994,0,0,23669.8
01536 ,0003090,L L ,3.1444699999999997,0,0,31444.7
01536 ,0003096,L L ,3.3494999999999995,0,0,33495
01536 ,0003092,L L ,2.08,0,0,20800
01536 ,0003093,L L ,4.188904999999999,0,0,41889.05
01536 ,0003094,L L ,1.35,0,0,13500
01536 ,0003095,L L ,3.25,0,0,32500
01536 ,0028853,L L ,2.5882499999999995,0,0,25882.5
01536 ,0054122,L L ,1.5986249999999997,0,0,15986.25
01536 ,0003097,L L ,0,1,0,0
01536 ,0022552,L L ,1.1885649999999999,0,0,11885.65
01536 ,0003098,L L ,3.1058999999999997,0,0,31059
01536 ,0003099,L L ,1.6514049999999998,0,0,16514.05
01536 ,0003100,L L ,1.7792949999999996,0,0,17792.95
01536 ,0003101,L L ,1.8960199999999998,0,0,18960.2
01536 ,0068012,L L ,2.22894,0,0,22289.4
01536 ,0003102,L L ,0.9946999999999999,0,0,9947
01536 ,0036259,L L ,1.7051999999999998,0,0,17052
01536 ,0031394,L L ,3.045,0,0,30450
01536 ,0035017,L L ,0,0,0,0
01536 ,0022553,L L ,1.2981849999999997,0,0,12981.85
01536 ,0003104,L L ,2.02391,0,0,20239.1
01536 ,0031976,L L ,1.4372399999999999,0,0,14372.4
01536 ,0003105,L L ,0.54325,0,0,5432.5
01536 ,0003106,L L ,0.54325,0,0,5432.5
01536 ,0003107,L L ,0.82,0,0,8200
01536 ,0003109,L L ,1.4372399999999999,0,0,14372.4
01536 ,0050630,L L ,0.63945,0,0,6394.5
01536 ,0027803,L L ,2.1325149999999997,0,0,21325.15
01536 ,0003110,L L ,0,0,0,0
01536 ,0003111,L L ,1.5133649999999998,0,0,15133.65
01536 ,0003112,L L ,0,0,0,0
01536 ,0003113,L L ,1.15,0,0,11500
01536 ,0003114,L L ,3.985905,0,0,39859.05
01536 ,0003115,L L ,3.8092949999999997,0,0,38092.95
01536 ,0003116,L L ,2.1944299999999997,0,0,21944.3
01536 ,0003117,L L ,0,0,0,0
01536 ,0003119,L L ,0,0,0,0
01536 ,0003120,L L ,0,0,0,0
01536 ,0003121,L L ,8.766555,0,0,87665.55
01536 ,0003122,L L ,4.24473,0,0,42447.3
01536 ,0003123,L L ,6.125525,0,0,61255.25
01536 ,0003124,L L ,4.4254,0,0,44254
01536 ,0003125,L L ,0,0,0,0
01536 ,0003127,L L ,2.9749649999999996,0,0,29749.65
01536 ,0003128,L L ,0,0,0,0
01536 ,0003129,L L ,2.1325149999999997,0,0,21325.15
01536 ,0032500,L L ,1.11853,0,0,11185.3
01536 ,0032501,L L ,4.5421249999999995,0,0,45421.25
01536 ,0033606,L L ,0,0,0,0
01536 ,0051770,L L ,0,0,0,0
01536 ,0003131,SLVS,0,0,0,0
01536 ,0003132,SLVS,0,0,0,0
01536 ,0022556,FLRS,2.1081549999999996,0,0,21081.55
01536 ,0022557,FLRS,0,0,0,0
01536 ,0094672,BATT,870.1,0,0,8700999.91
01536 ,0094673,BATT,238,0,0,2379999.98
01536 ,0097744,BATT,572,0,0,5719999.94
01536 ,0104715,BATT,572,0,0,5719999.94
01536 ,0105032,BATT,533,0,0,5329999.95
01536 ,0032589,L L ,0,0,0,0
01536 ,0032593,PHOT,0,0,0,0
01536 ,0032612,PHOT,0,0,0,0
01536 ,0032592,PHOT,0,0,0,0
01536 ,0032621,PHOT,0,0,0,0
01536 ,0032613,PHOT,0,0,0,0
01536 ,0032622,PHOT,0,0,0,0
01536 ,0032594,PHOT,0,0,0,0
01536 ,0032595,PHOT,0,0,0,0
01536 ,0032624,PHOT,0,0,0,0
01536 ,0032591,L L ,0,0,0,0
01536 ,0032629,L L ,0,0,0,0
01536 ,0032628,L L ,0,0,0,0
01536 ,0032626,PHOT,0,0,0,0
01536 ,0032625,PHOT,0,0,0,0
01536 ,0032611,PHOT,0,0,0,0
01536 ,0032597,PHOT,0,0,0,0
01536 ,0032596,PHOT,0,0,0,0
01536 ,0032627,PHOT,0,0,0,0
01536 ,0032590,L L ,0,0,0,0
01536 ,0032623,PHOT,0,0,0,0
01536 ,0093939,MIN ,0.19285,0,0,1928.5
01536 ,0060965,MIN ,0.201985,0,0,2019.85
01536 ,0034139,L L ,0.14920499999999998,0,0,1492.05
01536 ,0049420,L L ,0.20299999999999999,0,0,2030
01536 ,0034140,L L ,0,0,0,0
01536 ,0086322,L L ,0.23345,0,0,2334.5
01536 ,0093929,MIN ,0.20299999999999999,0,0,2030
01536 ,0093932,MIN ,0.20299999999999999,0,0,2030
01536 ,0052949,MIN ,0.20299999999999999,0,0,2030
01536 ,0093931,MIN ,0.20299999999999999,0,0,2030
01536 ,0093930,MIN ,0.20299999999999999,0,0,2030
01536 ,0053409,STTV,17.589949999999998,0,0,175899.5
01536 ,0053408,STTV,5.431265,0,0,54312.65
01536 ,0047315,XMAS,0,0,0,0
01536 ,0047316,XMAS,5.236384999999999,0,0,52363.85
01536 ,0050162,STFX,17.489465,0,0,174894.65
01536 ,0053186,WIRE,25.190269999999998,0,0,251902.7
01536 ,0053179,L L ,0.201985,0,0,2019.85
01553 ,0002936,LIT ,0,0,0,0
01553 ,0002937,LIT ,0,0,0,0
01553 ,0002938,LIT ,0,0,0,0
01553 ,0002939,LIT ,0,0,0,0
01553 ,0031289,LIT ,0,0,0,0
01553 ,0031842,LIT ,0,0,0,0
01553 ,0032059,LIT ,0,0,0,0
01553 ,0060488,LIT ,0,0,0,0
01553 ,0060901,LIT ,0,0,0,0
01553 ,0066318,LIT ,0,0,0,0
01553 ,0002959,LIT ,0,0,0,0
01553 ,0002970,LIT ,0.10961999999999998,0,0,1096.2
01553 ,0003005,LIT ,0.6364049999999999,0,0,6364.05
01553 ,0003009,LIT ,3.24597,0,0,32459.7
01553 ,0003010,LIT ,0.226345,0,0,2263.45
01553 ,0003013,LIT ,2.8125649999999998,0,0,28125.65
01553 ,0002936,LIT ,0,0,0,0
01553 ,0002937,LIT ,0,0,0,0
01553 ,0032907,LIT ,0,0,0,0
01553 ,0032908,LIT ,0,0,0,0
01553 ,0031289,LIT ,0,0,0,0
01553 ,0031842,LIT ,0,0,0,0
01553 ,0032059,LIT ,0,0,0,0
01553 ,0060488,LIT ,0,0,0,0
01553 ,0060901,LIT ,0,0,0,0
01553 ,0066318,LIT ,0,0,0,0
01553 ,0002959,LIT ,0,0,0,0
01553 ,0002970,LIT ,0.10961999999999998,0,0,1096.2
01553 ,0003005,LIT ,0.6364049999999999,0,0,6364.05
01553 ,0003009,LIT ,3.24597,0,0,32459.7
01553 ,0003010,LIT ,0.226345,0,0,2263.45
01553 ,0003013,LIT ,2.8125649999999998,0,0,28125.65
01553 ,0066967,LIT ,0,0,0,0
01553 ,0003029,NONE,13.554309999999997,0,0,135543.1
01553 ,0003030,FLRS,1.56,0,0,15600
01553 ,0003031,FLRS,7.41,0,0,74100
01553 ,0003032,FLRS,1.015,0,0,10150
01553 ,0046979,L L ,0.49937999999999994,0,0,4993.8
01553 ,0003033,L L ,0,0,0,0
01553 ,0003034,L L ,0,0,0,0
01553 ,0052284,L L ,0.7104999999999999,0,0,7105
01553 ,0003035,L L ,0,0,0,0
01553 ,0003036,L L ,0,0,0,0
01553 ,0003037,L L ,3.184055,0,0,31840.55
01553 ,0003038,L L ,0.7104999999999999,0,0,7105
01553 ,0003039,L L ,0.658735,0,0,6587.35
01553 ,0003040,L L ,1.6097899999999998,0,0,16097.9
01553 ,0003041,L L ,2.56,0,0,25600
01553 ,0003042,L L ,1.35,0,0,13500
01553 ,0003043,L L ,0.4770499999999999,0,0,4770.5
01553 ,0003044,L L ,0,0,0,0
01553 ,0003045,L L ,0,0,0,0
01553 ,0003046,L L ,0,0,0,0
01553 ,0024653,L L ,0.5724599999999999,0,0,5724.6
01553 ,0003047,L L ,0,0,0,0
01553 ,0036509,L L ,3.89151,0,0,38915.1
01553 ,0029717,L L ,0,0,0,0
01553 ,0034615,L L ,1.8665849999999997,0,0,18665.85
01553 ,0003048,L L ,0.8119999999999999,0,0,8120
01553 ,0003049,L L ,2.8531649999999997,0,0,28531.65
01553 ,0003050,L L ,2.225895,0,0,22258.95
01553 ,0003051,L L ,0,0,0,0
01553 ,0028043,L L ,0,0,0,0
01553 ,0052128,L L ,0,0,0,0
01553 ,0067256,L L ,0.532875,0,0,5328.75
01553 ,0003052,L L ,0,0,0,0
01553 ,0003055,L L ,1.5123499999999999,0,0,15123.5
01553 ,0003058,L L ,0.9175599999999999,0,0,9175.6
01553 ,0003059,L L ,0,0,0,0
01553 ,0003060,L L ,0.47907999999999995,0,0,4790.8
01553 ,0003061,L L ,1.93,0,0,19300
01553 ,0035807,L L ,2.5780999999999996,0,0,25781
01553 ,0003063,L L ,0,0,0,0
01553 ,0003065,L L ,0.43644999999999995,0,0,4364.5
01553 ,0047126,L L ,5.138945,0,0,51389.45
01553 ,0003066,L L ,0.43,0,0,4300
01553 ,0003067,L L ,0,0,0,0
01553 ,0003068,L L ,0,0,0,0
01553 ,0003069,L L ,0,0,0,0
01553 ,0003070,L L ,0,0,0,0
01553 ,0003071,L L ,0,0,0,0
01553 ,0032360,L L ,1.4372399999999999,0,0,14372.4
01553 ,0003073,L L ,2.99425,0,0,29942.5
01553 ,0003074,L L ,0,0,0,0
01553 ,0032261,L L ,0,0,0,0
01553 ,0033362,L L ,1.8117749999999997,0,0,18117.75
01553 ,0034288,L L ,2.367995,0,0,23679.95
01553 ,0032266,L L ,1.715,0,0,17150
01553 ,0057978,L L ,7.703849999999999,0,0,77038.5
01553 ,0049154,MIN ,1.4108499999999997,0,0,14108.5
01553 ,0003079,L L ,4.53096,0,0,45309.6
01553 ,0003080,L L ,0,0,0,0
01553 ,0029593,L L ,0,0,0,0
01553 ,0003081,L L ,1.6767799999999997,0,0,16767.8
01553 ,0022550,L L ,8.928955,0,0,89289.55
01553 ,0003083,L L ,3.312,0,0,33120
01553 ,0003084,L L ,2.0807499999999997,0,0,20807.5
01553 ,0022551,L L ,18.93178,0,0,189317.8
01553 ,0003086,L L ,1.2789,0,0,12789
01553 ,0003087,L L ,1.88,0,0,18800
01553 ,0003088,L L ,0,0,0,0
01553 ,0003089,L L ,2.3669799999999994,0,0,23669.8
01553 ,0003090,L L ,3.1444699999999997,0,0,31444.7
01553 ,0003096,L L ,3.3494999999999995,0,0,33495
01553 ,0003092,L L ,2.08,0,0,20800
01553 ,0003093,L L ,4.188904999999999,0,0,41889.05
01553 ,0003094,L L ,1.35,0,0,13500
01553 ,0003095,L L ,3.25,0,0,32500
01553 ,0028853,L L ,2.5882499999999995,0,0,25882.5
01553 ,0054122,L L ,1.5986249999999997,0,0,15986.25
01553 ,0003097,L L ,0,1,0,0
01553 ,0022552,L L ,1.1885649999999999,0,0,11885.65
01553 ,0003098,L L ,3.1058999999999997,0,0,31059
01553 ,0003099,L L ,1.6514049999999998,0,0,16514.05
01553 ,0003100,L L ,1.7792949999999996,0,0,17792.95
01553 ,0003101,L L ,1.8960199999999998,0,0,18960.2
01553 ,0068012,L L ,2.22894,0,0,22289.4
01553 ,0003102,L L ,0.9946999999999999,0,0,9947
01553 ,0036259,L L ,1.7051999999999998,0,0,17052
01553 ,0031394,L L ,3.045,0,0,30450
01553 ,0035017,L L ,0,0,0,0
01553 ,0022553,L L ,1.2981849999999997,0,0,12981.85
01553 ,0003104,L L ,2.02391,0,0,20239.1
01553 ,0031976,L L ,1.4372399999999999,0,0,14372.4
01553 ,0003105,L L ,0.54325,0,0,5432.5
01553 ,0003106,L L ,0.54325,0,0,5432.5
01553 ,0003107,L L ,0.82,0,0,8200
01553 ,0003109,L L ,1.4372399999999999,0,0,14372.4
01553 ,0050630,L L ,0.63945,0,0,6394.5
01553 ,0027803,L L ,2.1325149999999997,0,0,21325.15
01553 ,0003110,L L ,0,0,0,0
01553 ,0003111,L L ,1.5133649999999998,0,0,15133.65
01553 ,0003112,L L ,0,0,0,0
01553 ,0003113,L L ,1.15,0,0,11500
01553 ,0003114,L L ,3.985905,0,0,39859.05
01553 ,0003115,L L ,3.8092949999999997,0,0,38092.95
01553 ,0003116,L L ,2.1944299999999997,0,0,21944.3
01553 ,0003117,L L ,0,0,0,0
01553 ,0003119,L L ,0,0,0,0
01553 ,0003120,L L ,0,0,0,0
01553 ,0003121,L L ,8.766555,0,0,87665.55
01553 ,0003122,L L ,4.24473,0,0,42447.3
01553 ,0003123,L L ,6.125525,0,0,61255.25
01553 ,0003124,L L ,4.4254,0,0,44254
01553 ,0003125,L L ,0,0,0,0
01553 ,0003127,L L ,2.9749649999999996,0,0,29749.65
01553 ,0003128,L L ,0,0,0,0
01553 ,0003129,L L ,2.1325149999999997,0,0,21325.15
01553 ,0032500,L L ,1.11853,0,0,11185.3
01553 ,0032501,L L ,4.5421249999999995,0,0,45421.25
01553 ,0033606,L L ,0,0,0,0
01553 ,0051770,L L ,0,0,0,0
01553 ,0003131,SLVS,0,0,0,0
01553 ,0003132,SLVS,0,0,0,0
01553 ,0022556,FLRS,2.1081549999999996,0,0,21081.55
01553 ,0022557,FLRS,0,0,0,0
01553 ,0094672,BATT,870.1,0,0,8700999.91
01553 ,0094673,BATT,238,0,0,2379999.98
01553 ,0097744,BATT,572,0,0,5719999.94
01553 ,0104715,BATT,572,0,0,5719999.94
01553 ,0105032,BATT,533,0,0,5329999.95
01553 ,0032589,L L ,0,0,0,0
01553 ,0032593,PHOT,0,0,0,0
01553 ,0032612,PHOT,0,0,0,0
01553 ,0032592,PHOT,0,0,0,0
01553 ,0032621,PHOT,0,0,0,0
01553 ,0032613,PHOT,0,0,0,0
01553 ,0032622,PHOT,0,0,0,0
01553 ,0032594,PHOT,0,0,0,0
01553 ,0032595,PHOT,0,0,0,0
01553 ,0032624,PHOT,0,0,0,0
01553 ,0032591,L L ,0,0,0,0
01553 ,0032629,L L ,0,0,0,0
01553 ,0032628,L L ,0,0,0,0
01553 ,0032626,PHOT,0,0,0,0
01553 ,0032625,PHOT,0,0,0,0
01553 ,0032611,PHOT,0,0,0,0
01553 ,0032597,PHOT,0,0,0,0
01553 ,0032596,PHOT,0,0,0,0
01553 ,0032627,PHOT,0,0,0,0
01553 ,0032590,L L ,0,0,0,0
01553 ,0032623,PHOT,0,0,0,0
01553 ,0093939,MIN ,0.19285,0,0,1928.5
01553 ,0060965,MIN ,0.201985,0,0,2019.85
01553 ,0034139,L L ,0.14920499999999998,0,0,1492.05
01553 ,0049420,L L ,0.20299999999999999,0,0,2030
01553 ,0034140,L L ,0,0,0,0
01553 ,0086322,L L ,0.23345,0,0,2334.5
01553 ,0093929,MIN ,0.20299999999999999,0,0,2030
01553 ,0093932,MIN ,0.20299999999999999,0,0,2030
01553 ,0052949,MIN ,0.20299999999999999,0,0,2030
01553 ,0093931,MIN ,0.20299999999999999,0,0,2030
01553 ,0093930,MIN ,0.20299999999999999,0,0,2030
01553 ,0053409,STTV,17.589949999999998,0,0,175899.5
01553 ,0053408,STTV,5.431265,0,0,54312.65
01553 ,0047315,XMAS,0,0,0,0
01553 ,0047316,XMAS,5.236384999999999,0,0,52363.85
01553 ,0050162,STFX,17.489465,0,0,174894.65
01553 ,0053186,WIRE,25.190269999999998,0,0,251902.7
01553 ,0053179,L L ,0.201985,0,0,2019.85
01554 ,0002936,LIT ,0,0,0,0
01554 ,0002937,LIT ,0,0,0,0
01554 ,0002938,LIT ,0,0,0,0
01554 ,0002939,LIT ,0,0,0,0
01554 ,0031289,LIT ,0,0,0,0
01554 ,0031842,LIT ,0,0,0,0
01554 ,0032059,LIT ,0,0,0,0
01554 ,0060488,LIT ,0,0,0,0
01554 ,0060901,LIT ,0,0,0,0
01554 ,0066318,LIT ,0,0,0,0
01554 ,0002959,LIT ,0,0,0,0
01554 ,0002970,LIT ,0.10961999999999998,0,0,1096.2
01554 ,0003005,LIT ,0.6364049999999999,0,0,6364.05
01554 ,0003009,LIT ,3.24597,0,0,32459.7
01554 ,0003010,LIT ,0.226345,0,0,2263.45
01554 ,0003013,LIT ,2.8125649999999998,0,0,28125.65
01554 ,0002936,LIT ,0,0,0,0
01554 ,0002937,LIT ,0,0,0,0
01554 ,0032907,LIT ,0,0,0,0
01554 ,0032908,LIT ,0,0,0,0
01554 ,0031289,LIT ,0,0,0,0
01554 ,0031842,LIT ,0,0,0,0
01554 ,0032059,LIT ,0,0,0,0
01554 ,0060488,LIT ,0,0,0,0
01554 ,0060901,LIT ,0,0,0,0
01554 ,0066318,LIT ,0,0,0,0
01554 ,0002959,LIT ,0,0,0,0
01554 ,0002970,LIT ,0.10961999999999998,0,0,1096.2
01554 ,0003005,LIT ,0.6364049999999999,0,0,6364.05
01554 ,0003009,LIT ,3.24597,0,0,32459.7
01554 ,0003010,LIT ,0.226345,0,0,2263.45
01554 ,0003013,LIT ,2.8125649999999998,0,0,28125.65
01554 ,0066967,LIT ,0,0,0,0
01554 ,0003029,NONE,13.554309999999997,0,0,135543.1
01554 ,0003030,FLRS,1.56,0,0,15600
01554 ,0003031,FLRS,7.41,0,0,74100
01554 ,0003032,FLRS,1.015,0,0,10150
01554 ,0046979,L L ,0.49937999999999994,0,0,4993.8
01554 ,0003033,L L ,0,0,0,0
01554 ,0003034,L L ,0,0,0,0
01554 ,0052284,L L ,0.7104999999999999,0,0,7105
01554 ,0003035,L L ,0,0,0,0
01554 ,0003036,L L ,0,0,0,0
01554 ,0003037,L L ,3.184055,0,0,31840.55
01554 ,0003038,L L ,0.7104999999999999,0,0,7105
01554 ,0003039,L L ,0.658735,0,0,6587.35
01554 ,0003040,L L ,1.6097899999999998,0,0,16097.9
01554 ,0003041,L L ,2.56,0,0,25600
01554 ,0003042,L L ,1.35,0,0,13500
01554 ,0003043,L L ,0.4770499999999999,0,0,4770.5
01554 ,0003044,L L ,0,0,0,0
01554 ,0003045,L L ,0,0,0,0
01554 ,0003046,L L ,0,0,0,0
01554 ,0024653,L L ,0.5724599999999999,0,0,5724.6
01554 ,0003047,L L ,0,0,0,0
01554 ,0036509,L L ,3.89151,0,0,38915.1
01554 ,0029717,L L ,0,0,0,0
01554 ,0034615,L L ,1.8665849999999997,0,0,18665.85
01554 ,0003048,L L ,0.8119999999999999,0,0,8120
01554 ,0003049,L L ,2.8531649999999997,0,0,28531.65
01554 ,0003050,L L ,2.225895,0,0,22258.95
01554 ,0003051,L L ,0,0,0,0
01554 ,0028043,L L ,0,0,0,0
01554 ,0052128,L L ,0,0,0,0
01554 ,0067256,L L ,0.532875,0,0,5328.75
01554 ,0003052,L L ,0,0,0,0
01554 ,0003055,L L ,1.5123499999999999,0,0,15123.5
01554 ,0003058,L L ,0.9175599999999999,0,0,9175.6
01554 ,0003059,L L ,0,0,0,0
01554 ,0003060,L L ,0.47907999999999995,0,0,4790.8
01554 ,0003061,L L ,1.93,0,0,19300
01554 ,0035807,L L ,2.5780999999999996,0,0,25781
01554 ,0003063,L L ,0,0,0,0
01554 ,0003065,L L ,0.43644999999999995,0,0,4364.5
01554 ,0047126,L L ,5.138945,0,0,51389.45
01554 ,0003066,L L ,0.43,0,0,4300
01554 ,0003067,L L ,0,0,0,0
01554 ,0003068,L L ,0,0,0,0
01554 ,0003069,L L ,0,0,0,0
01554 ,0003070,L L ,0,0,0,0
01554 ,0003071,L L ,0,0,0,0
01554 ,0032360,L L ,1.4372399999999999,0,0,14372.4
01554 ,0003073,L L ,2.99425,0,0,29942.5
01554 ,0003074,L L ,0,0,0,0
01554 ,0032261,L L ,0,0,0,0
01554 ,0033362,L L ,1.8117749999999997,0,0,18117.75
01554 ,0034288,L L ,2.367995,0,0,23679.95
01554 ,0032266,L L ,1.715,0,0,17150
01554 ,0057978,L L ,7.703849999999999,0,0,77038.5
01554 ,0049154,MIN ,1.4108499999999997,0,0,14108.5
01554 ,0003079,L L ,4.53096,0,0,45309.6
01554 ,0003080,L L ,0,0,0,0
01554 ,0029593,L L ,0,0,0,0
01554 ,0003081,L L ,1.6767799999999997,0,0,16767.8
01554 ,0022550,L L ,8.928955,0,0,89289.55
01554 ,0003083,L L ,3.312,0,0,33120
01554 ,0003084,L L ,2.0807499999999997,0,0,20807.5
01554 ,0022551,L L ,18.93178,0,0,189317.8
01554 ,0003086,L L ,1.2789,0,0,12789
01554 ,0003087,L L ,1.88,0,0,18800
01554 ,0003088,L L ,0,0,0,0
01554 ,0003089,L L ,2.3669799999999994,0,0,23669.8
01554 ,0003090,L L ,3.1444699999999997,0,0,31444.7
01554 ,0003096,L L ,3.3494999999999995,0,0,33495
01554 ,0003092,L L ,2.08,0,0,20800
01554 ,0003093,L L ,4.188904999999999,0,0,41889.05
01554 ,0003094,L L ,1.35,0,0,13500
01554 ,0003095,L L ,3.25,0,0,32500
01554 ,0028853,L L ,2.5882499999999995,0,0,25882.5
01554 ,0054122,L L ,1.5986249999999997,0,0,15986.25
01554 ,0003097,L L ,0,1,0,0
01554 ,0022552,L L ,1.1885649999999999,0,0,11885.65
01554 ,0003098,L L ,3.1058999999999997,0,0,31059
01554 ,0003099,L L ,1.6514049999999998,0,0,16514.05
01554 ,0003100,L L ,1.7792949999999996,0,0,17792.95
01554 ,0003101,L L ,1.8960199999999998,0,0,18960.2
01554 ,0068012,L L ,2.22894,0,0,22289.4
01554 ,0003102,L L ,0.9946999999999999,0,0,9947
01554 ,0036259,L L ,1.7051999999999998,0,0,17052
01554 ,0031394,L L ,3.045,0,0,30450
01554 ,0035017,L L ,0,0,0,0
01554 ,0022553,L L ,1.2981849999999997,0,0,12981.85
01554 ,0003104,L L ,2.02391,0,0,20239.1
01554 ,0031976,L L ,1.4372399999999999,0,0,14372.4
01554 ,0003105,L L ,0.54325,0,0,5432.5
01554 ,0003106,L L ,0.54325,0,0,5432.5
01554 ,0003107,L L ,0.82,0,0,8200
01554 ,0003109,L L ,1.4372399999999999,0,0,14372.4
01554 ,0050630,L L ,0.63945,0,0,6394.5
01554 ,0027803,L L ,2.1325149999999997,0,0,21325.15
01554 ,0003110,L L ,0,0,0,0
01554 ,0003111,L L ,1.5133649999999998,0,0,15133.65
01554 ,0003112,L L ,0,0,0,0
01554 ,0003113,L L ,1.15,0,0,11500
01554 ,0003114,L L ,3.985905,0,0,39859.05
01554 ,0003115,L L ,3.8092949999999997,0,0,38092.95
01554 ,0003116,L L ,2.1944299999999997,0,0,21944.3
01554 ,0003117,L L ,0,0,0,0
01554 ,0003119,L L ,0,0,0,0
01554 ,0003120,L L ,0,0,0,0
01554 ,0003121,L L ,8.766555,0,0,87665.55
01554 ,0003122,L L ,4.24473,0,0,42447.3
01554 ,0003123,L L ,6.125525,0,0,61255.25
01554 ,0003124,L L ,4.4254,0,0,44254
01554 ,0003125,L L ,0,0,0,0
01554 ,0003127,L L ,2.9749649999999996,0,0,29749.65
01554 ,0003128,L L ,0,0,0,0
01554 ,0003129,L L ,2.1325149999999997,0,0,21325.15
01554 ,0032500,L L ,1.11853,0,0,11185.3
01554 ,0032501,L L ,4.5421249999999995,0,0,45421.25
01554 ,0033606,L L ,0,0,0,0
01554 ,0051770,L L ,0,0,0,0
01554 ,0003131,SLVS,0,0,0,0
01554 ,0003132,SLVS,0,0,0,0
01554 ,0022556,FLRS,2.1081549999999996,0,0,21081.55
01554 ,0022557,FLRS,0,0,0,0
01554 ,0094672,BATT,870.1,0,0,8700999.91
01554 ,0094673,BATT,238,0,0,2379999.98
01554 ,0097744,BATT,572,0,0,5719999.94
01554 ,0104715,BATT,572,0,0,5719999.94
01554 ,0105032,BATT,533,0,0,5329999.95
01554 ,0032589,L L ,0,0,0,0
01554 ,0032593,PHOT,0,0,0,0
01554 ,0032612,PHOT,0,0,0,0
01554 ,0032592,PHOT,0,0,0,0
01554 ,0032621,PHOT,0,0,0,0
01554 ,0032613,PHOT,0,0,0,0
01554 ,0032622,PHOT,0,0,0,0
01554 ,0032594,PHOT,0,0,0,0
01554 ,0032595,PHOT,0,0,0,0
01554 ,0032624,PHOT,0,0,0,0
01554 ,0032591,L L ,0,0,0,0
01554 ,0032629,L L ,0,0,0,0
01554 ,0032628,L L ,0,0,0,0
01554 ,0032626,PHOT,0,0,0,0
01554 ,0032625,PHOT,0,0,0,0
01554 ,0032611,PHOT,0,0,0,0
01554 ,0032597,PHOT,0,0,0,0
01554 ,0032596,PHOT,0,0,0,0
01554 ,0032627,PHOT,0,0,0,0
01554 ,0032590,L L ,0,0,0,0
01554 ,0032623,PHOT,0,0,0,0
01554 ,0093939,MIN ,0.19285,0,0,1928.5
01554 ,0060965,MIN ,0.201985,0,0,2019.85
01554 ,0034139,L L ,0.14920499999999998,0,0,1492.05
01554 ,0049420,L L ,0.20299999999999999,0,0,2030
01554 ,0034140,L L ,0,0,0,0
01554 ,0086322,L L ,0.23345,0,0,2334.5
01554 ,0093929,MIN ,0.20299999999999999,0,0,2030
01554 ,0093932,MIN ,0.20299999999999999,0,0,2030
01554 ,0052949,MIN ,0.20299999999999999,0,0,2030
01554 ,0093931,MIN ,0.20299999999999999,0,0,2030
01554 ,0093930,MIN ,0.20299999999999999,0,0,2030
01554 ,0053409,STTV,17.589949999999998,0,0,175899.5
01554 ,0053408,STTV,5.431265,0,0,54312.65
01554 ,0047315,XMAS,0,0,0,0
01554 ,0047316,XMAS,5.236384999999999,0,0,52363.85
01554 ,0050162,STFX,17.489465,0,0,174894.65
01554 ,0053186,WIRE,25.190269999999998,0,0,251902.7
01554 ,0053179,L L ,0.201985,0,0,2019.85
01556 ,0002936,LIT ,0,0,0,0
01556 ,0002937,LIT ,0,0,0,0
01556 ,0002938,LIT ,0,0,0,0
01556 ,0002939,LIT ,0,0,0,0
01556 ,0031289,LIT ,0,0,0,0
01556 ,0031842,LIT ,0,0,0,0
01556 ,0032059,LIT ,0,0,0,0
01556 ,0060488,LIT ,0,0,0,0
01556 ,0060901,LIT ,0,0,0,0
01556 ,0066318,LIT ,0,0,0,0
01556 ,0002959,LIT ,0,0,0,0
01556 ,0002970,LIT ,0.10961999999999998,0,0,1096.2
01556 ,0003005,LIT ,0.6364049999999999,0,0,6364.05
01556 ,0003009,LIT ,3.24597,0,0,32459.7
01556 ,0003010,LIT ,0.226345,0,0,2263.45
01556 ,0003013,LIT ,2.8125649999999998,0,0,28125.65
01556 ,0002936,LIT ,0,0,0,0
01556 ,0002937,LIT ,0,0,0,0
01556 ,0032907,LIT ,0,0,0,0
01556 ,0032908,LIT ,0,0,0,0
01556 ,0031289,LIT ,0,0,0,0
01556 ,0031842,LIT ,0,0,0,0
01556 ,0032059,LIT ,0,0,0,0
01556 ,0060488,LIT ,0,0,0,0
01556 ,0060901,LIT ,0,0,0,0
01556 ,0066318,LIT ,0,0,0,0
01556 ,0002959,LIT ,0,0,0,0
01556 ,0002970,LIT ,0.10961999999999998,0,0,1096.2
01556 ,0003005,LIT ,0.6364049999999999,0,0,6364.05
01556 ,0003009,LIT ,3.24597,0,0,32459.7
01556 ,0003010,LIT ,0.226345,0,0,2263.45
01556 ,0003013,LIT ,2.8125649999999998,0,0,28125.65
01556 ,0066967,LIT ,0,0,0,0
01556 ,0003029,NONE,13.554309999999997,0,0,135543.1
01556 ,0003030,FLRS,1.56,0,0,15600
01556 ,0003031,FLRS,7.41,0,0,74100
01556 ,0003032,FLRS,1.015,0,0,10150
01556 ,0046979,L L ,0.49937999999999994,0,0,4993.8
01556 ,0003033,L L ,0,0,0,0
01556 ,0003034,L L ,0,0,0,0
01556 ,0052284,L L ,0.7104999999999999,0,0,7105
01556 ,0003035,L L ,0,0,0,0
01556 ,0003036,L L ,0,0,0,0
01556 ,0003037,L L ,3.184055,0,0,31840.55
01556 ,0003038,L L ,0.7104999999999999,0,0,7105
01556 ,0003039,L L ,0.658735,0,0,6587.35
01556 ,0003040,L L ,1.6097899999999998,0,0,16097.9
01556 ,0003041,L L ,2.56,0,0,25600
01556 ,0003042,L L ,1.35,0,0,13500
01556 ,0003043,L L ,0.4770499999999999,0,0,4770.5
01556 ,0003044,L L ,0,0,0,0
01556 ,0003045,L L ,0,0,0,0
01556 ,0003046,L L ,0,0,0,0
01556 ,0024653,L L ,0.5724599999999999,0,0,5724.6
01556 ,0003047,L L ,0,0,0,0
01556 ,0036509,L L ,3.89151,0,0,38915.1
01556 ,0029717,L L ,0,0,0,0
01556 ,0034615,L L ,1.8665849999999997,0,0,18665.85
01556 ,0003048,L L ,0.8119999999999999,0,0,8120
01556 ,0003049,L L ,2.8531649999999997,0,0,28531.65
01556 ,0003050,L L ,2.225895,0,0,22258.95
01556 ,0003051,L L ,0,0,0,0
01556 ,0028043,L L ,0,0,0,0
01556 ,0052128,L L ,0,0,0,0
01556 ,0067256,L L ,0.532875,0,0,5328.75
01556 ,0003052,L L ,0,0,0,0
01556 ,0003055,L L ,1.5123499999999999,0,0,15123.5
01556 ,0003058,L L ,0.9175599999999999,0,0,9175.6
01556 ,0003059,L L ,0,0,0,0
01556 ,0003060,L L ,0.47907999999999995,0,0,4790.8
01556 ,0003061,L L ,1.93,0,0,19300
01556 ,0035807,L L ,2.5780999999999996,0,0,25781
01556 ,0003063,L L ,0,0,0,0
01556 ,0003065,L L ,0.43644999999999995,0,0,4364.5
01556 ,0047126,L L ,5.138945,0,0,51389.45
01556 ,0003066,L L ,0.43,0,0,4300
01556 ,0003067,L L ,0,0,0,0
01556 ,0003068,L L ,0,0,0,0
01556 ,0003069,L L ,0,0,0,0
01556 ,0003070,L L ,0,0,0,0
01556 ,0003071,L L ,0,0,0,0
01556 ,0032360,L L ,1.4372399999999999,0,0,14372.4
01556 ,0003073,L L ,2.99425,0,0,29942.5
01556 ,0003074,L L ,0,0,0,0
01556 ,0032261,L L ,0,0,0,0
01556 ,0033362,L L ,1.8117749999999997,0,0,18117.75
01556 ,0034288,L L ,2.367995,0,0,23679.95
01556 ,0032266,L L ,1.715,0,0,17150
01556 ,0057978,L L ,7.703849999999999,0,0,77038.5
01556 ,0049154,MIN ,1.4108499999999997,0,0,14108.5
01556 ,0003079,L L ,4.53096,0,0,45309.6
01556 ,0003080,L L ,0,0,0,0
01556 ,0029593,L L ,0,0,0,0
01556 ,0003081,L L ,1.6767799999999997,0,0,16767.8
01556 ,0022550,L L ,8.928955,0,0,89289.55
01556 ,0003083,L L ,3.312,0,0,33120
01556 ,0003084,L L ,2.0807499999999997,0,0,20807.5
01556 ,0022551,L L ,18.93178,0,0,189317.8
01556 ,0003086,L L ,1.2789,0,0,12789
01556 ,0003087,L L ,1.88,0,0,18800
01556 ,0003088,L L ,0,0,0,0
01556 ,0003089,L L ,2.3669799999999994,0,0,23669.8
01556 ,0003090,L L ,3.1444699999999997,0,0,31444.7
01556 ,0003096,L L ,3.3494999999999995,0,0,33495
01556 ,0003092,L L ,2.08,0,0,20800
01556 ,0003093,L L ,4.188904999999999,0,0,41889.05
01556 ,0003094,L L ,1.35,0,0,13500
01556 ,0003095,L L ,3.25,0,0,32500
01556 ,0028853,L L ,2.5882499999999995,0,0,25882.5
01556 ,0054122,L L ,1.5986249999999997,0,0,15986.25
01556 ,0003097,L L ,0,1,0,0
01556 ,0022552,L L ,1.1885649999999999,0,0,11885.65
01556 ,0003098,L L ,3.1058999999999997,0,0,31059
01556 ,0003099,L L ,1.6514049999999998,0,0,16514.05
01556 ,0003100,L L ,1.7792949999999996,0,0,17792.95
01556 ,0003101,L L ,1.8960199999999998,0,0,18960.2
01556 ,0068012,L L ,2.22894,0,0,22289.4
01556 ,0003102,L L ,0.9946999999999999,0,0,9947
01556 ,0036259,L L ,1.7051999999999998,0,0,17052
01556 ,0031394,L L ,3.045,0,0,30450
01556 ,0035017,L L ,0,0,0,0
01556 ,0022553,L L ,1.2981849999999997,0,0,12981.85
01556 ,0003104,L L ,2.02391,0,0,20239.1
01556 ,0031976,L L ,1.4372399999999999,0,0,14372.4
01556 ,0003105,L L ,0.54325,0,0,5432.5
01556 ,0003106,L L ,0.54325,0,0,5432.5
01556 ,0003107,L L ,0.82,0,0,8200
01556 ,0003109,L L ,1.4372399999999999,0,0,14372.4
01556 ,0050630,L L ,0.63945,0,0,6394.5
01556 ,0027803,L L ,2.1325149999999997,0,0,21325.15
01556 ,0003110,L L ,0,0,0,0
01556 ,0003111,L L ,1.5133649999999998,0,0,15133.65
01556 ,0003112,L L ,0,0,0,0
01556 ,0003113,L L ,1.15,0,0,11500
01556 ,0003114,L L ,3.985905,0,0,39859.05
01556 ,0003115,L L ,3.8092949999999997,0,0,38092.95
01556 ,0003116,L L ,2.1944299999999997,0,0,21944.3
01556 ,0003117,L L ,0,0,0,0
01556 ,0003119,L L ,0,0,0,0
01556 ,0003120,L L ,0,0,0,0
01556 ,0003121,L L ,8.766555,0,0,87665.55
01556 ,0003122,L L ,4.24473,0,0,42447.3
01556 ,0003123,L L ,6.125525,0,0,61255.25
01556 ,0003124,L L ,4.4254,0,0,44254
01556 ,0003125,L L ,0,0,0,0
01556 ,0003127,L L ,2.9749649999999996,0,0,29749.65
01556 ,0003128,L L ,0,0,0,0
01556 ,0003129,L L ,2.1325149999999997,0,0,21325.15
01556 ,0032500,L L ,1.11853,0,0,11185.3
01556 ,0032501,L L ,4.5421249999999995,0,0,45421.25
01556 ,0033606,L L ,0,0,0,0
01556 ,0051770,L L ,0,0,0,0
01556 ,0003131,SLVS,0,0,0,0
01556 ,0003132,SLVS,0,0,0,0
01556 ,0022556,FLRS,2.1081549999999996,0,0,21081.55
01556 ,0022557,FLRS,0,0,0,0
01556 ,0094672,BATT,870.1,0,0,8700999.91
01556 ,0094673,BATT,238,0,0,2379999.98
01556 ,0097744,BATT,572,0,0,5719999.94
01556 ,0104715,BATT,572,0,0,5719999.94
01556 ,0105032,BATT,533,0,0,5329999.95
01556 ,0032589,L L ,0,0,0,0
01556 ,0032593,PHOT,0,0,0,0
01556 ,0032612,PHOT,0,0,0,0
01556 ,0032592,PHOT,0,0,0,0
01556 ,0032621,PHOT,0,0,0,0
01556 ,0032613,PHOT,0,0,0,0
01556 ,0032622,PHOT,0,0,0,0
01556 ,0032594,PHOT,0,0,0,0
01556 ,0032595,PHOT,0,0,0,0
01556 ,0032624,PHOT,0,0,0,0
01556 ,0032591,L L ,0,0,0,0
01556 ,0032629,L L ,0,0,0,0
01556 ,0032628,L L ,0,0,0,0
01556 ,0032626,PHOT,0,0,0,0
01556 ,0032625,PHOT,0,0,0,0
01556 ,0032611,PHOT,0,0,0,0
01556 ,0032597,PHOT,0,0,0,0
01556 ,0032596,PHOT,0,0,0,0
01556 ,0032627,PHOT,0,0,0,0
01556 ,0032590,L L ,0,0,0,0
01556 ,0032623,PHOT,0,0,0,0
01556 ,0093939,MIN ,0.19285,0,0,1928.5
01556 ,0060965,MIN ,0.201985,0,0,2019.85
01556 ,0034139,L L ,0.14920499999999998,0,0,1492.05
01556 ,0049420,L L ,0.20299999999999999,0,0,2030
01556 ,0034140,L L ,0,0,0,0
01556 ,0086322,L L ,0.23345,0,0,2334.5
01556 ,0093929,MIN ,0.20299999999999999,0,0,2030
01556 ,0093932,MIN ,0.20299999999999999,0,0,2030
01556 ,0052949,MIN ,0.20299999999999999,0,0,2030
01556 ,0093931,MIN ,0.20299999999999999,0,0,2030
01556 ,0093930,MIN ,0.20299999999999999,0,0,2030
01556 ,0053409,STTV,17.589949999999998,0,0,175899.5
01556 ,0053408,STTV,5.431265,0,0,54312.65
01556 ,0047315,XMAS,0,0,0,0
01556 ,0047316,XMAS,5.236384999999999,0,0,52363.85
01556 ,0050162,STFX,17.489465,0,0,174894.65
01556 ,0053186,WIRE,25.190269999999998,0,0,251902.7
01556 ,0053179,L L ,0.201985,0,0,2019.85
01583 ,0002936,LIT ,0,0,0,0
01583 ,0002937,LIT ,0,0,0,0
01583 ,0002938,LIT ,0,0,0,0
01583 ,0002939,LIT ,0,0,0,0
01583 ,0031289,LIT ,0,0,0,0
01583 ,0031842,LIT ,0,0,0,0
01583 ,0032059,LIT ,0,0,0,0
01583 ,0060488,LIT ,0,0,0,0
01583 ,0060901,LIT ,0,0,0,0
01583 ,0066318,LIT ,0,0,0,0
01583 ,0002959,LIT ,0,0,0,0
01583 ,0002970,LIT ,0.10961999999999998,0,0,1096.2
01583 ,0003005,LIT ,0.6364049999999999,0,0,6364.05
01583 ,0003009,LIT ,3.24597,0,0,32459.7
01583 ,0003010,LIT ,0.226345,0,0,2263.45
01583 ,0003013,LIT ,2.8125649999999998,0,0,28125.65
01583 ,0002936,LIT ,0,0,0,0
01583 ,0002937,LIT ,0,0,0,0
01583 ,0032907,LIT ,0,0,0,0
01583 ,0032908,LIT ,0,0,0,0
01583 ,0031289,LIT ,0,0,0,0
01583 ,0031842,LIT ,0,0,0,0
01583 ,0032059,LIT ,0,0,0,0
01583 ,0060488,LIT ,0,0,0,0
01583 ,0060901,LIT ,0,0,0,0
01583 ,0066318,LIT ,0,0,0,0
01583 ,0002959,LIT ,0,0,0,0
01583 ,0002970,LIT ,0.10961999999999998,0,0,1096.2
01583 ,0003005,LIT ,0.6364049999999999,0,0,6364.05
01583 ,0003009,LIT ,3.24597,0,0,32459.7
01583 ,0003010,LIT ,0.226345,0,0,2263.45
01583 ,0003013,LIT ,2.8125649999999998,0,0,28125.65
01583 ,0066967,LIT ,0,0,0,0
01583 ,0003029,NONE,13.554309999999997,0,0,135543.1
01583 ,0003030,FLRS,1.56,0,0,15600
01583 ,0003031,FLRS,7.41,0,0,74100
01583 ,0003032,FLRS,1.015,0,0,10150
01583 ,0046979,L L ,0.49937999999999994,0,0,4993.8
01583 ,0003033,L L ,0,0,0,0
01583 ,0003034,L L ,0,0,0,0
01583 ,0052284,L L ,0.7104999999999999,0,0,7105
01583 ,0003035,L L ,0,0,0,0
01583 ,0003036,L L ,0,0,0,0
01583 ,0003037,L L ,3.184055,0,0,31840.55
01583 ,0003038,L L ,0.7104999999999999,0,0,7105
01583 ,0003039,L L ,0.658735,0,0,6587.35
01583 ,0003040,L L ,1.6097899999999998,0,0,16097.9
01583 ,0003041,L L ,2.56,0,0,25600
01583 ,0003042,L L ,1.35,0,0,13500
01583 ,0003043,L L ,0.4770499999999999,0,0,4770.5
01583 ,0003044,L L ,0,0,0,0
01583 ,0003045,L L ,0,0,0,0
01583 ,0003046,L L ,0,0,0,0
01583 ,0024653,L L ,0.5724599999999999,0,0,5724.6
01583 ,0003047,L L ,0,0,0,0
01583 ,0036509,L L ,3.89151,0,0,38915.1
01583 ,0029717,L L ,0,0,0,0
01583 ,0034615,L L ,1.8665849999999997,0,0,18665.85
01583 ,0003048,L L ,0.8119999999999999,0,0,8120
01583 ,0003049,L L ,2.8531649999999997,0,0,28531.65
01583 ,0003050,L L ,2.225895,0,0,22258.95
01583 ,0003051,L L ,0,0,0,0
01583 ,0028043,L L ,0,0,0,0
01583 ,0052128,L L ,0,0,0,0
01583 ,0067256,L L ,0.532875,0,0,5328.75
01583 ,0003052,L L ,0,0,0,0
01583 ,0003055,L L ,1.5123499999999999,0,0,15123.5
01583 ,0003058,L L ,0.9175599999999999,0,0,9175.6
01583 ,0003059,L L ,0,0,0,0
01583 ,0003060,L L ,0.47907999999999995,0,0,4790.8
01583 ,0003061,L L ,1.93,0,0,19300
01583 ,0035807,L L ,2.5780999999999996,0,0,25781
01583 ,0003063,L L ,0,0,0,0
01583 ,0003065,L L ,0.43644999999999995,0,0,4364.5
01583 ,0047126,L L ,5.138945,0,0,51389.45
01583 ,0003066,L L ,0.43,0,0,4300
01583 ,0003067,L L ,0,0,0,0
01583 ,0003068,L L ,0,0,0,0
01583 ,0003069,L L ,0,0,0,0
01583 ,0003070,L L ,0,0,0,0
01583 ,0003071,L L ,0,0,0,0
01583 ,0032360,L L ,1.4372399999999999,0,0,14372.4
01583 ,0003073,L L ,2.99425,0,0,29942.5
01583 ,0003074,L L ,0,0,0,0
01583 ,0032261,L L ,0,0,0,0
01583 ,0033362,L L ,1.8117749999999997,0,0,18117.75
01583 ,0034288,L L ,2.367995,0,0,23679.95
01583 ,0032266,L L ,1.715,0,0,17150
01583 ,0057978,L L ,7.703849999999999,0,0,77038.5
01583 ,0049154,MIN ,1.4108499999999997,0,0,14108.5
01583 ,0003079,L L ,4.53096,0,0,45309.6
01583 ,0003080,L L ,0,0,0,0
01583 ,0029593,L L ,0,0,0,0
01583 ,0003081,L L ,1.6767799999999997,0,0,16767.8
01583 ,0022550,L L ,8.928955,0,0,89289.55
01583 ,0003083,L L ,3.312,0,0,33120
01583 ,0003084,L L ,2.0807499999999997,0,0,20807.5
01583 ,0022551,L L ,18.93178,0,0,189317.8
01583 ,0003086,L L ,1.2789,0,0,12789
01583 ,0003087,L L ,1.88,0,0,18800
01583 ,0003088,L L ,0,0,0,0
01583 ,0003089,L L ,2.3669799999999994,0,0,23669.8
01583 ,0003090,L L ,3.1444699999999997,0,0,31444.7
01583 ,0003096,L L ,3.3494999999999995,0,0,33495
01583 ,0003092,L L ,2.08,0,0,20800
01583 ,0003093,L L ,4.188904999999999,0,0,41889.05
01583 ,0003094,L L ,1.35,0,0,13500
01583 ,0003095,L L ,3.25,0,0,32500
01583 ,0028853,L L ,2.5882499999999995,0,0,25882.5
01583 ,0054122,L L ,1.5986249999999997,0,0,15986.25
01583 ,0003097,L L ,0,1,0,0
01583 ,0022552,L L ,1.1885649999999999,0,0,11885.65
01583 ,0003098,L L ,3.1058999999999997,0,0,31059
01583 ,0003099,L L ,1.6514049999999998,0,0,16514.05
01583 ,0003100,L L ,1.7792949999999996,0,0,17792.95
01583 ,0003101,L L ,1.8960199999999998,0,0,18960.2
01583 ,0068012,L L ,2.22894,0,0,22289.4
01583 ,0003102,L L ,0.9946999999999999,0,0,9947
01583 ,0036259,L L ,1.7051999999999998,0,0,17052
01583 ,0031394,L L ,3.045,0,0,30450
01583 ,0035017,L L ,0,0,0,0
01583 ,0022553,L L ,1.2981849999999997,0,0,12981.85
01583 ,0003104,L L ,2.02391,0,0,20239.1
01583 ,0031976,L L ,1.4372399999999999,0,0,14372.4
01583 ,0003105,L L ,0.54325,0,0,5432.5
01583 ,0003106,L L ,0.54325,0,0,5432.5
01583 ,0003107,L L ,0.82,0,0,8200
01583 ,0003109,L L ,1.4372399999999999,0,0,14372.4
01583 ,0050630,L L ,0.63945,0,0,6394.5
01583 ,0027803,L L ,2.1325149999999997,0,0,21325.15
01583 ,0003110,L L ,0,0,0,0
01583 ,0003111,L L ,1.5133649999999998,0,0,15133.65
01583 ,0003112,L L ,0,0,0,0
01583 ,0003113,L L ,1.15,0,0,11500
01583 ,0003114,L L ,3.985905,0,0,39859.05
01583 ,0003115,L L ,3.8092949999999997,0,0,38092.95
01583 ,0003116,L L ,2.1944299999999997,0,0,21944.3
01583 ,0003117,L L ,0,0,0,0
01583 ,0003119,L L ,0,0,0,0
01583 ,0003120,L L ,0,0,0,0
01583 ,0003121,L L ,8.766555,0,0,87665.55
01583 ,0003122,L L ,4.24473,0,0,42447.3
01583 ,0003123,L L ,6.125525,0,0,61255.25
01583 ,0003124,L L ,4.4254,0,0,44254
01583 ,0003125,L L ,0,0,0,0
01583 ,0003127,L L ,2.9749649999999996,0,0,29749.65
01583 ,0003128,L L ,0,0,0,0
01583 ,0003129,L L ,2.1325149999999997,0,0,21325.15
01583 ,0032500,L L ,1.11853,0,0,11185.3
01583 ,0032501,L L ,4.5421249999999995,0,0,45421.25
01583 ,0033606,L L ,0,0,0,0
01583 ,0051770,L L ,0,0,0,0
01583 ,0003131,SLVS,0,0,0,0
01583 ,0003132,SLVS,0,0,0,0
01583 ,0022556,FLRS,2.1081549999999996,0,0,21081.55
01583 ,0022557,FLRS,0,0,0,0
01583 ,0094672,BATT,870.1,0,0,8700999.91
01583 ,0094673,BATT,238,0,0,2379999.98
01583 ,0097744,BATT,572,0,0,5719999.94
01583 ,0104715,BATT,572,0,0,5719999.94
01583 ,0105032,BATT,533,0,0,5329999.95
01583 ,0032589,L L ,0,0,0,0
01583 ,0032593,PHOT,0,0,0,0
01583 ,0032612,PHOT,0,0,0,0
01583 ,0032592,PHOT,0,0,0,0
01583 ,0032621,PHOT,0,0,0,0
01583 ,0032613,PHOT,0,0,0,0
01583 ,0032622,PHOT,0,0,0,0
01583 ,0032594,PHOT,0,0,0,0
01583 ,0032595,PHOT,0,0,0,0
01583 ,0032624,PHOT,0,0,0,0
01583 ,0032591,L L ,0,0,0,0
01583 ,0032629,L L ,0,0,0,0
01583 ,0032628,L L ,0,0,0,0
01583 ,0032626,PHOT,0,0,0,0
01583 ,0032625,PHOT,0,0,0,0
01583 ,0032611,PHOT,0,0,0,0
01583 ,0032597,PHOT,0,0,0,0
01583 ,0032596,PHOT,0,0,0,0
01583 ,0032627,PHOT,0,0,0,0
01583 ,0032590,L L ,0,0,0,0
01583 ,0032623,PHOT,0,0,0,0
01583 ,0093939,MIN ,0.19285,0,0,1928.5
01583 ,0060965,MIN ,0.201985,0,0,2019.85
01583 ,0034139,L L ,0.14920499999999998,0,0,1492.05
01583 ,0049420,L L ,0.20299999999999999,0,0,2030
01583 ,0034140,L L ,0,0,0,0
01583 ,0086322,L L ,0.23345,0,0,2334.5
01583 ,0093929,MIN ,0.20299999999999999,0,0,2030
01583 ,0093932,MIN ,0.20299999999999999,0,0,2030
01583 ,0052949,MIN ,0.20299999999999999,0,0,2030
01583 ,0093931,MIN ,0.20299999999999999,0,0,2030
01583 ,0093930,MIN ,0.20299999999999999,0,0,2030
01583 ,0053409,STTV,17.589949999999998,0,0,175899.5
01583 ,0053408,STTV,5.431265,0,0,54312.65
01583 ,0047315,XMAS,0,0,0,0
01583 ,0047316,XMAS,5.236384999999999,0,0,52363.85
01583 ,0050162,STFX,17.489465,0,0,174894.65
01583 ,0053186,WIRE,25.190269999999998,0,0,251902.7
01583 ,0053179,L L ,0.201985,0,0,2019.85
01630 ,0002936,LIT ,0,0,0,0
01630 ,0002937,LIT ,0,0,0,0
01630 ,0002938,LIT ,0,0,0,0
01630 ,0002939,LIT ,0,0,0,0
01630 ,0031289,LIT ,0,0,0,0
01630 ,0031842,LIT ,0,0,0,0
01630 ,0032059,LIT ,0,0,0,0
01630 ,0060488,LIT ,0,0,0,0
01630 ,0060901,LIT ,0,0,0,0
01630 ,0066318,LIT ,0,0,0,0
01630 ,0002959,LIT ,0,0,0,0
01630 ,0002970,LIT ,0.10961999999999998,0,0,1096.2
01630 ,0003005,LIT ,0.6364049999999999,0,0,6364.05
01630 ,0003009,LIT ,3.24597,0,0,32459.7
01630 ,0003010,LIT ,0.226345,0,0,2263.45
01630 ,0003013,LIT ,2.8125649999999998,0,0,28125.65
01630 ,0002936,LIT ,0,0,0,0
01630 ,0002937,LIT ,0,0,0,0
01630 ,0032907,LIT ,0,0,0,0
01630 ,0032908,LIT ,0,0,0,0
01630 ,0031289,LIT ,0,0,0,0
01630 ,0031842,LIT ,0,0,0,0
01630 ,0032059,LIT ,0,0,0,0
01630 ,0060488,LIT ,0,0,0,0
01630 ,0060901,LIT ,0,0,0,0
01630 ,0066318,LIT ,0,0,0,0
01630 ,0002959,LIT ,0,0,0,0
01630 ,0002970,LIT ,0.10961999999999998,0,0,1096.2
01630 ,0003005,LIT ,0.6364049999999999,0,0,6364.05
01630 ,0003009,LIT ,3.24597,0,0,32459.7
01630 ,0003010,LIT ,0.226345,0,0,2263.45
01630 ,0003013,LIT ,2.8125649999999998,0,0,28125.65
01630 ,0066967,LIT ,0,0,0,0
01630 ,0003029,NONE,13.554309999999997,0,0,135543.1
01630 ,0003030,FLRS,1.56,0,0,15600
01630 ,0003031,FLRS,7.41,0,0,74100
01630 ,0003032,FLRS,1.015,0,0,10150
01630 ,0046979,L L ,0.49937999999999994,0,0,4993.8
01630 ,0003033,L L ,0,0,0,0
01630 ,0003034,L L ,0,0,0,0
01630 ,0052284,L L ,0.7104999999999999,0,0,7105
01630 ,0003035,L L ,0,0,0,0
01630 ,0003036,L L ,0,0,0,0
01630 ,0003037,L L ,3.184055,0,0,31840.55
01630 ,0003038,L L ,0.7104999999999999,0,0,7105
01630 ,0003039,L L ,0.658735,0,0,6587.35
01630 ,0003040,L L ,1.6097899999999998,0,0,16097.9
01630 ,0003041,L L ,2.56,0,0,25600
01630 ,0003042,L L ,1.35,0,0,13500
01630 ,0003043,L L ,0.4770499999999999,0,0,4770.5
01630 ,0003044,L L ,0,0,0,0
01630 ,0003045,L L ,0,0,0,0
01630 ,0003046,L L ,0,0,0,0
01630 ,0024653,L L ,0.5724599999999999,0,0,5724.6
01630 ,0003047,L L ,0,0,0,0
01630 ,0036509,L L ,3.89151,0,0,38915.1
01630 ,0029717,L L ,0,0,0,0
01630 ,0034615,L L ,1.8665849999999997,0,0,18665.85
01630 ,0003048,L L ,0.8119999999999999,0,0,8120
01630 ,0003049,L L ,2.8531649999999997,0,0,28531.65
01630 ,0003050,L L ,2.225895,0,0,22258.95
01630 ,0003051,L L ,0,0,0,0
01630 ,0028043,L L ,0,0,0,0
01630 ,0052128,L L ,0,0,0,0
01630 ,0067256,L L ,0.532875,0,0,5328.75
01630 ,0003052,L L ,0,0,0,0
01630 ,0003055,L L ,1.5123499999999999,0,0,15123.5
01630 ,0003058,L L ,0.9175599999999999,0,0,9175.6
01630 ,0003059,L L ,0,0,0,0
01630 ,0003060,L L ,0.47907999999999995,0,0,4790.8
01630 ,0003061,L L ,1.93,0,0,19300
01630 ,0035807,L L ,2.5780999999999996,0,0,25781
01630 ,0003063,L L ,0,0,0,0
01630 ,0003065,L L ,0.43644999999999995,0,0,4364.5
01630 ,0047126,L L ,5.138945,0,0,51389.45
01630 ,0003066,L L ,0.43,0,0,4300
01630 ,0003067,L L ,0,0,0,0
01630 ,0003068,L L ,0,0,0,0
01630 ,0003069,L L ,0,0,0,0
01630 ,0003070,L L ,0,0,0,0
01630 ,0003071,L L ,0,0,0,0
01630 ,0032360,L L ,1.4372399999999999,0,0,14372.4
01630 ,0003073,L L ,2.99425,0,0,29942.5
01630 ,0003074,L L ,0,0,0,0
01630 ,0032261,L L ,0,0,0,0
01630 ,0033362,L L ,1.8117749999999997,0,0,18117.75
01630 ,0034288,L L ,2.367995,0,0,23679.95
01630 ,0032266,L L ,1.715,0,0,17150
01630 ,0057978,L L ,7.703849999999999,0,0,77038.5
01630 ,0049154,MIN ,1.4108499999999997,0,0,14108.5
01630 ,0003079,L L ,4.53096,0,0,45309.6
01630 ,0003080,L L ,0,0,0,0
01630 ,0029593,L L ,0,0,0,0
01630 ,0003081,L L ,1.6767799999999997,0,0,16767.8
01630 ,0022550,L L ,8.928955,0,0,89289.55
01630 ,0003083,L L ,3.312,0,0,33120
01630 ,0003084,L L ,2.0807499999999997,0,0,20807.5
01630 ,0022551,L L ,18.93178,0,0,189317.8
01630 ,0003086,L L ,1.2789,0,0,12789
01630 ,0003087,L L ,1.88,0,0,18800
01630 ,0003088,L L ,0,0,0,0
01630 ,0003089,L L ,2.3669799999999994,0,0,23669.8
01630 ,0003090,L L ,3.1444699999999997,0,0,31444.7
01630 ,0003096,L L ,3.3494999999999995,0,0,33495
01630 ,0003092,L L ,2.08,0,0,20800
01630 ,0003093,L L ,4.188904999999999,0,0,41889.05
01630 ,0003094,L L ,1.35,0,0,13500
01630 ,0003095,L L ,3.25,0,0,32500
01630 ,0028853,L L ,2.5882499999999995,0,0,25882.5
01630 ,0054122,L L ,1.5986249999999997,0,0,15986.25
01630 ,0003097,L L ,0,1,0,0
01630 ,0022552,L L ,1.1885649999999999,0,0,11885.65
01630 ,0003098,L L ,3.1058999999999997,0,0,31059
01630 ,0003099,L L ,1.6514049999999998,0,0,16514.05
01630 ,0003100,L L ,1.7792949999999996,0,0,17792.95
01630 ,0003101,L L ,1.8960199999999998,0,0,18960.2
01630 ,0068012,L L ,2.22894,0,0,22289.4
01630 ,0003102,L L ,0.9946999999999999,0,0,9947
01630 ,0036259,L L ,1.7051999999999998,0,0,17052
01630 ,0031394,L L ,3.045,0,0,30450
01630 ,0035017,L L ,0,0,0,0
01630 ,0022553,L L ,1.2981849999999997,0,0,12981.85
01630 ,0003104,L L ,2.02391,0,0,20239.1
01630 ,0031976,L L ,1.4372399999999999,0,0,14372.4
01630 ,0003105,L L ,0.54325,0,0,5432.5
01630 ,0003106,L L ,0.54325,0,0,5432.5
01630 ,0003107,L L ,0.82,0,0,8200
01630 ,0003109,L L ,1.4372399999999999,0,0,14372.4
01630 ,0050630,L L ,0.63945,0,0,6394.5
01630 ,0027803,L L ,2.1325149999999997,0,0,21325.15
01630 ,0003110,L L ,0,0,0,0
01630 ,0003111,L L ,1.5133649999999998,0,0,15133.65
01630 ,0003112,L L ,0,0,0,0
01630 ,0003113,L L ,1.15,0,0,11500
01630 ,0003114,L L ,3.985905,0,0,39859.05
01630 ,0003115,L L ,3.8092949999999997,0,0,38092.95
01630 ,0003116,L L ,2.1944299999999997,0,0,21944.3
01630 ,0003117,L L ,0,0,0,0
01630 ,0003119,L L ,0,0,0,0
01630 ,0003120,L L ,0,0,0,0
01630 ,0003121,L L ,8.766555,0,0,87665.55
01630 ,0003122,L L ,4.24473,0,0,42447.3
01630 ,0003123,L L ,6.125525,0,0,61255.25
01630 ,0003124,L L ,4.4254,0,0,44254
01630 ,0003125,L L ,0,0,0,0
01630 ,0003127,L L ,2.9749649999999996,0,0,29749.65
01630 ,0003128,L L ,0,0,0,0
01630 ,0003129,L L ,2.1325149999999997,0,0,21325.15
01630 ,0032500,L L ,1.11853,0,0,11185.3
01630 ,0032501,L L ,4.5421249999999995,0,0,45421.25
01630 ,0033606,L L ,0,0,0,0
01630 ,0051770,L L ,0,0,0,0
01630 ,0003131,SLVS,0,0,0,0
01630 ,0003132,SLVS,0,0,0,0
01630 ,0022556,FLRS,2.1081549999999996,0,0,21081.55
01630 ,0022557,FLRS,0,0,0,0
01630 ,0094672,BATT,870.1,0,0,8700999.91
01630 ,0094673,BATT,238,0,0,2379999.98
01630 ,0097744,BATT,572,0,0,5719999.94
01630 ,0104715,BATT,572,0,0,5719999.94
01630 ,0105032,BATT,533,0,0,5329999.95
01630 ,0032589,L L ,0,0,0,0
01630 ,0032593,PHOT,0,0,0,0
01630 ,0032612,PHOT,0,0,0,0
01630 ,0032592,PHOT,0,0,0,0
01630 ,0032621,PHOT,0,0,0,0
01630 ,0032613,PHOT,0,0,0,0
01630 ,0032622,PHOT,0,0,0,0
01630 ,0032594,PHOT,0,0,0,0
01630 ,0032595,PHOT,0,0,0,0
01630 ,0032624,PHOT,0,0,0,0
01630 ,0032591,L L ,0,0,0,0
01630 ,0032629,L L ,0,0,0,0
01630 ,0032628,L L ,0,0,0,0
01630 ,0032626,PHOT,0,0,0,0
01630 ,0032625,PHOT,0,0,0,0
01630 ,0032611,PHOT,0,0,0,0
01630 ,0032597,PHOT,0,0,0,0
01630 ,0032596,PHOT,0,0,0,0
01630 ,0032627,PHOT,0,0,0,0
01630 ,0032590,L L ,0,0,0,0
01630 ,0032623,PHOT,0,0,0,0
01630 ,0093939,MIN ,0.19285,0,0,1928.5
01630 ,0060965,MIN ,0.201985,0,0,2019.85
01630 ,0034139,L L ,0.14920499999999998,0,0,1492.05
01630 ,0049420,L L ,0.20299999999999999,0,0,2030
01630 ,0034140,L L ,0,0,0,0
01630 ,0086322,L L ,0.23345,0,0,2334.5
01630 ,0093929,MIN ,0.20299999999999999,0,0,2030
01630 ,0093932,MIN ,0.20299999999999999,0,0,2030
01630 ,0052949,MIN ,0.20299999999999999,0,0,2030
01630 ,0093931,MIN ,0.20299999999999999,0,0,2030
01630 ,0093930,MIN ,0.20299999999999999,0,0,2030
01630 ,0053409,STTV,17.589949999999998,0,0,175899.5
01630 ,0053408,STTV,5.431265,0,0,54312.65
01630 ,0047315,XMAS,0,0,0,0
01630 ,0047316,XMAS,5.236384999999999,0,0,52363.85
01630 ,0050162,STFX,17.489465,0,0,174894.65
01630 ,0053186,WIRE,25.190269999999998,0,0,251902.7
01630 ,0053179,L L ,0.201985,0,0,2019.85
01706 ,0002936,LIT ,0,0,0,0
01706 ,0002937,LIT ,0,0,0,0
01706 ,0002938,LIT ,0,0,0,0
01706 ,0002939,LIT ,0,0,0,0
01706 ,0031289,LIT ,0,0,0,0
01706 ,0031842,LIT ,0,0,0,0
01706 ,0032059,LIT ,0,0,0,0
01706 ,0060488,LIT ,0,0,0,0
01706 ,0060901,LIT ,0,0,0,0
01706 ,0066318,LIT ,0,0,0,0
01706 ,0002959,LIT ,0,0,0,0
01706 ,0002970,LIT ,0.10961999999999998,0,0,1096.2
01706 ,0003005,LIT ,0.6364049999999999,0,0,6364.05
01706 ,0003009,LIT ,3.24597,0,0,32459.7
01706 ,0003010,LIT ,0.226345,0,0,2263.45
01706 ,0003013,LIT ,2.8125649999999998,0,0,28125.65
01706 ,0002936,LIT ,0,0,0,0
01706 ,0002937,LIT ,0,0,0,0
01706 ,0032907,LIT ,0,0,0,0
01706 ,0032908,LIT ,0,0,0,0
01706 ,0031289,LIT ,0,0,0,0
01706 ,0031842,LIT ,0,0,0,0
01706 ,0032059,LIT ,0,0,0,0
01706 ,0060488,LIT ,0,0,0,0
01706 ,0060901,LIT ,0,0,0,0
01706 ,0066318,LIT ,0,0,0,0
01706 ,0002959,LIT ,0,0,0,0
01706 ,0002970,LIT ,0.10961999999999998,0,0,1096.2
01706 ,0003005,LIT ,0.6364049999999999,0,0,6364.05
01706 ,0003009,LIT ,3.24597,0,0,32459.7
01706 ,0003010,LIT ,0.226345,0,0,2263.45
01706 ,0003013,LIT ,2.8125649999999998,0,0,28125.65
01706 ,0066967,LIT ,0,0,0,0
01706 ,0003029,NONE,13.554309999999997,0,0,135543.1
01706 ,0003030,FLRS,1.56,0,0,15600
01706 ,0003031,FLRS,7.41,0,0,74100
01706 ,0003032,FLRS,1.015,0,0,10150
01706 ,0046979,L L ,0.49937999999999994,0,0,4993.8
01706 ,0003033,L L ,0,0,0,0
01706 ,0003034,L L ,0,0,0,0
01706 ,0052284,L L ,0.7104999999999999,0,0,7105
01706 ,0003035,L L ,0,0,0,0
01706 ,0003036,L L ,0,0,0,0
01706 ,0003037,L L ,3.184055,0,0,31840.55
01706 ,0003038,L L ,0.7104999999999999,0,0,7105
01706 ,0003039,L L ,0.658735,0,0,6587.35
01706 ,0003040,L L ,1.6097899999999998,0,0,16097.9
01706 ,0003041,L L ,2.56,0,0,25600
01706 ,0003042,L L ,1.35,0,0,13500
01706 ,0003043,L L ,0.4770499999999999,0,0,4770.5
01706 ,0003044,L L ,0,0,0,0
01706 ,0003045,L L ,0,0,0,0
01706 ,0003046,L L ,0,0,0,0
01706 ,0024653,L L ,0.5724599999999999,0,0,5724.6
01706 ,0003047,L L ,0,0,0,0
01706 ,0036509,L L ,3.89151,0,0,38915.1
01706 ,0029717,L L ,0,0,0,0
01706 ,0034615,L L ,1.8665849999999997,0,0,18665.85
01706 ,0003048,L L ,0.8119999999999999,0,0,8120
01706 ,0003049,L L ,2.8531649999999997,0,0,28531.65
01706 ,0003050,L L ,2.225895,0,0,22258.95
01706 ,0003051,L L ,0,0,0,0
01706 ,0028043,L L ,0,0,0,0
01706 ,0052128,L L ,0,0,0,0
01706 ,0067256,L L ,0.532875,0,0,5328.75
01706 ,0003052,L L ,0,0,0,0
01706 ,0003055,L L ,1.5123499999999999,0,0,15123.5
01706 ,0003058,L L ,0.9175599999999999,0,0,9175.6
01706 ,0003059,L L ,0,0,0,0
01706 ,0003060,L L ,0.47907999999999995,0,0,4790.8
01706 ,0003061,L L ,1.93,0,0,19300
01706 ,0035807,L L ,2.5780999999999996,0,0,25781
01706 ,0003063,L L ,0,0,0,0
01706 ,0003065,L L ,0.43644999999999995,0,0,4364.5
01706 ,0047126,L L ,5.138945,0,0,51389.45
01706 ,0003066,L L ,0.43,0,0,4300
01706 ,0003067,L L ,0,0,0,0
01706 ,0003068,L L ,0,0,0,0
01706 ,0003069,L L ,0,0,0,0
01706 ,0003070,L L ,0,0,0,0
01706 ,0003071,L L ,0,0,0,0
01706 ,0032360,L L ,1.4372399999999999,0,0,14372.4
01706 ,0003073,L L ,2.99425,0,0,29942.5
01706 ,0003074,L L ,0,0,0,0
01706 ,0032261,L L ,0,0,0,0
01706 ,0033362,L L ,1.8117749999999997,0,0,18117.75
01706 ,0034288,L L ,2.367995,0,0,23679.95
01706 ,0032266,L L ,1.715,0,0,17150
01706 ,0057978,L L ,7.703849999999999,0,0,77038.5
01706 ,0049154,MIN ,1.4108499999999997,0,0,14108.5
01706 ,0003079,L L ,4.53096,0,0,45309.6
01706 ,0003080,L L ,0,0,0,0
01706 ,0029593,L L ,0,0,0,0
01706 ,0003081,L L ,1.6767799999999997,0,0,16767.8
01706 ,0022550,L L ,8.928955,0,0,89289.55
01706 ,0003083,L L ,3.312,0,0,33120
01706 ,0003084,L L ,2.0807499999999997,0,0,20807.5
01706 ,0022551,L L ,18.93178,0,0,189317.8
01706 ,0003086,L L ,1.2789,0,0,12789
01706 ,0003087,L L ,1.88,0,0,18800
01706 ,0003088,L L ,0,0,0,0
01706 ,0003089,L L ,2.3669799999999994,0,0,23669.8
01706 ,0003090,L L ,3.1444699999999997,0,0,31444.7
01706 ,0003096,L L ,3.3494999999999995,0,0,33495
01706 ,0003092,L L ,2.08,0,0,20800
01706 ,0003093,L L ,4.188904999999999,0,0,41889.05
01706 ,0003094,L L ,1.35,0,0,13500
01706 ,0003095,L L ,3.25,0,0,32500
01706 ,0028853,L L ,2.5882499999999995,0,0,25882.5
01706 ,0054122,L L ,1.5986249999999997,0,0,15986.25
01706 ,0003097,L L ,0,1,0,0
01706 ,0022552,L L ,1.1885649999999999,0,0,11885.65
01706 ,0003098,L L ,3.1058999999999997,0,0,31059
01706 ,0003099,L L ,1.6514049999999998,0,0,16514.05
01706 ,0003100,L L ,1.7792949999999996,0,0,17792.95
01706 ,0003101,L L ,1.8960199999999998,0,0,18960.2
01706 ,0068012,L L ,2.22894,0,0,22289.4
01706 ,0003102,L L ,0.9946999999999999,0,0,9947
01706 ,0036259,L L ,1.7051999999999998,0,0,17052
01706 ,0031394,L L ,3.045,0,0,30450
01706 ,0035017,L L ,0,0,0,0
01706 ,0022553,L L ,1.2981849999999997,0,0,12981.85
01706 ,0003104,L L ,2.02391,0,0,20239.1
01706 ,0031976,L L ,1.4372399999999999,0,0,14372.4
01706 ,0003105,L L ,0.54325,0,0,5432.5
01706 ,0003106,L L ,0.54325,0,0,5432.5
01706 ,0003107,L L ,0.82,0,0,8200
01706 ,0003109,L L ,1.4372399999999999,0,0,14372.4
01706 ,0050630,L L ,0.63945,0,0,6394.5
01706 ,0027803,L L ,2.1325149999999997,0,0,21325.15
01706 ,0003110,L L ,0,0,0,0
01706 ,0003111,L L ,1.5133649999999998,0,0,15133.65
01706 ,0003112,L L ,0,0,0,0
01706 ,0003113,L L ,1.15,0,0,11500
01706 ,0003114,L L ,3.985905,0,0,39859.05
01706 ,0003115,L L ,3.8092949999999997,0,0,38092.95
01706 ,0003116,L L ,2.1944299999999997,0,0,21944.3
01706 ,0003117,L L ,0,0,0,0
01706 ,0003119,L L ,0,0,0,0
01706 ,0003120,L L ,0,0,0,0
01706 ,0003121,L L ,8.766555,0,0,87665.55
01706 ,0003122,L L ,4.24473,0,0,42447.3
01706 ,0003123,L L ,6.125525,0,0,61255.25
01706 ,0003124,L L ,4.4254,0,0,44254
01706 ,0003125,L L ,0,0,0,0
01706 ,0003127,L L ,2.9749649999999996,0,0,29749.65
01706 ,0003128,L L ,0,0,0,0
01706 ,0003129,L L ,2.1325149999999997,0,0,21325.15
01706 ,0032500,L L ,1.11853,0,0,11185.3
01706 ,0032501,L L ,4.5421249999999995,0,0,45421.25
01706 ,0033606,L L ,0,0,0,0
01706 ,0051770,L L ,0,0,0,0
01706 ,0003131,SLVS,0,0,0,0
01706 ,0003132,SLVS,0,0,0,0
01706 ,0022556,FLRS,2.1081549999999996,0,0,21081.55
01706 ,0022557,FLRS,0,0,0,0
01706 ,0094672,BATT,870.1,0,0,8700999.91
01706 ,0094673,BATT,238,0,0,2379999.98
01706 ,0097744,BATT,572,0,0,5719999.94
01706 ,0104715,BATT,572,0,0,5719999.94
01706 ,0105032,BATT,533,0,0,5329999.95
01706 ,0032589,L L ,0,0,0,0
01706 ,0032593,PHOT,0,0,0,0
01706 ,0032612,PHOT,0,0,0,0
01706 ,0032592,PHOT,0,0,0,0
01706 ,0032621,PHOT,0,0,0,0
01706 ,0032613,PHOT,0,0,0,0
01706 ,0032622,PHOT,0,0,0,0
01706 ,0032594,PHOT,0,0,0,0
01706 ,0032595,PHOT,0,0,0,0
01706 ,0032624,PHOT,0,0,0,0
01706 ,0032591,L L ,0,0,0,0
01706 ,0032629,L L ,0,0,0,0
01706 ,0032628,L L ,0,0,0,0
01706 ,0032626,PHOT,0,0,0,0
01706 ,0032625,PHOT,0,0,0,0
01706 ,0032611,PHOT,0,0,0,0
01706 ,0032597,PHOT,0,0,0,0
01706 ,0032596,PHOT,0,0,0,0
01706 ,0032627,PHOT,0,0,0,0
01706 ,0032590,L L ,0,0,0,0
01706 ,0032623,PHOT,0,0,0,0
01706 ,0093939,MIN ,0.19285,0,0,1928.5
01706 ,0060965,MIN ,0.201985,0,0,2019.85
01706 ,0034139,L L ,0.14920499999999998,0,0,1492.05
01706 ,0049420,L L ,0.20299999999999999,0,0,2030
01706 ,0034140,L L ,0,0,0,0
01706 ,0086322,L L ,0.23345,0,0,2334.5
01706 ,0093929,MIN ,0.20299999999999999,0,0,2030
01706 ,0093932,MIN ,0.20299999999999999,0,0,2030
01706 ,0052949,MIN ,0.20299999999999999,0,0,2030
01706 ,0093931,MIN ,0.20299999999999999,0,0,2030
01706 ,0093930,MIN ,0.20299999999999999,0,0,2030
01706 ,0053409,STTV,17.589949999999998,0,0,175899.5
01706 ,0053408,STTV,5.431265,0,0,54312.65
01706 ,0047315,XMAS,0,0,0,0
01706 ,0047316,XMAS,5.236384999999999,0,0,52363.85
01706 ,0050162,STFX,17.489465,0,0,174894.65
01706 ,0053186,WIRE,25.190269999999998,0,0,251902.7
01706 ,0053179,L L ,0.201985,0,0,2019.85
01742 ,0002936,LIT ,0,0,0,0
01742 ,0002937,LIT ,0,0,0,0
01742 ,0002938,LIT ,0,0,0,0
01742 ,0002939,LIT ,0,0,0,0
01742 ,0031289,LIT ,0,0,0,0
01742 ,0031842,LIT ,0,0,0,0
01742 ,0032059,LIT ,0,0,0,0
01742 ,0060488,LIT ,0,0,0,0
01742 ,0060901,LIT ,0,0,0,0
01742 ,0066318,LIT ,0,0,0,0
01742 ,0002959,LIT ,0,0,0,0
01742 ,0002970,LIT ,0.10961999999999998,0,0,1096.2
01742 ,0003005,LIT ,0.6364049999999999,0,0,6364.05
01742 ,0003009,LIT ,3.24597,0,0,32459.7
01742 ,0003010,LIT ,0.226345,0,0,2263.45
01742 ,0003013,LIT ,2.8125649999999998,0,0,28125.65
01742 ,0002936,LIT ,0,0,0,0
01742 ,0002937,LIT ,0,0,0,0
01742 ,0032907,LIT ,0,0,0,0
01742 ,0032908,LIT ,0,0,0,0
01742 ,0031289,LIT ,0,0,0,0
01742 ,0031842,LIT ,0,0,0,0
01742 ,0032059,LIT ,0,0,0,0
01742 ,0060488,LIT ,0,0,0,0
01742 ,0060901,LIT ,0,0,0,0
01742 ,0066318,LIT ,0,0,0,0
01742 ,0002959,LIT ,0,0,0,0
01742 ,0002970,LIT ,0.10961999999999998,0,0,1096.2
01742 ,0003005,LIT ,0.6364049999999999,0,0,6364.05
01742 ,0003009,LIT ,3.24597,0,0,32459.7
01742 ,0003010,LIT ,0.226345,0,0,2263.45
01742 ,0003013,LIT ,2.8125649999999998,0,0,28125.65
01742 ,0066967,LIT ,0,0,0,0
01742 ,0003029,NONE,13.554309999999997,0,0,135543.1
01742 ,0003030,FLRS,1.56,0,0,15600
01742 ,0003031,FLRS,7.41,0,0,74100
01742 ,0003032,FLRS,1.015,0,0,10150
01742 ,0046979,L L ,0.49937999999999994,0,0,4993.8
01742 ,0003033,L L ,0,0,0,0
01742 ,0003034,L L ,0,0,0,0
01742 ,0052284,L L ,0.7104999999999999,0,0,7105
01742 ,0003035,L L ,0,0,0,0
01742 ,0003036,L L ,0,0,0,0
01742 ,0003037,L L ,3.184055,0,0,31840.55
01742 ,0003038,L L ,0.7104999999999999,0,0,7105
01742 ,0003039,L L ,0.658735,0,0,6587.35
01742 ,0003040,L L ,1.6097899999999998,0,0,16097.9
01742 ,0003041,L L ,2.56,0,0,25600
01742 ,0003042,L L ,1.35,0,0,13500
01742 ,0003043,L L ,0.4770499999999999,0,0,4770.5
01742 ,0003044,L L ,0,0,0,0
01742 ,0003045,L L ,0,0,0,0
01742 ,0003046,L L ,0,0,0,0
01742 ,0024653,L L ,0.5724599999999999,0,0,5724.6
01742 ,0003047,L L ,0,0,0,0
01742 ,0036509,L L ,3.89151,0,0,38915.1
01742 ,0029717,L L ,0,0,0,0
01742 ,0034615,L L ,1.8665849999999997,0,0,18665.85
01742 ,0003048,L L ,0.8119999999999999,0,0,8120
01742 ,0003049,L L ,2.8531649999999997,0,0,28531.65
01742 ,0003050,L L ,2.225895,0,0,22258.95
01742 ,0003051,L L ,0,0,0,0
01742 ,0028043,L L ,0,0,0,0
01742 ,0052128,L L ,0,0,0,0
01742 ,0067256,L L ,0.532875,0,0,5328.75
01742 ,0003052,L L ,0,0,0,0
01742 ,0003055,L L ,1.5123499999999999,0,0,15123.5
01742 ,0003058,L L ,0.9175599999999999,0,0,9175.6
01742 ,0003059,L L ,0,0,0,0
01742 ,0003060,L L ,0.47907999999999995,0,0,4790.8
01742 ,0003061,L L ,1.93,0,0,19300
01742 ,0035807,L L ,2.5780999999999996,0,0,25781
01742 ,0003063,L L ,0,0,0,0
01742 ,0003065,L L ,0.43644999999999995,0,0,4364.5
01742 ,0047126,L L ,5.138945,0,0,51389.45
01742 ,0003066,L L ,0.43,0,0,4300
01742 ,0003067,L L ,0,0,0,0
01742 ,0003068,L L ,0,0,0,0
01742 ,0003069,L L ,0,0,0,0
01742 ,0003070,L L ,0,0,0,0
01742 ,0003071,L L ,0,0,0,0
01742 ,0032360,L L ,1.4372399999999999,0,0,14372.4
01742 ,0003073,L L ,2.99425,0,0,29942.5
01742 ,0003074,L L ,0,0,0,0
01742 ,0032261,L L ,0,0,0,0
01742 ,0033362,L L ,1.8117749999999997,0,0,18117.75
01742 ,0034288,L L ,2.367995,0,0,23679.95
01742 ,0032266,L L ,1.715,0,0,17150
01742 ,0057978,L L ,7.703849999999999,0,0,77038.5
01742 ,0049154,MIN ,1.4108499999999997,0,0,14108.5
01742 ,0003079,L L ,4.53096,0,0,45309.6
01742 ,0003080,L L ,0,0,0,0
01742 ,0029593,L L ,0,0,0,0
01742 ,0003081,L L ,1.6767799999999997,0,0,16767.8
01742 ,0022550,L L ,8.928955,0,0,89289.55
01742 ,0003083,L L ,3.312,0,0,33120
01742 ,0003084,L L ,2.0807499999999997,0,0,20807.5
01742 ,0022551,L L ,18.93178,0,0,189317.8
01742 ,0003086,L L ,1.2789,0,0,12789
01742 ,0003087,L L ,1.88,0,0,18800
01742 ,0003088,L L ,0,0,0,0
01742 ,0003089,L L ,2.3669799999999994,0,0,23669.8
01742 ,0003090,L L ,3.1444699999999997,0,0,31444.7
01742 ,0003096,L L ,3.3494999999999995,0,0,33495
01742 ,0003092,L L ,2.08,0,0,20800
01742 ,0003093,L L ,4.188904999999999,0,0,41889.05
01742 ,0003094,L L ,1.35,0,0,13500
01742 ,0003095,L L ,3.25,0,0,32500
01742 ,0028853,L L ,2.5882499999999995,0,0,25882.5
01742 ,0054122,L L ,1.5986249999999997,0,0,15986.25
01742 ,0003097,L L ,0,1,0,0
01742 ,0022552,L L ,1.1885649999999999,0,0,11885.65
01742 ,0003098,L L ,3.1058999999999997,0,0,31059
01742 ,0003099,L L ,1.6514049999999998,0,0,16514.05
01742 ,0003100,L L ,1.7792949999999996,0,0,17792.95
01742 ,0003101,L L ,1.8960199999999998,0,0,18960.2
01742 ,0068012,L L ,2.22894,0,0,22289.4
01742 ,0003102,L L ,0.9946999999999999,0,0,9947
01742 ,0036259,L L ,1.7051999999999998,0,0,17052
01742 ,0031394,L L ,3.045,0,0,30450
01742 ,0035017,L L ,0,0,0,0
01742 ,0022553,L L ,1.2981849999999997,0,0,12981.85
01742 ,0003104,L L ,2.02391,0,0,20239.1
01742 ,0031976,L L ,1.4372399999999999,0,0,14372.4
01742 ,0003105,L L ,0.54325,0,0,5432.5
01742 ,0003106,L L ,0.54325,0,0,5432.5
01742 ,0003107,L L ,0.82,0,0,8200
01742 ,0003109,L L ,1.4372399999999999,0,0,14372.4
01742 ,0050630,L L ,0.63945,0,0,6394.5
01742 ,0027803,L L ,2.1325149999999997,0,0,21325.15
01742 ,0003110,L L ,0,0,0,0
01742 ,0003111,L L ,1.5133649999999998,0,0,15133.65
01742 ,0003112,L L ,0,0,0,0
01742 ,0003113,L L ,1.15,0,0,11500
01742 ,0003114,L L ,3.985905,0,0,39859.05
01742 ,0003115,L L ,3.8092949999999997,0,0,38092.95
01742 ,0003116,L L ,2.1944299999999997,0,0,21944.3
01742 ,0003117,L L ,0,0,0,0
01742 ,0003119,L L ,0,0,0,0
01742 ,0003120,L L ,0,0,0,0
01742 ,0003121,L L ,8.766555,0,0,87665.55
01742 ,0003122,L L ,4.24473,0,0,42447.3
01742 ,0003123,L L ,6.125525,0,0,61255.25
01742 ,0003124,L L ,4.4254,0,0,44254
01742 ,0003125,L L ,0,0,0,0
01742 ,0003127,L L ,2.9749649999999996,0,0,29749.65
01742 ,0003128,L L ,0,0,0,0
01742 ,0003129,L L ,2.1325149999999997,0,0,21325.15
01742 ,0032500,L L ,1.11853,0,0,11185.3
01742 ,0032501,L L ,4.5421249999999995,0,0,45421.25
01742 ,0033606,L L ,0,0,0,0
01742 ,0051770,L L ,0,0,0,0
01742 ,0003131,SLVS,0,0,0,0
01742 ,0003132,SLVS,0,0,0,0
01742 ,0022556,FLRS,2.1081549999999996,0,0,21081.55
01742 ,0022557,FLRS,0,0,0,0
01742 ,0094672,BATT,870.1,0,0,8700999.91
01742 ,0094673,BATT,238,0,0,2379999.98
01742 ,0097744,BATT,572,0,0,5719999.94
01742 ,0104715,BATT,572,0,0,5719999.94
01742 ,0105032,BATT,533,0,0,5329999.95
01742 ,0032589,L L ,0,0,0,0
01742 ,0032593,PHOT,0,0,0,0
01742 ,0032612,PHOT,0,0,0,0
01742 ,0032592,PHOT,0,0,0,0
01742 ,0032621,PHOT,0,0,0,0
01742 ,0032613,PHOT,0,0,0,0
01742 ,0032622,PHOT,0,0,0,0
01742 ,0032594,PHOT,0,0,0,0
01742 ,0032595,PHOT,0,0,0,0
01742 ,0032624,PHOT,0,0,0,0
01742 ,0032591,L L ,0,0,0,0
01742 ,0032629,L L ,0,0,0,0
01742 ,0032628,L L ,0,0,0,0
01742 ,0032626,PHOT,0,0,0,0
01742 ,0032625,PHOT,0,0,0,0
01742 ,0032611,PHOT,0,0,0,0
01742 ,0032597,PHOT,0,0,0,0
01742 ,0032596,PHOT,0,0,0,0
01742 ,0032627,PHOT,0,0,0,0
01742 ,0032590,L L ,0,0,0,0
01742 ,0032623,PHOT,0,0,0,0
01742 ,0093939,MIN ,0.19285,0,0,1928.5
01742 ,0060965,MIN ,0.201985,0,0,2019.85
01742 ,0034139,L L ,0.14920499999999998,0,0,1492.05
01742 ,0049420,L L ,0.20299999999999999,0,0,2030
01742 ,0034140,L L ,0,0,0,0
01742 ,0086322,L L ,0.23345,0,0,2334.5
01742 ,0093929,MIN ,0.20299999999999999,0,0,2030
01742 ,0093932,MIN ,0.20299999999999999,0,0,2030
01742 ,0052949,MIN ,0.20299999999999999,0,0,2030
01742 ,0093931,MIN ,0.20299999999999999,0,0,2030
01742 ,0093930,MIN ,0.20299999999999999,0,0,2030
01742 ,0053409,STTV,17.589949999999998,0,0,175899.5
01742 ,0053408,STTV,5.431265,0,0,54312.65
01742 ,0047315,XMAS,0,0,0,0
01742 ,0047316,XMAS,5.236384999999999,0,0,52363.85
01742 ,0050162,STFX,17.489465,0,0,174894.65
01742 ,0053186,WIRE,25.190269999999998,0,0,251902.7
01742 ,0053179,L L ,0.201985,0,0,2019.85
01865 ,0002936,LIT ,0,0,0,0
01865 ,0002937,LIT ,0,0,0,0
01865 ,0002938,LIT ,0,0,0,0
01865 ,0002939,LIT ,0,0,0,0
01865 ,0031289,LIT ,0,0,0,0
01865 ,0031842,LIT ,0,0,0,0
01865 ,0032059,LIT ,0,0,0,0
01865 ,0060488,LIT ,0,0,0,0
01865 ,0060901,LIT ,0,0,0,0
01865 ,0066318,LIT ,0,0,0,0
01865 ,0002959,LIT ,0,0,0,0
01865 ,0002970,LIT ,0.10961999999999998,0,0,1096.2
01865 ,0003005,LIT ,0.6364049999999999,0,0,6364.05
01865 ,0003009,LIT ,3.24597,0,0,32459.7
01865 ,0003010,LIT ,0.226345,0,0,2263.45
01865 ,0003013,LIT ,2.8125649999999998,0,0,28125.65
01865 ,0002936,LIT ,0,0,0,0
01865 ,0002937,LIT ,0,0,0,0
01865 ,0032907,LIT ,0,0,0,0
01865 ,0032908,LIT ,0,0,0,0
01865 ,0031289,LIT ,0,0,0,0
01865 ,0031842,LIT ,0,0,0,0
01865 ,0032059,LIT ,0,0,0,0
01865 ,0060488,LIT ,0,0,0,0
01865 ,0060901,LIT ,0,0,0,0
01865 ,0066318,LIT ,0,0,0,0
01865 ,0002959,LIT ,0,0,0,0
01865 ,0002970,LIT ,0.10961999999999998,0,0,1096.2
01865 ,0003005,LIT ,0.6364049999999999,0,0,6364.05
01865 ,0003009,LIT ,3.24597,0,0,32459.7
01865 ,0003010,LIT ,0.226345,0,0,2263.45
01865 ,0003013,LIT ,2.8125649999999998,0,0,28125.65
01865 ,0066967,LIT ,0,0,0,0
01865 ,0003029,NONE,13.554309999999997,0,0,135543.1
01865 ,0003030,FLRS,1.56,0,0,15600
01865 ,0003031,FLRS,7.41,0,0,74100
01865 ,0003032,FLRS,1.015,0,0,10150
01865 ,0046979,L L ,0.49937999999999994,0,0,4993.8
01865 ,0003033,L L ,0,0,0,0
01865 ,0003034,L L ,0,0,0,0
01865 ,0052284,L L ,0.7104999999999999,0,0,7105
01865 ,0003035,L L ,0,0,0,0
01865 ,0003036,L L ,0,0,0,0
01865 ,0003037,L L ,3.184055,0,0,31840.55
01865 ,0003038,L L ,0.7104999999999999,0,0,7105
01865 ,0003039,L L ,0.658735,0,0,6587.35
01865 ,0003040,L L ,1.6097899999999998,0,0,16097.9
01865 ,0003041,L L ,2.56,0,0,25600
01865 ,0003042,L L ,1.35,0,0,13500
01865 ,0003043,L L ,0.4770499999999999,0,0,4770.5
01865 ,0003044,L L ,0,0,0,0
01865 ,0003045,L L ,0,0,0,0
01865 ,0003046,L L ,0,0,0,0
01865 ,0024653,L L ,0.5724599999999999,0,0,5724.6
01865 ,0003047,L L ,0,0,0,0
01865 ,0036509,L L ,3.89151,0,0,38915.1
01865 ,0029717,L L ,0,0,0,0
01865 ,0034615,L L ,1.8665849999999997,0,0,18665.85
01865 ,0003048,L L ,0.8119999999999999,0,0,8120
01865 ,0003049,L L ,2.8531649999999997,0,0,28531.65
01865 ,0003050,L L ,2.225895,0,0,22258.95
01865 ,0003051,L L ,0,0,0,0
01865 ,0028043,L L ,0,0,0,0
01865 ,0052128,L L ,0,0,0,0
01865 ,0067256,L L ,0.532875,0,0,5328.75
01865 ,0003052,L L ,0,0,0,0
01865 ,0003055,L L ,1.5123499999999999,0,0,15123.5
01865 ,0003058,L L ,0.9175599999999999,0,0,9175.6
01865 ,0003059,L L ,0,0,0,0
01865 ,0003060,L L ,0.47907999999999995,0,0,4790.8
01865 ,0003061,L L ,1.93,0,0,19300
01865 ,0035807,L L ,2.5780999999999996,0,0,25781
01865 ,0003063,L L ,0,0,0,0
01865 ,0003065,L L ,0.43644999999999995,0,0,4364.5
01865 ,0047126,L L ,5.138945,0,0,51389.45
01865 ,0003066,L L ,0.43,0,0,4300
01865 ,0003067,L L ,0,0,0,0
01865 ,0003068,L L ,0,0,0,0
01865 ,0003069,L L ,0,0,0,0
01865 ,0003070,L L ,0,0,0,0
01865 ,0003071,L L ,0,0,0,0
01865 ,0032360,L L ,1.4372399999999999,0,0,14372.4
01865 ,0003073,L L ,2.99425,0,0,29942.5
01865 ,0003074,L L ,0,0,0,0
01865 ,0032261,L L ,0,0,0,0
01865 ,0033362,L L ,1.8117749999999997,0,0,18117.75
01865 ,0034288,L L ,2.367995,0,0,23679.95
01865 ,0032266,L L ,1.715,0,0,17150
01865 ,0057978,L L ,7.703849999999999,0,0,77038.5
01865 ,0049154,MIN ,1.4108499999999997,0,0,14108.5
01865 ,0003079,L L ,4.53096,0,0,45309.6
01865 ,0003080,L L ,0,0,0,0
01865 ,0029593,L L ,0,0,0,0
01865 ,0003081,L L ,1.6767799999999997,0,0,16767.8
01865 ,0022550,L L ,8.928955,0,0,89289.55
01865 ,0003083,L L ,3.312,0,0,33120
01865 ,0003084,L L ,2.0807499999999997,0,0,20807.5
01865 ,0022551,L L ,18.93178,0,0,189317.8
01865 ,0003086,L L ,1.2789,0,0,12789
01865 ,0003087,L L ,1.88,0,0,18800
01865 ,0003088,L L ,0,0,0,0
01865 ,0003089,L L ,2.3669799999999994,0,0,23669.8
01865 ,0003090,L L ,3.1444699999999997,0,0,31444.7
01865 ,0003096,L L ,3.3494999999999995,0,0,33495
01865 ,0003092,L L ,2.08,0,0,20800
01865 ,0003093,L L ,4.188904999999999,0,0,41889.05
01865 ,0003094,L L ,1.35,0,0,13500
01865 ,0003095,L L ,3.25,0,0,32500
01865 ,0028853,L L ,2.5882499999999995,0,0,25882.5
01865 ,0054122,L L ,1.5986249999999997,0,0,15986.25
01865 ,0003097,L L ,0,1,0,0
01865 ,0022552,L L ,1.1885649999999999,0,0,11885.65
01865 ,0003098,L L ,3.1058999999999997,0,0,31059
01865 ,0003099,L L ,1.6514049999999998,0,0,16514.05
01865 ,0003100,L L ,1.7792949999999996,0,0,17792.95
01865 ,0003101,L L ,1.8960199999999998,0,0,18960.2
01865 ,0068012,L L ,2.22894,0,0,22289.4
01865 ,0003102,L L ,0.9946999999999999,0,0,9947
01865 ,0036259,L L ,1.7051999999999998,0,0,17052
01865 ,0031394,L L ,3.045,0,0,30450
01865 ,0035017,L L ,0,0,0,0
01865 ,0022553,L L ,1.2981849999999997,0,0,12981.85
01865 ,0003104,L L ,2.02391,0,0,20239.1
01865 ,0031976,L L ,1.4372399999999999,0,0,14372.4
01865 ,0003105,L L ,0.54325,0,0,5432.5
01865 ,0003106,L L ,0.54325,0,0,5432.5
01865 ,0003107,L L ,0.82,0,0,8200
01865 ,0003109,L L ,1.4372399999999999,0,0,14372.4
01865 ,0050630,L L ,0.63945,0,0,6394.5
01865 ,0027803,L L ,2.1325149999999997,0,0,21325.15
01865 ,0003110,L L ,0,0,0,0
01865 ,0003111,L L ,1.5133649999999998,0,0,15133.65
01865 ,0003112,L L ,0,0,0,0
01865 ,0003113,L L ,1.15,0,0,11500
01865 ,0003114,L L ,3.985905,0,0,39859.05
01865 ,0003115,L L ,3.8092949999999997,0,0,38092.95
01865 ,0003116,L L ,2.1944299999999997,0,0,21944.3
01865 ,0003117,L L ,0,0,0,0
01865 ,0003119,L L ,0,0,0,0
01865 ,0003120,L L ,0,0,0,0
01865 ,0003121,L L ,8.766555,0,0,87665.55
01865 ,0003122,L L ,4.24473,0,0,42447.3
01865 ,0003123,L L ,6.125525,0,0,61255.25
01865 ,0003124,L L ,4.4254,0,0,44254
01865 ,0003125,L L ,0,0,0,0
01865 ,0003127,L L ,2.9749649999999996,0,0,29749.65
01865 ,0003128,L L ,0,0,0,0
01865 ,0003129,L L ,2.1325149999999997,0,0,21325.15
01865 ,0032500,L L ,1.11853,0,0,11185.3
01865 ,0032501,L L ,4.5421249999999995,0,0,45421.25
01865 ,0033606,L L ,0,0,0,0
01865 ,0051770,L L ,0,0,0,0
01865 ,0003131,SLVS,0,0,0,0
01865 ,0003132,SLVS,0,0,0,0
01865 ,0022556,FLRS,2.1081549999999996,0,0,21081.55
01865 ,0022557,FLRS,0,0,0,0
01865 ,0094672,BATT,870.1,0,0,8700999.91
01865 ,0094673,BATT,238,0,0,2379999.98
01865 ,0097744,BATT,572,0,0,5719999.94
01865 ,0104715,BATT,572,0,0,5719999.94
01865 ,0105032,BATT,533,0,0,5329999.95
01865 ,0032589,L L ,0,0,0,0
01865 ,0032593,PHOT,0,0,0,0
01865 ,0032612,PHOT,0,0,0,0
01865 ,0032592,PHOT,0,0,0,0
01865 ,0032621,PHOT,0,0,0,0
01865 ,0032613,PHOT,0,0,0,0
01865 ,0032622,PHOT,0,0,0,0
01865 ,0032594,PHOT,0,0,0,0
01865 ,0032595,PHOT,0,0,0,0
01865 ,0032624,PHOT,0,0,0,0
01865 ,0032591,L L ,0,0,0,0
01865 ,0032629,L L ,0,0,0,0
01865 ,0032628,L L ,0,0,0,0
01865 ,0032626,PHOT,0,0,0,0
01865 ,0032625,PHOT,0,0,0,0
01865 ,0032611,PHOT,0,0,0,0
01865 ,0032597,PHOT,0,0,0,0
01865 ,0032596,PHOT,0,0,0,0
01865 ,0032627,PHOT,0,0,0,0
01865 ,0032590,L L ,0,0,0,0
01865 ,0032623,PHOT,0,0,0,0
01865 ,0093939,MIN ,0.19285,0,0,1928.5
01865 ,0060965,MIN ,0.201985,0,0,2019.85
01865 ,0034139,L L ,0.14920499999999998,0,0,1492.05
01865 ,0049420,L L ,0.20299999999999999,0,0,2030
01865 ,0034140,L L ,0,0,0,0
01865 ,0086322,L L ,0.23345,0,0,2334.5
01865 ,0093929,MIN ,0.20299999999999999,0,0,2030
01865 ,0093932,MIN ,0.20299999999999999,0,0,2030
01865 ,0052949,MIN ,0.20299999999999999,0,0,2030
01865 ,0093931,MIN ,0.20299999999999999,0,0,2030
01865 ,0093930,MIN ,0.20299999999999999,0,0,2030
01865 ,0053409,STTV,17.589949999999998,0,0,175899.5
01865 ,0053408,STTV,5.431265,0,0,54312.65
01865 ,0047315,XMAS,0,0,0,0
01865 ,0047316,XMAS,5.236384999999999,0,0,52363.85
01865 ,0050162,STFX,17.489465,0,0,174894.65
01865 ,0053186,WIRE,25.190269999999998,0,0,251902.7
01865 ,0053179,L L ,0.201985,0,0,2019.85
01871 ,0002936,LIT ,0,0,0,0
01871 ,0002937,LIT ,0,0,0,0
01871 ,0002938,LIT ,0,0,0,0
01871 ,0002939,LIT ,0,0,0,0
01871 ,0031289,LIT ,0,0,0,0
01871 ,0031842,LIT ,0,0,0,0
01871 ,0032059,LIT ,0,0,0,0
01871 ,0060488,LIT ,0,0,0,0
01871 ,0060901,LIT ,0,0,0,0
01871 ,0066318,LIT ,0,0,0,0
01871 ,0002959,LIT ,0,0,0,0
01871 ,0002970,LIT ,0.10961999999999998,0,0,1096.2
01871 ,0003005,LIT ,0.6364049999999999,0,0,6364.05
01871 ,0003009,LIT ,3.24597,0,0,32459.7
01871 ,0003010,LIT ,0.226345,0,0,2263.45
01871 ,0003013,LIT ,2.8125649999999998,0,0,28125.65
01871 ,0002936,LIT ,0,0,0,0
01871 ,0002937,LIT ,0,0,0,0
01871 ,0032907,LIT ,0,0,0,0
01871 ,0032908,LIT ,0,0,0,0
01871 ,0031289,LIT ,0,0,0,0
01871 ,0031842,LIT ,0,0,0,0
01871 ,0032059,LIT ,0,0,0,0
01871 ,0060488,LIT ,0,0,0,0
01871 ,0060901,LIT ,0,0,0,0
01871 ,0066318,LIT ,0,0,0,0
01871 ,0002959,LIT ,0,0,0,0
01871 ,0002970,LIT ,0.10961999999999998,0,0,1096.2
01871 ,0003005,LIT ,0.6364049999999999,0,0,6364.05
01871 ,0003009,LIT ,3.24597,0,0,32459.7
01871 ,0003010,LIT ,0.226345,0,0,2263.45
01871 ,0003013,LIT ,2.8125649999999998,0,0,28125.65
01871 ,0066967,LIT ,0,0,0,0
01871 ,0003029,NONE,13.554309999999997,0,0,135543.1
01871 ,0003030,FLRS,1.56,0,0,15600
01871 ,0003031,FLRS,7.41,0,0,74100
01871 ,0003032,FLRS,1.015,0,0,10150
01871 ,0046979,L L ,0.49937999999999994,0,0,4993.8
01871 ,0003033,L L ,0,0,0,0
01871 ,0003034,L L ,0,0,0,0
01871 ,0052284,L L ,0.7104999999999999,0,0,7105
01871 ,0003035,L L ,0,0,0,0
01871 ,0003036,L L ,0,0,0,0
01871 ,0003037,L L ,3.184055,0,0,31840.55
01871 ,0003038,L L ,0.7104999999999999,0,0,7105
01871 ,0003039,L L ,0.658735,0,0,6587.35
01871 ,0003040,L L ,1.6097899999999998,0,0,16097.9
01871 ,0003041,L L ,2.56,0,0,25600
01871 ,0003042,L L ,1.35,0,0,13500
01871 ,0003043,L L ,0.4770499999999999,0,0,4770.5
01871 ,0003044,L L ,0,0,0,0
01871 ,0003045,L L ,0,0,0,0
01871 ,0003046,L L ,0,0,0,0
01871 ,0024653,L L ,0.5724599999999999,0,0,5724.6
01871 ,0003047,L L ,0,0,0,0
01871 ,0036509,L L ,3.89151,0,0,38915.1
01871 ,0029717,L L ,0,0,0,0
01871 ,0034615,L L ,1.8665849999999997,0,0,18665.85
01871 ,0003048,L L ,0.8119999999999999,0,0,8120
01871 ,0003049,L L ,2.8531649999999997,0,0,28531.65
01871 ,0003050,L L ,2.225895,0,0,22258.95
01871 ,0003051,L L ,0,0,0,0
01871 ,0028043,L L ,0,0,0,0
01871 ,0052128,L L ,0,0,0,0
01871 ,0067256,L L ,0.532875,0,0,5328.75
01871 ,0003052,L L ,0,0,0,0
01871 ,0003055,L L ,1.5123499999999999,0,0,15123.5
01871 ,0003058,L L ,0.9175599999999999,0,0,9175.6
01871 ,0003059,L L ,0,0,0,0
01871 ,0003060,L L ,0.47907999999999995,0,0,4790.8
01871 ,0003061,L L ,1.93,0,0,19300
01871 ,0035807,L L ,2.5780999999999996,0,0,25781
01871 ,0003063,L L ,0,0,0,0
01871 ,0003065,L L ,0.43644999999999995,0,0,4364.5
01871 ,0047126,L L ,5.138945,0,0,51389.45
01871 ,0003066,L L ,0.43,0,0,4300
01871 ,0003067,L L ,0,0,0,0
01871 ,0003068,L L ,0,0,0,0
01871 ,0003069,L L ,0,0,0,0
01871 ,0003070,L L ,0,0,0,0
01871 ,0003071,L L ,0,0,0,0
01871 ,0032360,L L ,1.4372399999999999,0,0,14372.4
01871 ,0003073,L L ,2.99425,0,0,29942.5
01871 ,0003074,L L ,0,0,0,0
01871 ,0032261,L L ,0,0,0,0
01871 ,0033362,L L ,1.8117749999999997,0,0,18117.75
01871 ,0034288,L L ,2.367995,0,0,23679.95
01871 ,0032266,L L ,1.715,0,0,17150
01871 ,0057978,L L ,7.703849999999999,0,0,77038.5
01871 ,0049154,MIN ,1.4108499999999997,0,0,14108.5
01871 ,0003079,L L ,4.53096,0,0,45309.6
01871 ,0003080,L L ,0,0,0,0
01871 ,0029593,L L ,0,0,0,0
01871 ,0003081,L L ,1.6767799999999997,0,0,16767.8
01871 ,0022550,L L ,8.928955,0,0,89289.55
01871 ,0003083,L L ,3.312,0,0,33120
01871 ,0003084,L L ,2.0807499999999997,0,0,20807.5
01871 ,0022551,L L ,18.93178,0,0,189317.8
01871 ,0003086,L L ,1.2789,0,0,12789
01871 ,0003087,L L ,1.88,0,0,18800
01871 ,0003088,L L ,0,0,0,0
01871 ,0003089,L L ,2.3669799999999994,0,0,23669.8
01871 ,0003090,L L ,3.1444699999999997,0,0,31444.7
01871 ,0003096,L L ,3.3494999999999995,0,0,33495
01871 ,0003092,L L ,2.08,0,0,20800
01871 ,0003093,L L ,4.188904999999999,0,0,41889.05
01871 ,0003094,L L ,1.35,0,0,13500
01871 ,0003095,L L ,3.25,0,0,32500
01871 ,0028853,L L ,2.5882499999999995,0,0,25882.5
01871 ,0054122,L L ,1.5986249999999997,0,0,15986.25
01871 ,0003097,L L ,0,1,0,0
01871 ,0022552,L L ,1.1885649999999999,0,0,11885.65
01871 ,0003098,L L ,3.1058999999999997,0,0,31059
01871 ,0003099,L L ,1.6514049999999998,0,0,16514.05
01871 ,0003100,L L ,1.7792949999999996,0,0,17792.95
01871 ,0003101,L L ,1.8960199999999998,0,0,18960.2
01871 ,0068012,L L ,2.22894,0,0,22289.4
01871 ,0003102,L L ,0.9946999999999999,0,0,9947
01871 ,0036259,L L ,1.7051999999999998,0,0,17052
01871 ,0031394,L L ,3.045,0,0,30450
01871 ,0035017,L L ,0,0,0,0
01871 ,0022553,L L ,1.2981849999999997,0,0,12981.85
01871 ,0003104,L L ,2.02391,0,0,20239.1
01871 ,0031976,L L ,1.4372399999999999,0,0,14372.4
01871 ,0003105,L L ,0.54325,0,0,5432.5
01871 ,0003106,L L ,0.54325,0,0,5432.5
01871 ,0003107,L L ,0.82,0,0,8200
01871 ,0003109,L L ,1.4372399999999999,0,0,14372.4
01871 ,0050630,L L ,0.63945,0,0,6394.5
01871 ,0027803,L L ,2.1325149999999997,0,0,21325.15
01871 ,0003110,L L ,0,0,0,0
01871 ,0003111,L L ,1.5133649999999998,0,0,15133.65
01871 ,0003112,L L ,0,0,0,0
01871 ,0003113,L L ,1.15,0,0,11500
01871 ,0003114,L L ,3.985905,0,0,39859.05
01871 ,0003115,L L ,3.8092949999999997,0,0,38092.95
01871 ,0003116,L L ,2.1944299999999997,0,0,21944.3
01871 ,0003117,L L ,0,0,0,0
01871 ,0003119,L L ,0,0,0,0
01871 ,0003120,L L ,0,0,0,0
01871 ,0003121,L L ,8.766555,0,0,87665.55
01871 ,0003122,L L ,4.24473,0,0,42447.3
01871 ,0003123,L L ,6.125525,0,0,61255.25
01871 ,0003124,L L ,4.4254,0,0,44254
01871 ,0003125,L L ,0,0,0,0
01871 ,0003127,L L ,2.9749649999999996,0,0,29749.65
01871 ,0003128,L L ,0,0,0,0
01871 ,0003129,L L ,2.1325149999999997,0,0,21325.15
01871 ,0032500,L L ,1.11853,0,0,11185.3
01871 ,0032501,L L ,4.5421249999999995,0,0,45421.25
01871 ,0033606,L L ,0,0,0,0
01871 ,0051770,L L ,0,0,0,0
01871 ,0003131,SLVS,0,0,0,0
01871 ,0003132,SLVS,0,0,0,0
01871 ,0022556,FLRS,2.1081549999999996,0,0,21081.55
01871 ,0022557,FLRS,0,0,0,0
01871 ,0094672,BATT,870.1,0,0,8700999.91
01871 ,0094673,BATT,238,0,0,2379999.98
01871 ,0097744,BATT,572,0,0,5719999.94
01871 ,0104715,BATT,572,0,0,5719999.94
01871 ,0105032,BATT,533,0,0,5329999.95
01871 ,0032589,L L ,0,0,0,0
01871 ,0032593,PHOT,0,0,0,0
01871 ,0032612,PHOT,0,0,0,0
01871 ,0032592,PHOT,0,0,0,0
01871 ,0032621,PHOT,0,0,0,0
01871 ,0032613,PHOT,0,0,0,0
01871 ,0032622,PHOT,0,0,0,0
01871 ,0032594,PHOT,0,0,0,0
01871 ,0032595,PHOT,0,0,0,0
01871 ,0032624,PHOT,0,0,0,0
01871 ,0032591,L L ,0,0,0,0
01871 ,0032629,L L ,0,0,0,0
01871 ,0032628,L L ,0,0,0,0
01871 ,0032626,PHOT,0,0,0,0
01871 ,0032625,PHOT,0,0,0,0
01871 ,0032611,PHOT,0,0,0,0
01871 ,0032597,PHOT,0,0,0,0
01871 ,0032596,PHOT,0,0,0,0
01871 ,0032627,PHOT,0,0,0,0
01871 ,0032590,L L ,0,0,0,0
01871 ,0032623,PHOT,0,0,0,0
01871 ,0093939,MIN ,0.19285,0,0,1928.5
01871 ,0060965,MIN ,0.201985,0,0,2019.85
01871 ,0034139,L L ,0.14920499999999998,0,0,1492.05
01871 ,0049420,L L ,0.20299999999999999,0,0,2030
01871 ,0034140,L L ,0,0,0,0
01871 ,0086322,L L ,0.23345,0,0,2334.5
01871 ,0093929,MIN ,0.20299999999999999,0,0,2030
01871 ,0093932,MIN ,0.20299999999999999,0,0,2030
01871 ,0052949,MIN ,0.20299999999999999,0,0,2030
01871 ,0093931,MIN ,0.20299999999999999,0,0,2030
01871 ,0093930,MIN ,0.20299999999999999,0,0,2030
01871 ,0053409,STTV,17.589949999999998,0,0,175899.5
01871 ,0053408,STTV,5.431265,0,0,54312.65
01871 ,0047315,XMAS,0,0,0,0
01871 ,0047316,XMAS,5.236384999999999,0,0,52363.85
01871 ,0050162,STFX,17.489465,0,0,174894.65
01871 ,0053186,WIRE,25.190269999999998,0,0,251902.7
01871 ,0053179,L L ,0.201985,0,0,2019.85
01892 ,0002936,LIT ,0,0,0,0
01892 ,0002937,LIT ,0,0,0,0
01892 ,0002938,LIT ,0,0,0,0
01892 ,0002939,LIT ,0,0,0,0
01892 ,0031289,LIT ,0,0,0,0
01892 ,0031842,LIT ,0,0,0,0
01892 ,0032059,LIT ,0,0,0,0
01892 ,0060488,LIT ,0,0,0,0
01892 ,0060901,LIT ,0,0,0,0
01892 ,0066318,LIT ,0,0,0,0
01892 ,0002959,LIT ,0,0,0,0
01892 ,0002970,LIT ,0.10961999999999998,0,0,1096.2
01892 ,0003005,LIT ,0.6364049999999999,0,0,6364.05
01892 ,0003009,LIT ,3.24597,0,0,32459.7
01892 ,0003010,LIT ,0.226345,0,0,2263.45
01892 ,0003013,LIT ,2.8125649999999998,0,0,28125.65
01892 ,0002936,LIT ,0,0,0,0
01892 ,0002937,LIT ,0,0,0,0
01892 ,0032907,LIT ,0,0,0,0
01892 ,0032908,LIT ,0,0,0,0
01892 ,0031289,LIT ,0,0,0,0
01892 ,0031842,LIT ,0,0,0,0
01892 ,0032059,LIT ,0,0,0,0
01892 ,0060488,LIT ,0,0,0,0
01892 ,0060901,LIT ,0,0,0,0
01892 ,0066318,LIT ,0,0,0,0
01892 ,0002959,LIT ,0,0,0,0
01892 ,0002970,LIT ,0.10961999999999998,0,0,1096.2
01892 ,0003005,LIT ,0.6364049999999999,0,0,6364.05
01892 ,0003009,LIT ,3.24597,0,0,32459.7
01892 ,0003010,LIT ,0.226345,0,0,2263.45
01892 ,0003013,LIT ,2.8125649999999998,0,0,28125.65
01892 ,0066967,LIT ,0,0,0,0
01892 ,0003029,NONE,13.554309999999997,0,0,135543.1
01892 ,0003030,FLRS,1.56,0,0,15600
01892 ,0003031,FLRS,7.41,0,0,74100
01892 ,0003032,FLRS,1.015,0,0,10150
01892 ,0046979,L L ,0.49937999999999994,0,0,4993.8
01892 ,0003033,L L ,0,0,0,0
01892 ,0003034,L L ,0,0,0,0
01892 ,0052284,L L ,0.7104999999999999,0,0,7105
01892 ,0003035,L L ,0,0,0,0
01892 ,0003036,L L ,0,0,0,0
01892 ,0003037,L L ,3.184055,0,0,31840.55
01892 ,0003038,L L ,0.7104999999999999,0,0,7105
01892 ,0003039,L L ,0.658735,0,0,6587.35
01892 ,0003040,L L ,1.6097899999999998,0,0,16097.9
01892 ,0003041,L L ,2.56,0,0,25600
01892 ,0003042,L L ,1.35,0,0,13500
01892 ,0003043,L L ,0.4770499999999999,0,0,4770.5
01892 ,0003044,L L ,0,0,0,0
01892 ,0003045,L L ,0,0,0,0
01892 ,0003046,L L ,0,0,0,0
01892 ,0024653,L L ,0.5724599999999999,0,0,5724.6
01892 ,0003047,L L ,0,0,0,0
01892 ,0036509,L L ,3.89151,0,0,38915.1
01892 ,0029717,L L ,0,0,0,0
01892 ,0034615,L L ,1.8665849999999997,0,0,18665.85
01892 ,0003048,L L ,0.8119999999999999,0,0,8120
01892 ,0003049,L L ,2.8531649999999997,0,0,28531.65
01892 ,0003050,L L ,2.225895,0,0,22258.95
01892 ,0003051,L L ,0,0,0,0
01892 ,0028043,L L ,0,0,0,0
01892 ,0052128,L L ,0,0,0,0
01892 ,0067256,L L ,0.532875,0,0,5328.75
01892 ,0003052,L L ,0,0,0,0
01892 ,0003055,L L ,1.5123499999999999,0,0,15123.5
01892 ,0003058,L L ,0.9175599999999999,0,0,9175.6
01892 ,0003059,L L ,0,0,0,0
01892 ,0003060,L L ,0.47907999999999995,0,0,4790.8
01892 ,0003061,L L ,1.93,0,0,19300
01892 ,0035807,L L ,2.5780999999999996,0,0,25781
01892 ,0003063,L L ,0,0,0,0
01892 ,0003065,L L ,0.43644999999999995,0,0,4364.5
01892 ,0047126,L L ,5.138945,0,0,51389.45
01892 ,0003066,L L ,0.43,0,0,4300
01892 ,0003067,L L ,0,0,0,0
01892 ,0003068,L L ,0,0,0,0
01892 ,0003069,L L ,0,0,0,0
01892 ,0003070,L L ,0,0,0,0
01892 ,0003071,L L ,0,0,0,0
01892 ,0032360,L L ,1.4372399999999999,0,0,14372.4
01892 ,0003073,L L ,2.99425,0,0,29942.5
01892 ,0003074,L L ,0,0,0,0
01892 ,0032261,L L ,0,0,0,0
01892 ,0033362,L L ,1.8117749999999997,0,0,18117.75
01892 ,0034288,L L ,2.367995,0,0,23679.95
01892 ,0032266,L L ,1.715,0,0,17150
01892 ,0057978,L L ,7.703849999999999,0,0,77038.5
01892 ,0049154,MIN ,1.4108499999999997,0,0,14108.5
01892 ,0003079,L L ,4.53096,0,0,45309.6
01892 ,0003080,L L ,0,0,0,0
01892 ,0029593,L L ,0,0,0,0
01892 ,0003081,L L ,1.6767799999999997,0,0,16767.8
01892 ,0022550,L L ,8.928955,0,0,89289.55
01892 ,0003083,L L ,3.312,0,0,33120
01892 ,0003084,L L ,2.0807499999999997,0,0,20807.5
01892 ,0022551,L L ,18.93178,0,0,189317.8
01892 ,0003086,L L ,1.2789,0,0,12789
01892 ,0003087,L L ,1.88,0,0,18800
01892 ,0003088,L L ,0,0,0,0
01892 ,0003089,L L ,2.3669799999999994,0,0,23669.8
01892 ,0003090,L L ,3.1444699999999997,0,0,31444.7
01892 ,0003096,L L ,3.3494999999999995,0,0,33495
01892 ,0003092,L L ,2.08,0,0,20800
01892 ,0003093,L L ,4.188904999999999,0,0,41889.05
01892 ,0003094,L L ,1.35,0,0,13500
01892 ,0003095,L L ,3.25,0,0,32500
01892 ,0028853,L L ,2.5882499999999995,0,0,25882.5
01892 ,0054122,L L ,1.5986249999999997,0,0,15986.25
01892 ,0003097,L L ,0,1,0,0
01892 ,0022552,L L ,1.1885649999999999,0,0,11885.65
01892 ,0003098,L L ,3.1058999999999997,0,0,31059
01892 ,0003099,L L ,1.6514049999999998,0,0,16514.05
01892 ,0003100,L L ,1.7792949999999996,0,0,17792.95
01892 ,0003101,L L ,1.8960199999999998,0,0,18960.2
01892 ,0068012,L L ,2.22894,0,0,22289.4
01892 ,0003102,L L ,0.9946999999999999,0,0,9947
01892 ,0036259,L L ,1.7051999999999998,0,0,17052
01892 ,0031394,L L ,3.045,0,0,30450
01892 ,0035017,L L ,0,0,0,0
01892 ,0022553,L L ,1.2981849999999997,0,0,12981.85
01892 ,0003104,L L ,2.02391,0,0,20239.1
01892 ,0031976,L L ,1.4372399999999999,0,0,14372.4
01892 ,0003105,L L ,0.54325,0,0,5432.5
01892 ,0003106,L L ,0.54325,0,0,5432.5
01892 ,0003107,L L ,0.82,0,0,8200
01892 ,0003109,L L ,1.4372399999999999,0,0,14372.4
01892 ,0050630,L L ,0.63945,0,0,6394.5
01892 ,0027803,L L ,2.1325149999999997,0,0,21325.15
01892 ,0003110,L L ,0,0,0,0
01892 ,0003111,L L ,1.5133649999999998,0,0,15133.65
01892 ,0003112,L L ,0,0,0,0
01892 ,0003113,L L ,1.15,0,0,11500
01892 ,0003114,L L ,3.985905,0,0,39859.05
01892 ,0003115,L L ,3.8092949999999997,0,0,38092.95
01892 ,0003116,L L ,2.1944299999999997,0,0,21944.3
01892 ,0003117,L L ,0,0,0,0
01892 ,0003119,L L ,0,0,0,0
01892 ,0003120,L L ,0,0,0,0
01892 ,0003121,L L ,8.766555,0,0,87665.55
01892 ,0003122,L L ,4.24473,0,0,42447.3
01892 ,0003123,L L ,6.125525,0,0,61255.25
01892 ,0003124,L L ,4.4254,0,0,44254
01892 ,0003125,L L ,0,0,0,0
01892 ,0003127,L L ,2.9749649999999996,0,0,29749.65
01892 ,0003128,L L ,0,0,0,0
01892 ,0003129,L L ,2.1325149999999997,0,0,21325.15
01892 ,0032500,L L ,1.11853,0,0,11185.3
01892 ,0032501,L L ,4.5421249999999995,0,0,45421.25
01892 ,0033606,L L ,0,0,0,0
01892 ,0051770,L L ,0,0,0,0
01892 ,0003131,SLVS,0,0,0,0
01892 ,0003132,SLVS,0,0,0,0
01892 ,0022556,FLRS,2.1081549999999996,0,0,21081.55
01892 ,0022557,FLRS,0,0,0,0
01892 ,0094672,BATT,870.1,0,0,8700999.91
01892 ,0094673,BATT,238,0,0,2379999.98
01892 ,0097744,BATT,572,0,0,5719999.94
01892 ,0104715,BATT,572,0,0,5719999.94
01892 ,0105032,BATT,533,0,0,5329999.95
01892 ,0032589,L L ,0,0,0,0
01892 ,0032593,PHOT,0,0,0,0
01892 ,0032612,PHOT,0,0,0,0
01892 ,0032592,PHOT,0,0,0,0
01892 ,0032621,PHOT,0,0,0,0
01892 ,0032613,PHOT,0,0,0,0
01892 ,0032622,PHOT,0,0,0,0
01892 ,0032594,PHOT,0,0,0,0
01892 ,0032595,PHOT,0,0,0,0
01892 ,0032624,PHOT,0,0,0,0
01892 ,0032591,L L ,0,0,0,0
01892 ,0032629,L L ,0,0,0,0
01892 ,0032628,L L ,0,0,0,0
01892 ,0032626,PHOT,0,0,0,0
01892 ,0032625,PHOT,0,0,0,0
01892 ,0032611,PHOT,0,0,0,0
01892 ,0032597,PHOT,0,0,0,0
01892 ,0032596,PHOT,0,0,0,0
01892 ,0032627,PHOT,0,0,0,0
01892 ,0032590,L L ,0,0,0,0
01892 ,0032623,PHOT,0,0,0,0
01892 ,0093939,MIN ,0.19285,0,0,1928.5
01892 ,0060965,MIN ,0.201985,0,0,2019.85
01892 ,0034139,L L ,0.14920499999999998,0,0,1492.05
01892 ,0049420,L L ,0.20299999999999999,0,0,2030
01892 ,0034140,L L ,0,0,0,0
01892 ,0086322,L L ,0.23345,0,0,2334.5
01892 ,0093929,MIN ,0.20299999999999999,0,0,2030
01892 ,0093932,MIN ,0.20299999999999999,0,0,2030
01892 ,0052949,MIN ,0.20299999999999999,0,0,2030
01892 ,0093931,MIN ,0.20299999999999999,0,0,2030
01892 ,0093930,MIN ,0.20299999999999999,0,0,2030
01892 ,0053409,STTV,17.589949999999998,0,0,175899.5
01892 ,0053408,STTV,5.431265,0,0,54312.65
01892 ,0047315,XMAS,0,0,0,0
01892 ,0047316,XMAS,5.236384999999999,0,0,52363.85
01892 ,0050162,STFX,17.489465,0,0,174894.65
01892 ,0053186,WIRE,25.190269999999998,0,0,251902.7
01892 ,0053179,L L ,0.201985,0,0,2019.85
01893 ,0002936,LIT ,0,0,0,0
01893 ,0002937,LIT ,0,0,0,0
01893 ,0002938,LIT ,0,0,0,0
01893 ,0002939,LIT ,0,0,0,0
01893 ,0031289,LIT ,0,0,0,0
01893 ,0031842,LIT ,0,0,0,0
01893 ,0032059,LIT ,0,0,0,0
01893 ,0060488,LIT ,0,0,0,0
01893 ,0060901,LIT ,0,0,0,0
01893 ,0066318,LIT ,0,0,0,0
01893 ,0002959,LIT ,0,0,0,0
01893 ,0002970,LIT ,0.10961999999999998,0,0,1096.2
01893 ,0003005,LIT ,0.6364049999999999,0,0,6364.05
01893 ,0003009,LIT ,3.24597,0,0,32459.7
01893 ,0003010,LIT ,0.226345,0,0,2263.45
01893 ,0003013,LIT ,2.8125649999999998,0,0,28125.65
01893 ,0002936,LIT ,0,0,0,0
01893 ,0002937,LIT ,0,0,0,0
01893 ,0032907,LIT ,0,0,0,0
01893 ,0032908,LIT ,0,0,0,0
01893 ,0031289,LIT ,0,0,0,0
01893 ,0031842,LIT ,0,0,0,0
01893 ,0032059,LIT ,0,0,0,0
01893 ,0060488,LIT ,0,0,0,0
01893 ,0060901,LIT ,0,0,0,0
01893 ,0066318,LIT ,0,0,0,0
01893 ,0002959,LIT ,0,0,0,0
01893 ,0002970,LIT ,0.10961999999999998,0,0,1096.2
01893 ,0003005,LIT ,0.6364049999999999,0,0,6364.05
01893 ,0003009,LIT ,3.24597,0,0,32459.7
01893 ,0003010,LIT ,0.226345,0,0,2263.45
01893 ,0003013,LIT ,2.8125649999999998,0,0,28125.65
01893 ,0066967,LIT ,0,0,0,0
01893 ,0003029,NONE,13.554309999999997,0,0,135543.1
01893 ,0003030,FLRS,1.56,0,0,15600
01893 ,0003031,FLRS,7.41,0,0,74100
01893 ,0003032,FLRS,1.015,0,0,10150
01893 ,0046979,L L ,0.49937999999999994,0,0,4993.8
01893 ,0003033,L L ,0,0,0,0
01893 ,0003034,L L ,0,0,0,0
01893 ,0052284,L L ,0.7104999999999999,0,0,7105
01893 ,0003035,L L ,0,0,0,0
01893 ,0003036,L L ,0,0,0,0
01893 ,0003037,L L ,3.184055,0,0,31840.55
01893 ,0003038,L L ,0.7104999999999999,0,0,7105
01893 ,0003039,L L ,0.658735,0,0,6587.35
01893 ,0003040,L L ,1.6097899999999998,0,0,16097.9
01893 ,0003041,L L ,2.56,0,0,25600
01893 ,0003042,L L ,1.35,0,0,13500
01893 ,0003043,L L ,0.4770499999999999,0,0,4770.5
01893 ,0003044,L L ,0,0,0,0
01893 ,0003045,L L ,0,0,0,0
01893 ,0003046,L L ,0,0,0,0
01893 ,0024653,L L ,0.5724599999999999,0,0,5724.6
01893 ,0003047,L L ,0,0,0,0
01893 ,0036509,L L ,3.89151,0,0,38915.1
01893 ,0029717,L L ,0,0,0,0
01893 ,0034615,L L ,1.8665849999999997,0,0,18665.85
01893 ,0003048,L L ,0.8119999999999999,0,0,8120
01893 ,0003049,L L ,2.8531649999999997,0,0,28531.65
01893 ,0003050,L L ,2.225895,0,0,22258.95
01893 ,0003051,L L ,0,0,0,0
01893 ,0028043,L L ,0,0,0,0
01893 ,0052128,L L ,0,0,0,0
01893 ,0067256,L L ,0.532875,0,0,5328.75
01893 ,0003052,L L ,0,0,0,0
01893 ,0003055,L L ,1.5123499999999999,0,0,15123.5
01893 ,0003058,L L ,0.9175599999999999,0,0,9175.6
01893 ,0003059,L L ,0,0,0,0
01893 ,0003060,L L ,0.47907999999999995,0,0,4790.8
01893 ,0003061,L L ,1.93,0,0,19300
01893 ,0035807,L L ,2.5780999999999996,0,0,25781
01893 ,0003063,L L ,0,0,0,0
01893 ,0003065,L L ,0.43644999999999995,0,0,4364.5
01893 ,0047126,L L ,5.138945,0,0,51389.45
01893 ,0003066,L L ,0.43,0,0,4300
01893 ,0003067,L L ,0,0,0,0
01893 ,0003068,L L ,0,0,0,0
01893 ,0003069,L L ,0,0,0,0
01893 ,0003070,L L ,0,0,0,0
01893 ,0003071,L L ,0,0,0,0
01893 ,0032360,L L ,1.4372399999999999,0,0,14372.4
01893 ,0003073,L L ,2.99425,0,0,29942.5
01893 ,0003074,L L ,0,0,0,0
01893 ,0032261,L L ,0,0,0,0
01893 ,0033362,L L ,1.8117749999999997,0,0,18117.75
01893 ,0034288,L L ,2.367995,0,0,23679.95
01893 ,0032266,L L ,1.715,0,0,17150
01893 ,0057978,L L ,7.703849999999999,0,0,77038.5
01893 ,0049154,MIN ,1.4108499999999997,0,0,14108.5
01893 ,0003079,L L ,4.53096,0,0,45309.6
01893 ,0003080,L L ,0,0,0,0
01893 ,0029593,L L ,0,0,0,0
01893 ,0003081,L L ,1.6767799999999997,0,0,16767.8
01893 ,0022550,L L ,8.928955,0,0,89289.55
01893 ,0003083,L L ,3.312,0,0,33120
01893 ,0003084,L L ,2.0807499999999997,0,0,20807.5
01893 ,0022551,L L ,18.93178,0,0,189317.8
01893 ,0003086,L L ,1.2789,0,0,12789
01893 ,0003087,L L ,1.88,0,0,18800
01893 ,0003088,L L ,0,0,0,0
01893 ,0003089,L L ,2.3669799999999994,0,0,23669.8
01893 ,0003090,L L ,3.1444699999999997,0,0,31444.7
01893 ,0003096,L L ,3.3494999999999995,0,0,33495
01893 ,0003092,L L ,2.08,0,0,20800
01893 ,0003093,L L ,4.188904999999999,0,0,41889.05
01893 ,0003094,L L ,1.35,0,0,13500
01893 ,0003095,L L ,3.25,0,0,32500
01893 ,0028853,L L ,2.5882499999999995,0,0,25882.5
01893 ,0054122,L L ,1.5986249999999997,0,0,15986.25
01893 ,0003097,L L ,0,1,0,0
01893 ,0022552,L L ,1.1885649999999999,0,0,11885.65
01893 ,0003098,L L ,3.1058999999999997,0,0,31059
01893 ,0003099,L L ,1.6514049999999998,0,0,16514.05
01893 ,0003100,L L ,1.7792949999999996,0,0,17792.95
01893 ,0003101,L L ,1.8960199999999998,0,0,18960.2
01893 ,0068012,L L ,2.22894,0,0,22289.4
01893 ,0003102,L L ,0.9946999999999999,0,0,9947
01893 ,0036259,L L ,1.7051999999999998,0,0,17052
01893 ,0031394,L L ,3.045,0,0,30450
01893 ,0035017,L L ,0,0,0,0
01893 ,0022553,L L ,1.2981849999999997,0,0,12981.85
01893 ,0003104,L L ,2.02391,0,0,20239.1
01893 ,0031976,L L ,1.4372399999999999,0,0,14372.4
01893 ,0003105,L L ,0.54325,0,0,5432.5
01893 ,0003106,L L ,0.54325,0,0,5432.5
01893 ,0003107,L L ,0.82,0,0,8200
01893 ,0003109,L L ,1.4372399999999999,0,0,14372.4
01893 ,0050630,L L ,0.63945,0,0,6394.5
01893 ,0027803,L L ,2.1325149999999997,0,0,21325.15
01893 ,0003110,L L ,0,0,0,0
01893 ,0003111,L L ,1.5133649999999998,0,0,15133.65
01893 ,0003112,L L ,0,0,0,0
01893 ,0003113,L L ,1.15,0,0,11500
01893 ,0003114,L L ,3.985905,0,0,39859.05
01893 ,0003115,L L ,3.8092949999999997,0,0,38092.95
01893 ,0003116,L L ,2.1944299999999997,0,0,21944.3
01893 ,0003117,L L ,0,0,0,0
01893 ,0003119,L L ,0,0,0,0
01893 ,0003120,L L ,0,0,0,0
01893 ,0003121,L L ,8.766555,0,0,87665.55
01893 ,0003122,L L ,4.24473,0,0,42447.3
01893 ,0003123,L L ,6.125525,0,0,61255.25
01893 ,0003124,L L ,4.4254,0,0,44254
01893 ,0003125,L L ,0,0,0,0
01893 ,0003127,L L ,2.9749649999999996,0,0,29749.65
01893 ,0003128,L L ,0,0,0,0
01893 ,0003129,L L ,2.1325149999999997,0,0,21325.15
01893 ,0032500,L L ,1.11853,0,0,11185.3
01893 ,0032501,L L ,4.5421249999999995,0,0,45421.25
01893 ,0033606,L L ,0,0,0,0
01893 ,0051770,L L ,0,0,0,0
01893 ,0003131,SLVS,0,0,0,0
01893 ,0003132,SLVS,0,0,0,0
01893 ,0022556,FLRS,2.1081549999999996,0,0,21081.55
01893 ,0022557,FLRS,0,0,0,0
01893 ,0094672,BATT,870.1,0,0,8700999.91
01893 ,0094673,BATT,238,0,0,2379999.98
01893 ,0097744,BATT,572,0,0,5719999.94
01893 ,0104715,BATT,572,0,0,5719999.94
01893 ,0105032,BATT,533,0,0,5329999.95
01893 ,0032589,L L ,0,0,0,0
01893 ,0032593,PHOT,0,0,0,0
01893 ,0032612,PHOT,0,0,0,0
01893 ,0032592,PHOT,0,0,0,0
01893 ,0032621,PHOT,0,0,0,0
01893 ,0032613,PHOT,0,0,0,0
01893 ,0032622,PHOT,0,0,0,0
01893 ,0032594,PHOT,0,0,0,0
01893 ,0032595,PHOT,0,0,0,0
01893 ,0032624,PHOT,0,0,0,0
01893 ,0032591,L L ,0,0,0,0
01893 ,0032629,L L ,0,0,0,0
01893 ,0032628,L L ,0,0,0,0
01893 ,0032626,PHOT,0,0,0,0
01893 ,0032625,PHOT,0,0,0,0
01893 ,0032611,PHOT,0,0,0,0
01893 ,0032597,PHOT,0,0,0,0
01893 ,0032596,PHOT,0,0,0,0
01893 ,0032627,PHOT,0,0,0,0
01893 ,0032590,L L ,0,0,0,0
01893 ,0032623,PHOT,0,0,0,0
01893 ,0093939,MIN ,0.19285,0,0,1928.5
01893 ,0060965,MIN ,0.201985,0,0,2019.85
01893 ,0034139,L L ,0.14920499999999998,0,0,1492.05
01893 ,0049420,L L ,0.20299999999999999,0,0,2030
01893 ,0034140,L L ,0,0,0,0
01893 ,0086322,L L ,0.23345,0,0,2334.5
01893 ,0093929,MIN ,0.20299999999999999,0,0,2030
01893 ,0093932,MIN ,0.20299999999999999,0,0,2030
01893 ,0052949,MIN ,0.20299999999999999,0,0,2030
01893 ,0093931,MIN ,0.20299999999999999,0,0,2030
01893 ,0093930,MIN ,0.20299999999999999,0,0,2030
01893 ,0053409,STTV,17.589949999999998,0,0,175899.5
01893 ,0053408,STTV,5.431265,0,0,54312.65
01893 ,0047315,XMAS,0,0,0,0
01893 ,0047316,XMAS,5.236384999999999,0,0,52363.85
01893 ,0050162,STFX,17.489465,0,0,174894.65
01893 ,0053186,WIRE,25.190269999999998,0,0,251902.7
01893 ,0053179,L L ,0.201985,0,0,2019.85
01947 ,0002936,LIT ,0,0,0,0
01947 ,0002937,LIT ,0,0,0,0
01947 ,0002938,LIT ,0,0,0,0
01947 ,0002939,LIT ,0,0,0,0
01947 ,0031289,LIT ,0,0,0,0
01947 ,0031842,LIT ,0,0,0,0
01947 ,0032059,LIT ,0,0,0,0
01947 ,0060488,LIT ,0,0,0,0
01947 ,0060901,LIT ,0,0,0,0
01947 ,0066318,LIT ,0,0,0,0
01947 ,0002959,LIT ,0,0,0,0
01947 ,0002970,LIT ,0.10961999999999998,0,0,1096.2
01947 ,0003005,LIT ,0.6364049999999999,0,0,6364.05
01947 ,0003009,LIT ,3.24597,0,0,32459.7
01947 ,0003010,LIT ,0.226345,0,0,2263.45
01947 ,0003013,LIT ,2.8125649999999998,0,0,28125.65
01947 ,0002936,LIT ,0,0,0,0
01947 ,0002937,LIT ,0,0,0,0
01947 ,0032907,LIT ,0,0,0,0
01947 ,0032908,LIT ,0,0,0,0
01947 ,0031289,LIT ,0,0,0,0
01947 ,0031842,LIT ,0,0,0,0
01947 ,0032059,LIT ,0,0,0,0
01947 ,0060488,LIT ,0,0,0,0
01947 ,0060901,LIT ,0,0,0,0
01947 ,0066318,LIT ,0,0,0,0
01947 ,0002959,LIT ,0,0,0,0
01947 ,0002970,LIT ,0.10961999999999998,0,0,1096.2
01947 ,0003005,LIT ,0.6364049999999999,0,0,6364.05
01947 ,0003009,LIT ,3.24597,0,0,32459.7
01947 ,0003010,LIT ,0.226345,0,0,2263.45
01947 ,0003013,LIT ,2.8125649999999998,0,0,28125.65
01947 ,0066967,LIT ,0,0,0,0
01947 ,0003029,NONE,13.554309999999997,0,0,135543.1
01947 ,0003030,FLRS,1.56,0,0,15600
01947 ,0003031,FLRS,7.41,0,0,74100
01947 ,0003032,FLRS,1.015,0,0,10150
01947 ,0046979,L L ,0.49937999999999994,0,0,4993.8
01947 ,0003033,L L ,0,0,0,0
01947 ,0003034,L L ,0,0,0,0
01947 ,0052284,L L ,0.7104999999999999,0,0,7105
01947 ,0003035,L L ,0,0,0,0
01947 ,0003036,L L ,0,0,0,0
01947 ,0003037,L L ,3.184055,0,0,31840.55
01947 ,0003038,L L ,0.7104999999999999,0,0,7105
01947 ,0003039,L L ,0.658735,0,0,6587.35
01947 ,0003040,L L ,1.6097899999999998,0,0,16097.9
01947 ,0003041,L L ,2.56,0,0,25600
01947 ,0003042,L L ,1.35,0,0,13500
01947 ,0003043,L L ,0.4770499999999999,0,0,4770.5
01947 ,0003044,L L ,0,0,0,0
01947 ,0003045,L L ,0,0,0,0
01947 ,0003046,L L ,0,0,0,0
01947 ,0024653,L L ,0.5724599999999999,0,0,5724.6
01947 ,0003047,L L ,0,0,0,0
01947 ,0036509,L L ,3.89151,0,0,38915.1
01947 ,0029717,L L ,0,0,0,0
01947 ,0034615,L L ,1.8665849999999997,0,0,18665.85
01947 ,0003048,L L ,0.8119999999999999,0,0,8120
01947 ,0003049,L L ,2.8531649999999997,0,0,28531.65
01947 ,0003050,L L ,2.225895,0,0,22258.95
01947 ,0003051,L L ,0,0,0,0
01947 ,0028043,L L ,0,0,0,0
01947 ,0052128,L L ,0,0,0,0
01947 ,0067256,L L ,0.532875,0,0,5328.75
01947 ,0003052,L L ,0,0,0,0
01947 ,0003055,L L ,1.5123499999999999,0,0,15123.5
01947 ,0003058,L L ,0.9175599999999999,0,0,9175.6
01947 ,0003059,L L ,0,0,0,0
01947 ,0003060,L L ,0.47907999999999995,0,0,4790.8
01947 ,0003061,L L ,1.93,0,0,19300
01947 ,0035807,L L ,2.5780999999999996,0,0,25781
01947 ,0003063,L L ,0,0,0,0
01947 ,0003065,L L ,0.43644999999999995,0,0,4364.5
01947 ,0047126,L L ,5.138945,0,0,51389.45
01947 ,0003066,L L ,0.43,0,0,4300
01947 ,0003067,L L ,0,0,0,0
01947 ,0003068,L L ,0,0,0,0
01947 ,0003069,L L ,0,0,0,0
01947 ,0003070,L L ,0,0,0,0
01947 ,0003071,L L ,0,0,0,0
01947 ,0032360,L L ,1.4372399999999999,0,0,14372.4
01947 ,0003073,L L ,2.99425,0,0,29942.5
01947 ,0003074,L L ,0,0,0,0
01947 ,0032261,L L ,0,0,0,0
01947 ,0033362,L L ,1.8117749999999997,0,0,18117.75
01947 ,0034288,L L ,2.367995,0,0,23679.95
01947 ,0032266,L L ,1.715,0,0,17150
01947 ,0057978,L L ,7.703849999999999,0,0,77038.5
01947 ,0049154,MIN ,1.4108499999999997,0,0,14108.5
01947 ,0003079,L L ,4.53096,0,0,45309.6
01947 ,0003080,L L ,0,0,0,0
01947 ,0029593,L L ,0,0,0,0
01947 ,0003081,L L ,1.6767799999999997,0,0,16767.8
01947 ,0022550,L L ,8.928955,0,0,89289.55
01947 ,0003083,L L ,3.312,0,0,33120
01947 ,0003084,L L ,2.0807499999999997,0,0,20807.5
01947 ,0022551,L L ,18.93178,0,0,189317.8
01947 ,0003086,L L ,1.2789,0,0,12789
01947 ,0003087,L L ,1.88,0,0,18800
01947 ,0003088,L L ,0,0,0,0
01947 ,0003089,L L ,2.3669799999999994,0,0,23669.8
01947 ,0003090,L L ,3.1444699999999997,0,0,31444.7
01947 ,0003096,L L ,3.3494999999999995,0,0,33495
01947 ,0003092,L L ,2.08,0,0,20800
01947 ,0003093,L L ,4.188904999999999,0,0,41889.05
01947 ,0003094,L L ,1.35,0,0,13500
01947 ,0003095,L L ,3.25,0,0,32500
01947 ,0028853,L L ,2.5882499999999995,0,0,25882.5
01947 ,0054122,L L ,1.5986249999999997,0,0,15986.25
01947 ,0003097,L L ,0,1,0,0
01947 ,0022552,L L ,1.1885649999999999,0,0,11885.65
01947 ,0003098,L L ,3.1058999999999997,0,0,31059
01947 ,0003099,L L ,1.6514049999999998,0,0,16514.05
01947 ,0003100,L L ,1.7792949999999996,0,0,17792.95
01947 ,0003101,L L ,1.8960199999999998,0,0,18960.2
01947 ,0068012,L L ,2.22894,0,0,22289.4
01947 ,0003102,L L ,0.9946999999999999,0,0,9947
01947 ,0036259,L L ,1.7051999999999998,0,0,17052
01947 ,0031394,L L ,3.045,0,0,30450
01947 ,0035017,L L ,0,0,0,0
01947 ,0022553,L L ,1.2981849999999997,0,0,12981.85
01947 ,0003104,L L ,2.02391,0,0,20239.1
01947 ,0031976,L L ,1.4372399999999999,0,0,14372.4
01947 ,0003105,L L ,0.54325,0,0,5432.5
01947 ,0003106,L L ,0.54325,0,0,5432.5
01947 ,0003107,L L ,0.82,0,0,8200
01947 ,0003109,L L ,1.4372399999999999,0,0,14372.4
01947 ,0050630,L L ,0.63945,0,0,6394.5
01947 ,0027803,L L ,2.1325149999999997,0,0,21325.15
01947 ,0003110,L L ,0,0,0,0
01947 ,0003111,L L ,1.5133649999999998,0,0,15133.65
01947 ,0003112,L L ,0,0,0,0
01947 ,0003113,L L ,1.15,0,0,11500
01947 ,0003114,L L ,3.985905,0,0,39859.05
01947 ,0003115,L L ,3.8092949999999997,0,0,38092.95
01947 ,0003116,L L ,2.1944299999999997,0,0,21944.3
01947 ,0003117,L L ,0,0,0,0
01947 ,0003119,L L ,0,0,0,0
01947 ,0003120,L L ,0,0,0,0
01947 ,0003121,L L ,8.766555,0,0,87665.55
01947 ,0003122,L L ,4.24473,0,0,42447.3
01947 ,0003123,L L ,6.125525,0,0,61255.25
01947 ,0003124,L L ,4.4254,0,0,44254
01947 ,0003125,L L ,0,0,0,0
01947 ,0003127,L L ,2.9749649999999996,0,0,29749.65
01947 ,0003128,L L ,0,0,0,0
01947 ,0003129,L L ,2.1325149999999997,0,0,21325.15
01947 ,0032500,L L ,1.11853,0,0,11185.3
01947 ,0032501,L L ,4.5421249999999995,0,0,45421.25
01947 ,0033606,L L ,0,0,0,0
01947 ,0051770,L L ,0,0,0,0
01947 ,0003131,SLVS,0,0,0,0
01947 ,0003132,SLVS,0,0,0,0
01947 ,0022556,FLRS,2.1081549999999996,0,0,21081.55
01947 ,0022557,FLRS,0,0,0,0
01947 ,0094672,BATT,870.1,0,0,8700999.91
01947 ,0094673,BATT,238,0,0,2379999.98
01947 ,0097744,BATT,572,0,0,5719999.94
01947 ,0104715,BATT,572,0,0,5719999.94
01947 ,0105032,BATT,533,0,0,5329999.95
01947 ,0032589,L L ,0,0,0,0
01947 ,0032593,PHOT,0,0,0,0
01947 ,0032612,PHOT,0,0,0,0
01947 ,0032592,PHOT,0,0,0,0
01947 ,0032621,PHOT,0,0,0,0
01947 ,0032613,PHOT,0,0,0,0
01947 ,0032622,PHOT,0,0,0,0
01947 ,0032594,PHOT,0,0,0,0
01947 ,0032595,PHOT,0,0,0,0
01947 ,0032624,PHOT,0,0,0,0
01947 ,0032591,L L ,0,0,0,0
01947 ,0032629,L L ,0,0,0,0
01947 ,0032628,L L ,0,0,0,0
01947 ,0032626,PHOT,0,0,0,0
01947 ,0032625,PHOT,0,0,0,0
01947 ,0032611,PHOT,0,0,0,0
01947 ,0032597,PHOT,0,0,0,0
01947 ,0032596,PHOT,0,0,0,0
01947 ,0032627,PHOT,0,0,0,0
01947 ,0032590,L L ,0,0,0,0
01947 ,0032623,PHOT,0,0,0,0
01947 ,0093939,MIN ,0.19285,0,0,1928.5
01947 ,0060965,MIN ,0.201985,0,0,2019.85
01947 ,0034139,L L ,0.14920499999999998,0,0,1492.05
01947 ,0049420,L L ,0.20299999999999999,0,0,2030
01947 ,0034140,L L ,0,0,0,0
01947 ,0086322,L L ,0.23345,0,0,2334.5
01947 ,0093929,MIN ,0.20299999999999999,0,0,2030
01947 ,0093932,MIN ,0.20299999999999999,0,0,2030
01947 ,0052949,MIN ,0.20299999999999999,0,0,2030
01947 ,0093931,MIN ,0.20299999999999999,0,0,2030
01947 ,0093930,MIN ,0.20299999999999999,0,0,2030
01947 ,0053409,STTV,17.589949999999998,0,0,175899.5
01947 ,0053408,STTV,5.431265,0,0,54312.65
01947 ,0047315,XMAS,0,0,0,0
01947 ,0047316,XMAS,5.236384999999999,0,0,52363.85
01947 ,0050162,STFX,17.489465,0,0,174894.65
01947 ,0053186,WIRE,25.190269999999998,0,0,251902.7
01947 ,0053179,L L ,0.201985,0,0,2019.85
01966 ,0002936,LIT ,0,0,0,0
01966 ,0002937,LIT ,0,0,0,0
01966 ,0002938,LIT ,0,0,0,0
01966 ,0002939,LIT ,0,0,0,0
01966 ,0031289,LIT ,0,0,0,0
01966 ,0031842,LIT ,0,0,0,0
01966 ,0032059,LIT ,0,0,0,0
01966 ,0060488,LIT ,0,0,0,0
01966 ,0060901,LIT ,0,0,0,0
01966 ,0066318,LIT ,0,0,0,0
01966 ,0002959,LIT ,0,0,0,0
01966 ,0002970,LIT ,0.10961999999999998,0,0,1096.2
01966 ,0003005,LIT ,0.6364049999999999,0,0,6364.05
01966 ,0003009,LIT ,3.24597,0,0,32459.7
01966 ,0003010,LIT ,0.226345,0,0,2263.45
01966 ,0003013,LIT ,2.8125649999999998,0,0,28125.65
01966 ,0002936,LIT ,0,0,0,0
01966 ,0002937,LIT ,0,0,0,0
01966 ,0032907,LIT ,0,0,0,0
01966 ,0032908,LIT ,0,0,0,0
01966 ,0031289,LIT ,0,0,0,0
01966 ,0031842,LIT ,0,0,0,0
01966 ,0032059,LIT ,0,0,0,0
01966 ,0060488,LIT ,0,0,0,0
01966 ,0060901,LIT ,0,0,0,0
01966 ,0066318,LIT ,0,0,0,0
01966 ,0002959,LIT ,0,0,0,0
01966 ,0002970,LIT ,0.10961999999999998,0,0,1096.2
01966 ,0003005,LIT ,0.6364049999999999,0,0,6364.05
01966 ,0003009,LIT ,3.24597,0,0,32459.7
01966 ,0003010,LIT ,0.226345,0,0,2263.45
01966 ,0003013,LIT ,2.8125649999999998,0,0,28125.65
01966 ,0066967,LIT ,0,0,0,0
01966 ,0003029,NONE,13.554309999999997,0,0,135543.1
01966 ,0003030,FLRS,1.56,0,0,15600
01966 ,0003031,FLRS,7.41,0,0,74100
01966 ,0003032,FLRS,1.015,0,0,10150
01966 ,0046979,L L ,0.49937999999999994,0,0,4993.8
01966 ,0003033,L L ,0,0,0,0
01966 ,0003034,L L ,0,0,0,0
01966 ,0052284,L L ,0.7104999999999999,0,0,7105
01966 ,0003035,L L ,0,0,0,0
01966 ,0003036,L L ,0,0,0,0
01966 ,0003037,L L ,3.184055,0,0,31840.55
01966 ,0003038,L L ,0.7104999999999999,0,0,7105
01966 ,0003039,L L ,0.658735,0,0,6587.35
01966 ,0003040,L L ,1.6097899999999998,0,0,16097.9
01966 ,0003041,L L ,2.56,0,0,25600
01966 ,0003042,L L ,1.35,0,0,13500
01966 ,0003043,L L ,0.4770499999999999,0,0,4770.5
01966 ,0003044,L L ,0,0,0,0
01966 ,0003045,L L ,0,0,0,0
01966 ,0003046,L L ,0,0,0,0
01966 ,0024653,L L ,0.5724599999999999,0,0,5724.6
01966 ,0003047,L L ,0,0,0,0
01966 ,0036509,L L ,3.89151,0,0,38915.1
01966 ,0029717,L L ,0,0,0,0
01966 ,0034615,L L ,1.8665849999999997,0,0,18665.85
01966 ,0003048,L L ,0.8119999999999999,0,0,8120
01966 ,0003049,L L ,2.8531649999999997,0,0,28531.65
01966 ,0003050,L L ,2.225895,0,0,22258.95
01966 ,0003051,L L ,0,0,0,0
01966 ,0028043,L L ,0,0,0,0
01966 ,0052128,L L ,0,0,0,0
01966 ,0067256,L L ,0.532875,0,0,5328.75
01966 ,0003052,L L ,0,0,0,0
01966 ,0003055,L L ,1.5123499999999999,0,0,15123.5
01966 ,0003058,L L ,0.9175599999999999,0,0,9175.6
01966 ,0003059,L L ,0,0,0,0
01966 ,0003060,L L ,0.47907999999999995,0,0,4790.8
01966 ,0003061,L L ,1.93,0,0,19300
01966 ,0035807,L L ,2.5780999999999996,0,0,25781
01966 ,0003063,L L ,0,0,0,0
01966 ,0003065,L L ,0.43644999999999995,0,0,4364.5
01966 ,0047126,L L ,5.138945,0,0,51389.45
01966 ,0003066,L L ,0.43,0,0,4300
01966 ,0003067,L L ,0,0,0,0
01966 ,0003068,L L ,0,0,0,0
01966 ,0003069,L L ,0,0,0,0
01966 ,0003070,L L ,0,0,0,0
01966 ,0003071,L L ,0,0,0,0
01966 ,0032360,L L ,1.4372399999999999,0,0,14372.4
01966 ,0003073,L L ,2.99425,0,0,29942.5
01966 ,0003074,L L ,0,0,0,0
01966 ,0032261,L L ,0,0,0,0
01966 ,0033362,L L ,1.8117749999999997,0,0,18117.75
01966 ,0034288,L L ,2.367995,0,0,23679.95
01966 ,0032266,L L ,1.715,0,0,17150
01966 ,0057978,L L ,7.703849999999999,0,0,77038.5
01966 ,0049154,MIN ,1.4108499999999997,0,0,14108.5
01966 ,0003079,L L ,4.53096,0,0,45309.6
01966 ,0003080,L L ,0,0,0,0
01966 ,0029593,L L ,0,0,0,0
01966 ,0003081,L L ,1.6767799999999997,0,0,16767.8
01966 ,0022550,L L ,8.928955,0,0,89289.55
01966 ,0003083,L L ,3.312,0,0,33120
01966 ,0003084,L L ,2.0807499999999997,0,0,20807.5
01966 ,0022551,L L ,18.93178,0,0,189317.8
01966 ,0003086,L L ,1.2789,0,0,12789
01966 ,0003087,L L ,1.88,0,0,18800
01966 ,0003088,L L ,0,0,0,0
01966 ,0003089,L L ,2.3669799999999994,0,0,23669.8
01966 ,0003090,L L ,3.1444699999999997,0,0,31444.7
01966 ,0003096,L L ,3.3494999999999995,0,0,33495
01966 ,0003092,L L ,2.08,0,0,20800
01966 ,0003093,L L ,4.188904999999999,0,0,41889.05
01966 ,0003094,L L ,1.35,0,0,13500
01966 ,0003095,L L ,3.25,0,0,32500
01966 ,0028853,L L ,2.5882499999999995,0,0,25882.5
01966 ,0054122,L L ,1.5986249999999997,0,0,15986.25
01966 ,0003097,L L ,0,1,0,0
01966 ,0022552,L L ,1.1885649999999999,0,0,11885.65
01966 ,0003098,L L ,3.1058999999999997,0,0,31059
01966 ,0003099,L L ,1.6514049999999998,0,0,16514.05
01966 ,0003100,L L ,1.7792949999999996,0,0,17792.95
01966 ,0003101,L L ,1.8960199999999998,0,0,18960.2
01966 ,0068012,L L ,2.22894,0,0,22289.4
01966 ,0003102,L L ,0.9946999999999999,0,0,9947
01966 ,0036259,L L ,1.7051999999999998,0,0,17052
01966 ,0031394,L L ,3.045,0,0,30450
01966 ,0035017,L L ,0,0,0,0
01966 ,0022553,L L ,1.2981849999999997,0,0,12981.85
01966 ,0003104,L L ,2.02391,0,0,20239.1
01966 ,0031976,L L ,1.4372399999999999,0,0,14372.4
01966 ,0003105,L L ,0.54325,0,0,5432.5
01966 ,0003106,L L ,0.54325,0,0,5432.5
01966 ,0003107,L L ,0.82,0,0,8200
01966 ,0003109,L L ,1.4372399999999999,0,0,14372.4
01966 ,0050630,L L ,0.63945,0,0,6394.5
01966 ,0027803,L L ,2.1325149999999997,0,0,21325.15
01966 ,0003110,L L ,0,0,0,0
01966 ,0003111,L L ,1.5133649999999998,0,0,15133.65
01966 ,0003112,L L ,0,0,0,0
01966 ,0003113,L L ,1.15,0,0,11500
01966 ,0003114,L L ,3.985905,0,0,39859.05
01966 ,0003115,L L ,3.8092949999999997,0,0,38092.95
01966 ,0003116,L L ,2.1944299999999997,0,0,21944.3
01966 ,0003117,L L ,0,0,0,0
01966 ,0003119,L L ,0,0,0,0
01966 ,0003120,L L ,0,0,0,0
01966 ,0003121,L L ,8.766555,0,0,87665.55
01966 ,0003122,L L ,4.24473,0,0,42447.3
01966 ,0003123,L L ,6.125525,0,0,61255.25
01966 ,0003124,L L ,4.4254,0,0,44254
01966 ,0003125,L L ,0,0,0,0
01966 ,0003127,L L ,2.9749649999999996,0,0,29749.65
01966 ,0003128,L L ,0,0,0,0
01966 ,0003129,L L ,2.1325149999999997,0,0,21325.15
01966 ,0032500,L L ,1.11853,0,0,11185.3
01966 ,0032501,L L ,4.5421249999999995,0,0,45421.25
01966 ,0033606,L L ,0,0,0,0
01966 ,0051770,L L ,0,0,0,0
01966 ,0003131,SLVS,0,0,0,0
01966 ,0003132,SLVS,0,0,0,0
01966 ,0022556,FLRS,2.1081549999999996,0,0,21081.55
01966 ,0022557,FLRS,0,0,0,0
01966 ,0094672,BATT,870.1,0,0,8700999.91
01966 ,0094673,BATT,238,0,0,2379999.98
01966 ,0097744,BATT,572,0,0,5719999.94
01966 ,0104715,BATT,572,0,0,5719999.94
01966 ,0105032,BATT,533,0,0,5329999.95
01966 ,0032589,L L ,0,0,0,0
01966 ,0032593,PHOT,0,0,0,0
01966 ,0032612,PHOT,0,0,0,0
01966 ,0032592,PHOT,0,0,0,0
01966 ,0032621,PHOT,0,0,0,0
01966 ,0032613,PHOT,0,0,0,0
01966 ,0032622,PHOT,0,0,0,0
01966 ,0032594,PHOT,0,0,0,0
01966 ,0032595,PHOT,0,0,0,0
01966 ,0032624,PHOT,0,0,0,0
01966 ,0032591,L L ,0,0,0,0
01966 ,0032629,L L ,0,0,0,0
01966 ,0032628,L L ,0,0,0,0
01966 ,0032626,PHOT,0,0,0,0
01966 ,0032625,PHOT,0,0,0,0
01966 ,0032611,PHOT,0,0,0,0
01966 ,0032597,PHOT,0,0,0,0
01966 ,0032596,PHOT,0,0,0,0
01966 ,0032627,PHOT,0,0,0,0
01966 ,0032590,L L ,0,0,0,0
01966 ,0032623,PHOT,0,0,0,0
01966 ,0093939,MIN ,0.19285,0,0,1928.5
01966 ,0060965,MIN ,0.201985,0,0,2019.85
01966 ,0034139,L L ,0.14920499999999998,0,0,1492.05
01966 ,0049420,L L ,0.20299999999999999,0,0,2030
01966 ,0034140,L L ,0,0,0,0
01966 ,0086322,L L ,0.23345,0,0,2334.5
01966 ,0093929,MIN ,0.20299999999999999,0,0,2030
01966 ,0093932,MIN ,0.20299999999999999,0,0,2030
01966 ,0052949,MIN ,0.20299999999999999,0,0,2030
01966 ,0093931,MIN ,0.20299999999999999,0,0,2030
01966 ,0093930,MIN ,0.20299999999999999,0,0,2030
01966 ,0053409,STTV,17.589949999999998,0,0,175899.5
01966 ,0053408,STTV,5.431265,0,0,54312.65
01966 ,0047315,XMAS,0,0,0,0
01966 ,0047316,XMAS,5.236384999999999,0,0,52363.85
01966 ,0050162,STFX,17.489465,0,0,174894.65
01966 ,0053186,WIRE,25.190269999999998,0,0,251902.7
01966 ,0053179,L L ,0.201985,0,0,2019.85
01986 ,0002936,LIT ,0,0,0,0
01986 ,0002937,LIT ,0,0,0,0
01986 ,0002938,LIT ,0,0,0,0
01986 ,0002939,LIT ,0,0,0,0
01986 ,0031289,LIT ,0,0,0,0
01986 ,0031842,LIT ,0,0,0,0
01986 ,0032059,LIT ,0,0,0,0
01986 ,0060488,LIT ,0,0,0,0
01986 ,0060901,LIT ,0,0,0,0
01986 ,0066318,LIT ,0,0,0,0
01986 ,0002959,LIT ,0,0,0,0
01986 ,0002970,LIT ,0.10961999999999998,0,0,1096.2
01986 ,0003005,LIT ,0.6364049999999999,0,0,6364.05
01986 ,0003009,LIT ,3.24597,0,0,32459.7
01986 ,0003010,LIT ,0.226345,0,0,2263.45
01986 ,0003013,LIT ,2.8125649999999998,0,0,28125.65
01986 ,0002936,LIT ,0,0,0,0
01986 ,0002937,LIT ,0,0,0,0
01986 ,0032907,LIT ,0,0,0,0
01986 ,0032908,LIT ,0,0,0,0
01986 ,0031289,LIT ,0,0,0,0
01986 ,0031842,LIT ,0,0,0,0
01986 ,0032059,LIT ,0,0,0,0
01986 ,0060488,LIT ,0,0,0,0
01986 ,0060901,LIT ,0,0,0,0
01986 ,0066318,LIT ,0,0,0,0
01986 ,0002959,LIT ,0,0,0,0
01986 ,0002970,LIT ,0.10961999999999998,0,0,1096.2
01986 ,0003005,LIT ,0.6364049999999999,0,0,6364.05
01986 ,0003009,LIT ,3.24597,0,0,32459.7
01986 ,0003010,LIT ,0.226345,0,0,2263.45
01986 ,0003013,LIT ,2.8125649999999998,0,0,28125.65
01986 ,0066967,LIT ,0,0,0,0
01986 ,0003029,NONE,13.554309999999997,0,0,135543.1
01986 ,0003030,FLRS,1.56,0,0,15600
01986 ,0003031,FLRS,7.41,0,0,74100
01986 ,0003032,FLRS,1.015,0,0,10150
01986 ,0046979,L L ,0.49937999999999994,0,0,4993.8
01986 ,0003033,L L ,0,0,0,0
01986 ,0003034,L L ,0,0,0,0
01986 ,0052284,L L ,0.7104999999999999,0,0,7105
01986 ,0003035,L L ,0,0,0,0
01986 ,0003036,L L ,0,0,0,0
01986 ,0003037,L L ,3.184055,0,0,31840.55
01986 ,0003038,L L ,0.7104999999999999,0,0,7105
01986 ,0003039,L L ,0.658735,0,0,6587.35
01986 ,0003040,L L ,1.6097899999999998,0,0,16097.9
01986 ,0003041,L L ,2.56,0,0,25600
01986 ,0003042,L L ,1.35,0,0,13500
01986 ,0003043,L L ,0.4770499999999999,0,0,4770.5
01986 ,0003044,L L ,0,0,0,0
01986 ,0003045,L L ,0,0,0,0
01986 ,0003046,L L ,0,0,0,0
01986 ,0024653,L L ,0.5724599999999999,0,0,5724.6
01986 ,0003047,L L ,0,0,0,0
01986 ,0036509,L L ,3.89151,0,0,38915.1
01986 ,0029717,L L ,0,0,0,0
01986 ,0034615,L L ,1.8665849999999997,0,0,18665.85
01986 ,0003048,L L ,0.8119999999999999,0,0,8120
01986 ,0003049,L L ,2.8531649999999997,0,0,28531.65
01986 ,0003050,L L ,2.225895,0,0,22258.95
01986 ,0003051,L L ,0,0,0,0
01986 ,0028043,L L ,0,0,0,0
01986 ,0052128,L L ,0,0,0,0
01986 ,0067256,L L ,0.532875,0,0,5328.75
01986 ,0003052,L L ,0,0,0,0
01986 ,0003055,L L ,1.5123499999999999,0,0,15123.5
01986 ,0003058,L L ,0.9175599999999999,0,0,9175.6
01986 ,0003059,L L ,0,0,0,0
01986 ,0003060,L L ,0.47907999999999995,0,0,4790.8
01986 ,0003061,L L ,1.93,0,0,19300
01986 ,0035807,L L ,2.5780999999999996,0,0,25781
01986 ,0003063,L L ,0,0,0,0
01986 ,0003065,L L ,0.43644999999999995,0,0,4364.5
01986 ,0047126,L L ,5.138945,0,0,51389.45
01986 ,0003066,L L ,0.43,0,0,4300
01986 ,0003067,L L ,0,0,0,0
01986 ,0003068,L L ,0,0,0,0
01986 ,0003069,L L ,0,0,0,0
01986 ,0003070,L L ,0,0,0,0
01986 ,0003071,L L ,0,0,0,0
01986 ,0032360,L L ,1.4372399999999999,0,0,14372.4
01986 ,0003073,L L ,2.99425,0,0,29942.5
01986 ,0003074,L L ,0,0,0,0
01986 ,0032261,L L ,0,0,0,0
01986 ,0033362,L L ,1.8117749999999997,0,0,18117.75
01986 ,0034288,L L ,2.367995,0,0,23679.95
01986 ,0032266,L L ,1.715,0,0,17150
01986 ,0057978,L L ,7.703849999999999,0,0,77038.5
01986 ,0049154,MIN ,1.4108499999999997,0,0,14108.5
01986 ,0003079,L L ,4.53096,0,0,45309.6
01986 ,0003080,L L ,0,0,0,0
01986 ,0029593,L L ,0,0,0,0
01986 ,0003081,L L ,1.6767799999999997,0,0,16767.8
01986 ,0022550,L L ,8.928955,0,0,89289.55
01986 ,0003083,L L ,3.312,0,0,33120
01986 ,0003084,L L ,2.0807499999999997,0,0,20807.5
01986 ,0022551,L L ,18.93178,0,0,189317.8
01986 ,0003086,L L ,1.2789,0,0,12789
01986 ,0003087,L L ,1.88,0,0,18800
01986 ,0003088,L L ,0,0,0,0
01986 ,0003089,L L ,2.3669799999999994,0,0,23669.8
01986 ,0003090,L L ,3.1444699999999997,0,0,31444.7
01986 ,0003096,L L ,3.3494999999999995,0,0,33495
01986 ,0003092,L L ,2.08,0,0,20800
01986 ,0003093,L L ,4.188904999999999,0,0,41889.05
01986 ,0003094,L L ,1.35,0,0,13500
01986 ,0003095,L L ,3.25,0,0,32500
01986 ,0028853,L L ,2.5882499999999995,0,0,25882.5
01986 ,0054122,L L ,1.5986249999999997,0,0,15986.25
01986 ,0003097,L L ,0,1,0,0
01986 ,0022552,L L ,1.1885649999999999,0,0,11885.65
01986 ,0003098,L L ,3.1058999999999997,0,0,31059
01986 ,0003099,L L ,1.6514049999999998,0,0,16514.05
01986 ,0003100,L L ,1.7792949999999996,0,0,17792.95
01986 ,0003101,L L ,1.8960199999999998,0,0,18960.2
01986 ,0068012,L L ,2.22894,0,0,22289.4
01986 ,0003102,L L ,0.9946999999999999,0,0,9947
01986 ,0036259,L L ,1.7051999999999998,0,0,17052
01986 ,0031394,L L ,3.045,0,0,30450
01986 ,0035017,L L ,0,0,0,0
01986 ,0022553,L L ,1.2981849999999997,0,0,12981.85
01986 ,0003104,L L ,2.02391,0,0,20239.1
01986 ,0031976,L L ,1.4372399999999999,0,0,14372.4
01986 ,0003105,L L ,0.54325,0,0,5432.5
01986 ,0003106,L L ,0.54325,0,0,5432.5
01986 ,0003107,L L ,0.82,0,0,8200
01986 ,0003109,L L ,1.4372399999999999,0,0,14372.4
01986 ,0050630,L L ,0.63945,0,0,6394.5
01986 ,0027803,L L ,2.1325149999999997,0,0,21325.15
01986 ,0003110,L L ,0,0,0,0
01986 ,0003111,L L ,1.5133649999999998,0,0,15133.65
01986 ,0003112,L L ,0,0,0,0
01986 ,0003113,L L ,1.15,0,0,11500
01986 ,0003114,L L ,3.985905,0,0,39859.05
01986 ,0003115,L L ,3.8092949999999997,0,0,38092.95
01986 ,0003116,L L ,2.1944299999999997,0,0,21944.3
01986 ,0003117,L L ,0,0,0,0
01986 ,0003119,L L ,0,0,0,0
01986 ,0003120,L L ,0,0,0,0
01986 ,0003121,L L ,8.766555,0,0,87665.55
01986 ,0003122,L L ,4.24473,0,0,42447.3
01986 ,0003123,L L ,6.125525,0,0,61255.25
01986 ,0003124,L L ,4.4254,0,0,44254
01986 ,0003125,L L ,0,0,0,0
01986 ,0003127,L L ,2.9749649999999996,0,0,29749.65
01986 ,0003128,L L ,0,0,0,0
01986 ,0003129,L L ,2.1325149999999997,0,0,21325.15
01986 ,0032500,L L ,1.11853,0,0,11185.3
01986 ,0032501,L L ,4.5421249999999995,0,0,45421.25
01986 ,0033606,L L ,0,0,0,0
01986 ,0051770,L L ,0,0,0,0
01986 ,0003131,SLVS,0,0,0,0
01986 ,0003132,SLVS,0,0,0,0
01986 ,0022556,FLRS,2.1081549999999996,0,0,21081.55
01986 ,0022557,FLRS,0,0,0,0
01986 ,0094672,BATT,870.1,0,0,8700999.91
01986 ,0094673,BATT,238,0,0,2379999.98
01986 ,0097744,BATT,572,0,0,5719999.94
01986 ,0104715,BATT,572,0,0,5719999.94
01986 ,0105032,BATT,533,0,0,5329999.95
01986 ,0032589,L L ,0,0,0,0
01986 ,0032593,PHOT,0,0,0,0
01986 ,0032612,PHOT,0,0,0,0
01986 ,0032592,PHOT,0,0,0,0
01986 ,0032621,PHOT,0,0,0,0
01986 ,0032613,PHOT,0,0,0,0
01986 ,0032622,PHOT,0,0,0,0
01986 ,0032594,PHOT,0,0,0,0
01986 ,0032595,PHOT,0,0,0,0
01986 ,0032624,PHOT,0,0,0,0
01986 ,0032591,L L ,0,0,0,0
01986 ,0032629,L L ,0,0,0,0
01986 ,0032628,L L ,0,0,0,0
01986 ,0032626,PHOT,0,0,0,0
01986 ,0032625,PHOT,0,0,0,0
01986 ,0032611,PHOT,0,0,0,0
01986 ,0032597,PHOT,0,0,0,0
01986 ,0032596,PHOT,0,0,0,0
01986 ,0032627,PHOT,0,0,0,0
01986 ,0032590,L L ,0,0,0,0
01986 ,0032623,PHOT,0,0,0,0
01986 ,0093939,MIN ,0.19285,0,0,1928.5
01986 ,0060965,MIN ,0.201985,0,0,2019.85
01986 ,0034139,L L ,0.14920499999999998,0,0,1492.05
01986 ,0049420,L L ,0.20299999999999999,0,0,2030
01986 ,0034140,L L ,0,0,0,0
01986 ,0086322,L L ,0.23345,0,0,2334.5
01986 ,0093929,MIN ,0.20299999999999999,0,0,2030
01986 ,0093932,MIN ,0.20299999999999999,0,0,2030
01986 ,0052949,MIN ,0.20299999999999999,0,0,2030
01986 ,0093931,MIN ,0.20299999999999999,0,0,2030
01986 ,0093930,MIN ,0.20299999999999999,0,0,2030
01986 ,0053409,STTV,17.589949999999998,0,0,175899.5
01986 ,0053408,STTV,5.431265,0,0,54312.65
01986 ,0047315,XMAS,0,0,0,0
01986 ,0047316,XMAS,5.236384999999999,0,0,52363.85
01986 ,0050162,STFX,17.489465,0,0,174894.65
01986 ,0053186,WIRE,25.190269999999998,0,0,251902.7
01986 ,0053179,L L ,0.201985,0,0,2019.85
02003 ,0002936,LIT ,0,0,0,0
02003 ,0002937,LIT ,0,0,0,0
02003 ,0002938,LIT ,0,0,0,0
02003 ,0002939,LIT ,0,0,0,0
02003 ,0031289,LIT ,0,0,0,0
02003 ,0031842,LIT ,0,0,0,0
02003 ,0032059,LIT ,0,0,0,0
02003 ,0060488,LIT ,0,0,0,0
02003 ,0060901,LIT ,0,0,0,0
02003 ,0066318,LIT ,0,0,0,0
02003 ,0002959,LIT ,0,0,0,0
02003 ,0002970,LIT ,0.10961999999999998,0,0,1096.2
02003 ,0003005,LIT ,0.6364049999999999,0,0,6364.05
02003 ,0003009,LIT ,3.24597,0,0,32459.7
02003 ,0003010,LIT ,0.226345,0,0,2263.45
02003 ,0003013,LIT ,2.8125649999999998,0,0,28125.65
02003 ,0002936,LIT ,0,0,0,0
02003 ,0002937,LIT ,0,0,0,0
02003 ,0032907,LIT ,0,0,0,0
02003 ,0032908,LIT ,0,0,0,0
02003 ,0031289,LIT ,0,0,0,0
02003 ,0031842,LIT ,0,0,0,0
02003 ,0032059,LIT ,0,0,0,0
02003 ,0060488,LIT ,0,0,0,0
02003 ,0060901,LIT ,0,0,0,0
02003 ,0066318,LIT ,0,0,0,0
02003 ,0002959,LIT ,0,0,0,0
02003 ,0002970,LIT ,0.10961999999999998,0,0,1096.2
02003 ,0003005,LIT ,0.6364049999999999,0,0,6364.05
02003 ,0003009,LIT ,3.24597,0,0,32459.7
02003 ,0003010,LIT ,0.226345,0,0,2263.45
02003 ,0003013,LIT ,2.8125649999999998,0,0,28125.65
02003 ,0066967,LIT ,0,0,0,0
02003 ,0003029,NONE,13.554309999999997,0,0,135543.1
02003 ,0003030,FLRS,1.56,0,0,15600
02003 ,0003031,FLRS,7.41,0,0,74100
02003 ,0003032,FLRS,1.015,0,0,10150
02003 ,0046979,L L ,0.49937999999999994,0,0,4993.8
02003 ,0003033,L L ,0,0,0,0
02003 ,0003034,L L ,0,0,0,0
02003 ,0052284,L L ,0.7104999999999999,0,0,7105
02003 ,0003035,L L ,0,0,0,0
02003 ,0003036,L L ,0,0,0,0
02003 ,0003037,L L ,3.184055,0,0,31840.55
02003 ,0003038,L L ,0.7104999999999999,0,0,7105
02003 ,0003039,L L ,0.658735,0,0,6587.35
02003 ,0003040,L L ,1.6097899999999998,0,0,16097.9
02003 ,0003041,L L ,2.56,0,0,25600
02003 ,0003042,L L ,1.35,0,0,13500
02003 ,0003043,L L ,0.4770499999999999,0,0,4770.5
02003 ,0003044,L L ,0,0,0,0
02003 ,0003045,L L ,0,0,0,0
02003 ,0003046,L L ,0,0,0,0
02003 ,0024653,L L ,0.5724599999999999,0,0,5724.6
02003 ,0003047,L L ,0,0,0,0
02003 ,0036509,L L ,3.89151,0,0,38915.1
02003 ,0029717,L L ,0,0,0,0
02003 ,0034615,L L ,1.8665849999999997,0,0,18665.85
02003 ,0003048,L L ,0.8119999999999999,0,0,8120
02003 ,0003049,L L ,2.8531649999999997,0,0,28531.65
02003 ,0003050,L L ,2.225895,0,0,22258.95
02003 ,0003051,L L ,0,0,0,0
02003 ,0028043,L L ,0,0,0,0
02003 ,0052128,L L ,0,0,0,0
02003 ,0067256,L L ,0.532875,0,0,5328.75
02003 ,0003052,L L ,0,0,0,0
02003 ,0003055,L L ,1.5123499999999999,0,0,15123.5
02003 ,0003058,L L ,0.9175599999999999,0,0,9175.6
02003 ,0003059,L L ,0,0,0,0
02003 ,0003060,L L ,0.47907999999999995,0,0,4790.8
02003 ,0003061,L L ,1.93,0,0,19300
02003 ,0035807,L L ,2.5780999999999996,0,0,25781
02003 ,0003063,L L ,0,0,0,0
02003 ,0003065,L L ,0.43644999999999995,0,0,4364.5
02003 ,0047126,L L ,5.138945,0,0,51389.45
02003 ,0003066,L L ,0.43,0,0,4300
02003 ,0003067,L L ,0,0,0,0
02003 ,0003068,L L ,0,0,0,0
02003 ,0003069,L L ,0,0,0,0
02003 ,0003070,L L ,0,0,0,0
02003 ,0003071,L L ,0,0,0,0
02003 ,0032360,L L ,1.4372399999999999,0,0,14372.4
02003 ,0003073,L L ,2.99425,0,0,29942.5
02003 ,0003074,L L ,0,0,0,0
02003 ,0032261,L L ,0,0,0,0
02003 ,0033362,L L ,1.8117749999999997,0,0,18117.75
02003 ,0034288,L L ,2.367995,0,0,23679.95
02003 ,0032266,L L ,1.715,0,0,17150
02003 ,0057978,L L ,7.703849999999999,0,0,77038.5
02003 ,0049154,MIN ,1.4108499999999997,0,0,14108.5
02003 ,0003079,L L ,4.53096,0,0,45309.6
02003 ,0003080,L L ,0,0,0,0
02003 ,0029593,L L ,0,0,0,0
02003 ,0003081,L L ,1.6767799999999997,0,0,16767.8
02003 ,0022550,L L ,8.928955,0,0,89289.55
02003 ,0003083,L L ,3.312,0,0,33120
02003 ,0003084,L L ,2.0807499999999997,0,0,20807.5
02003 ,0022551,L L ,18.93178,0,0,189317.8
02003 ,0003086,L L ,1.2789,0,0,12789
02003 ,0003087,L L ,1.88,0,0,18800
02003 ,0003088,L L ,0,0,0,0
02003 ,0003089,L L ,2.3669799999999994,0,0,23669.8
02003 ,0003090,L L ,3.1444699999999997,0,0,31444.7
02003 ,0003096,L L ,3.3494999999999995,0,0,33495
02003 ,0003092,L L ,2.08,0,0,20800
02003 ,0003093,L L ,4.188904999999999,0,0,41889.05
02003 ,0003094,L L ,1.35,0,0,13500
02003 ,0003095,L L ,3.25,0,0,32500
02003 ,0028853,L L ,2.5882499999999995,0,0,25882.5
02003 ,0054122,L L ,1.5986249999999997,0,0,15986.25
02003 ,0003097,L L ,0,1,0,0
02003 ,0022552,L L ,1.1885649999999999,0,0,11885.65
02003 ,0003098,L L ,3.1058999999999997,0,0,31059
02003 ,0003099,L L ,1.6514049999999998,0,0,16514.05
02003 ,0003100,L L ,1.7792949999999996,0,0,17792.95
02003 ,0003101,L L ,1.8960199999999998,0,0,18960.2
02003 ,0068012,L L ,2.22894,0,0,22289.4
02003 ,0003102,L L ,0.9946999999999999,0,0,9947
02003 ,0036259,L L ,1.7051999999999998,0,0,17052
02003 ,0031394,L L ,3.045,0,0,30450
02003 ,0035017,L L ,0,0,0,0
02003 ,0022553,L L ,1.2981849999999997,0,0,12981.85
02003 ,0003104,L L ,2.02391,0,0,20239.1
02003 ,0031976,L L ,1.4372399999999999,0,0,14372.4
02003 ,0003105,L L ,0.54325,0,0,5432.5
02003 ,0003106,L L ,0.54325,0,0,5432.5
02003 ,0003107,L L ,0.82,0,0,8200
02003 ,0003109,L L ,1.4372399999999999,0,0,14372.4
02003 ,0050630,L L ,0.63945,0,0,6394.5
02003 ,0027803,L L ,2.1325149999999997,0,0,21325.15
02003 ,0003110,L L ,0,0,0,0
02003 ,0003111,L L ,1.5133649999999998,0,0,15133.65
02003 ,0003112,L L ,0,0,0,0
02003 ,0003113,L L ,1.15,0,0,11500
02003 ,0003114,L L ,3.985905,0,0,39859.05
02003 ,0003115,L L ,3.8092949999999997,0,0,38092.95
02003 ,0003116,L L ,2.1944299999999997,0,0,21944.3
02003 ,0003117,L L ,0,0,0,0
02003 ,0003119,L L ,0,0,0,0
02003 ,0003120,L L ,0,0,0,0
02003 ,0003121,L L ,8.766555,0,0,87665.55
02003 ,0003122,L L ,4.24473,0,0,42447.3
02003 ,0003123,L L ,6.125525,0,0,61255.25
02003 ,0003124,L L ,4.4254,0,0,44254
02003 ,0003125,L L ,0,0,0,0
02003 ,0003127,L L ,2.9749649999999996,0,0,29749.65
02003 ,0003128,L L ,0,0,0,0
02003 ,0003129,L L ,2.1325149999999997,0,0,21325.15
02003 ,0032500,L L ,1.11853,0,0,11185.3
02003 ,0032501,L L ,4.5421249999999995,0,0,45421.25
02003 ,0033606,L L ,0,0,0,0
02003 ,0051770,L L ,0,0,0,0
02003 ,0003131,SLVS,0,0,0,0
02003 ,0003132,SLVS,0,0,0,0
02003 ,0022556,FLRS,2.1081549999999996,0,0,21081.55
02003 ,0022557,FLRS,0,0,0,0
02003 ,0094672,BATT,870.1,0,0,8700999.91
02003 ,0094673,BATT,238,0,0,2379999.98
02003 ,0097744,BATT,572,0,0,5719999.94
02003 ,0104715,BATT,572,0,0,5719999.94
02003 ,0105032,BATT,533,0,0,5329999.95
02003 ,0032589,L L ,0,0,0,0
02003 ,0032593,PHOT,0,0,0,0
02003 ,0032612,PHOT,0,0,0,0
02003 ,0032592,PHOT,0,0,0,0
02003 ,0032621,PHOT,0,0,0,0
02003 ,0032613,PHOT,0,0,0,0
02003 ,0032622,PHOT,0,0,0,0
02003 ,0032594,PHOT,0,0,0,0
02003 ,0032595,PHOT,0,0,0,0
02003 ,0032624,PHOT,0,0,0,0
02003 ,0032591,L L ,0,0,0,0
02003 ,0032629,L L ,0,0,0,0
02003 ,0032628,L L ,0,0,0,0
02003 ,0032626,PHOT,0,0,0,0
02003 ,0032625,PHOT,0,0,0,0
02003 ,0032611,PHOT,0,0,0,0
02003 ,0032597,PHOT,0,0,0,0
02003 ,0032596,PHOT,0,0,0,0
02003 ,0032627,PHOT,0,0,0,0
02003 ,0032590,L L ,0,0,0,0
02003 ,0032623,PHOT,0,0,0,0
02003 ,0093939,MIN ,0.19285,0,0,1928.5
02003 ,0060965,MIN ,0.201985,0,0,2019.85
02003 ,0034139,L L ,0.14920499999999998,0,0,1492.05
02003 ,0049420,L L ,0.20299999999999999,0,0,2030
02003 ,0034140,L L ,0,0,0,0
02003 ,0086322,L L ,0.23345,0,0,2334.5
02003 ,0093929,MIN ,0.20299999999999999,0,0,2030
02003 ,0093932,MIN ,0.20299999999999999,0,0,2030
02003 ,0052949,MIN ,0.20299999999999999,0,0,2030
02003 ,0093931,MIN ,0.20299999999999999,0,0,2030
02003 ,0093930,MIN ,0.20299999999999999,0,0,2030
02003 ,0053409,STTV,17.589949999999998,0,0,175899.5
02003 ,0053408,STTV,5.431265,0,0,54312.65
02003 ,0047315,XMAS,0,0,0,0
02003 ,0047316,XMAS,5.236384999999999,0,0,52363.85
02003 ,0050162,STFX,17.489465,0,0,174894.65
02003 ,0053186,WIRE,25.190269999999998,0,0,251902.7
02003 ,0053179,L L ,0.201985,0,0,2019.85
02051 ,0002936,LIT ,0,0,0,0
02051 ,0002937,LIT ,0,0,0,0
02051 ,0002938,LIT ,0,0,0,0
02051 ,0002939,LIT ,0,0,0,0
02051 ,0031289,LIT ,0,0,0,0
02051 ,0031842,LIT ,0,0,0,0
02051 ,0032059,LIT ,0,0,0,0
02051 ,0060488,LIT ,0,0,0,0
02051 ,0060901,LIT ,0,0,0,0
02051 ,0066318,LIT ,0,0,0,0
02051 ,0002959,LIT ,0,0,0,0
02051 ,0002970,LIT ,0.10961999999999998,0,0,1096.2
02051 ,0003005,LIT ,0.6364049999999999,0,0,6364.05
02051 ,0003009,LIT ,3.24597,0,0,32459.7
02051 ,0003010,LIT ,0.226345,0,0,2263.45
02051 ,0003013,LIT ,2.8125649999999998,0,0,28125.65
02051 ,0002936,LIT ,0,0,0,0
02051 ,0002937,LIT ,0,0,0,0
02051 ,0032907,LIT ,0,0,0,0
02051 ,0032908,LIT ,0,0,0,0
02051 ,0031289,LIT ,0,0,0,0
02051 ,0031842,LIT ,0,0,0,0
02051 ,0032059,LIT ,0,0,0,0
02051 ,0060488,LIT ,0,0,0,0
02051 ,0060901,LIT ,0,0,0,0
02051 ,0066318,LIT ,0,0,0,0
02051 ,0002959,LIT ,0,0,0,0
02051 ,0002970,LIT ,0.10961999999999998,0,0,1096.2
02051 ,0003005,LIT ,0.6364049999999999,0,0,6364.05
02051 ,0003009,LIT ,3.24597,0,0,32459.7
02051 ,0003010,LIT ,0.226345,0,0,2263.45
02051 ,0003013,LIT ,2.8125649999999998,0,0,28125.65
02051 ,0066967,LIT ,0,0,0,0
02051 ,0003029,NONE,13.554309999999997,0,0,135543.1
02051 ,0003030,FLRS,1.56,0,0,15600
02051 ,0003031,FLRS,7.41,0,0,74100
02051 ,0003032,FLRS,1.015,0,0,10150
02051 ,0046979,L L ,0.49937999999999994,0,0,4993.8
02051 ,0003033,L L ,0,0,0,0
02051 ,0003034,L L ,0,0,0,0
02051 ,0052284,L L ,0.7104999999999999,0,0,7105
02051 ,0003035,L L ,0,0,0,0
02051 ,0003036,L L ,0,0,0,0
02051 ,0003037,L L ,3.184055,0,0,31840.55
02051 ,0003038,L L ,0.7104999999999999,0,0,7105
02051 ,0003039,L L ,0.658735,0,0,6587.35
02051 ,0003040,L L ,1.6097899999999998,0,0,16097.9
02051 ,0003041,L L ,2.56,0,0,25600
02051 ,0003042,L L ,1.35,0,0,13500
02051 ,0003043,L L ,0.4770499999999999,0,0,4770.5
02051 ,0003044,L L ,0,0,0,0
02051 ,0003045,L L ,0,0,0,0
02051 ,0003046,L L ,0,0,0,0
02051 ,0024653,L L ,0.5724599999999999,0,0,5724.6
02051 ,0003047,L L ,0,0,0,0
02051 ,0036509,L L ,3.89151,0,0,38915.1
02051 ,0029717,L L ,0,0,0,0
02051 ,0034615,L L ,1.8665849999999997,0,0,18665.85
02051 ,0003048,L L ,0.8119999999999999,0,0,8120
02051 ,0003049,L L ,2.8531649999999997,0,0,28531.65
02051 ,0003050,L L ,2.225895,0,0,22258.95
02051 ,0003051,L L ,0,0,0,0
02051 ,0028043,L L ,0,0,0,0
02051 ,0052128,L L ,0,0,0,0
02051 ,0067256,L L ,0.532875,0,0,5328.75
02051 ,0003052,L L ,0,0,0,0
02051 ,0003055,L L ,1.5123499999999999,0,0,15123.5
02051 ,0003058,L L ,0.9175599999999999,0,0,9175.6
02051 ,0003059,L L ,0,0,0,0
02051 ,0003060,L L ,0.47907999999999995,0,0,4790.8
02051 ,0003061,L L ,1.93,0,0,19300
02051 ,0035807,L L ,2.5780999999999996,0,0,25781
02051 ,0003063,L L ,0,0,0,0
02051 ,0003065,L L ,0.43644999999999995,0,0,4364.5
02051 ,0047126,L L ,5.138945,0,0,51389.45
02051 ,0003066,L L ,0.43,0,0,4300
02051 ,0003067,L L ,0,0,0,0
02051 ,0003068,L L ,0,0,0,0
02051 ,0003069,L L ,0,0,0,0
02051 ,0003070,L L ,0,0,0,0
02051 ,0003071,L L ,0,0,0,0
02051 ,0032360,L L ,1.4372399999999999,0,0,14372.4
02051 ,0003073,L L ,2.99425,0,0,29942.5
02051 ,0003074,L L ,0,0,0,0
02051 ,0032261,L L ,0,0,0,0
02051 ,0033362,L L ,1.8117749999999997,0,0,18117.75
02051 ,0034288,L L ,2.367995,0,0,23679.95
02051 ,0032266,L L ,1.715,0,0,17150
02051 ,0057978,L L ,7.703849999999999,0,0,77038.5
02051 ,0049154,MIN ,1.4108499999999997,0,0,14108.5
02051 ,0003079,L L ,4.53096,0,0,45309.6
02051 ,0003080,L L ,0,0,0,0
02051 ,0029593,L L ,0,0,0,0
02051 ,0003081,L L ,1.6767799999999997,0,0,16767.8
02051 ,0022550,L L ,8.928955,0,0,89289.55
02051 ,0003083,L L ,3.312,0,0,33120
02051 ,0003084,L L ,2.0807499999999997,0,0,20807.5
02051 ,0022551,L L ,18.93178,0,0,189317.8
02051 ,0003086,L L ,1.2789,0,0,12789
02051 ,0003087,L L ,1.88,0,0,18800
02051 ,0003088,L L ,0,0,0,0
02051 ,0003089,L L ,2.3669799999999994,0,0,23669.8
02051 ,0003090,L L ,3.1444699999999997,0,0,31444.7
02051 ,0003096,L L ,3.3494999999999995,0,0,33495
02051 ,0003092,L L ,2.08,0,0,20800
02051 ,0003093,L L ,4.188904999999999,0,0,41889.05
02051 ,0003094,L L ,1.35,0,0,13500
02051 ,0003095,L L ,3.25,0,0,32500
02051 ,0028853,L L ,2.5882499999999995,0,0,25882.5
02051 ,0054122,L L ,1.5986249999999997,0,0,15986.25
02051 ,0003097,L L ,0,1,0,0
02051 ,0022552,L L ,1.1885649999999999,0,0,11885.65
02051 ,0003098,L L ,3.1058999999999997,0,0,31059
02051 ,0003099,L L ,1.6514049999999998,0,0,16514.05
02051 ,0003100,L L ,1.7792949999999996,0,0,17792.95
02051 ,0003101,L L ,1.8960199999999998,0,0,18960.2
02051 ,0068012,L L ,2.22894,0,0,22289.4
02051 ,0003102,L L ,0.9946999999999999,0,0,9947
02051 ,0036259,L L ,1.7051999999999998,0,0,17052
02051 ,0031394,L L ,3.045,0,0,30450
02051 ,0035017,L L ,0,0,0,0
02051 ,0022553,L L ,1.2981849999999997,0,0,12981.85
02051 ,0003104,L L ,2.02391,0,0,20239.1
02051 ,0031976,L L ,1.4372399999999999,0,0,14372.4
02051 ,0003105,L L ,0.54325,0,0,5432.5
02051 ,0003106,L L ,0.54325,0,0,5432.5
02051 ,0003107,L L ,0.82,0,0,8200
02051 ,0003109,L L ,1.4372399999999999,0,0,14372.4
02051 ,0050630,L L ,0.63945,0,0,6394.5
02051 ,0027803,L L ,2.1325149999999997,0,0,21325.15
02051 ,0003110,L L ,0,0,0,0
02051 ,0003111,L L ,1.5133649999999998,0,0,15133.65
02051 ,0003112,L L ,0,0,0,0
02051 ,0003113,L L ,1.15,0,0,11500
02051 ,0003114,L L ,3.985905,0,0,39859.05
02051 ,0003115,L L ,3.8092949999999997,0,0,38092.95
02051 ,0003116,L L ,2.1944299999999997,0,0,21944.3
02051 ,0003117,L L ,0,0,0,0
02051 ,0003119,L L ,0,0,0,0
02051 ,0003120,L L ,0,0,0,0
02051 ,0003121,L L ,8.766555,0,0,87665.55
02051 ,0003122,L L ,4.24473,0,0,42447.3
02051 ,0003123,L L ,6.125525,0,0,61255.25
02051 ,0003124,L L ,4.4254,0,0,44254
02051 ,0003125,L L ,0,0,0,0
02051 ,0003127,L L ,2.9749649999999996,0,0,29749.65
02051 ,0003128,L L ,0,0,0,0
02051 ,0003129,L L ,2.1325149999999997,0,0,21325.15
02051 ,0032500,L L ,1.11853,0,0,11185.3
02051 ,0032501,L L ,4.5421249999999995,0,0,45421.25
02051 ,0033606,L L ,0,0,0,0
02051 ,0051770,L L ,0,0,0,0
02051 ,0003131,SLVS,0,0,0,0
02051 ,0003132,SLVS,0,0,0,0
02051 ,0022556,FLRS,2.1081549999999996,0,0,21081.55
02051 ,0022557,FLRS,0,0,0,0
02051 ,0094672,BATT,870.1,0,0,8700999.91
02051 ,0094673,BATT,238,0,0,2379999.98
02051 ,0097744,BATT,572,0,0,5719999.94
02051 ,0104715,BATT,572,0,0,5719999.94
02051 ,0105032,BATT,533,0,0,5329999.95
02051 ,0032589,L L ,0,0,0,0
02051 ,0032593,PHOT,0,0,0,0
02051 ,0032612,PHOT,0,0,0,0
02051 ,0032592,PHOT,0,0,0,0
02051 ,0032621,PHOT,0,0,0,0
02051 ,0032613,PHOT,0,0,0,0
02051 ,0032622,PHOT,0,0,0,0
02051 ,0032594,PHOT,0,0,0,0
02051 ,0032595,PHOT,0,0,0,0
02051 ,0032624,PHOT,0,0,0,0
02051 ,0032591,L L ,0,0,0,0
02051 ,0032629,L L ,0,0,0,0
02051 ,0032628,L L ,0,0,0,0
02051 ,0032626,PHOT,0,0,0,0
02051 ,0032625,PHOT,0,0,0,0
02051 ,0032611,PHOT,0,0,0,0
02051 ,0032597,PHOT,0,0,0,0
02051 ,0032596,PHOT,0,0,0,0
02051 ,0032627,PHOT,0,0,0,0
02051 ,0032590,L L ,0,0,0,0
02051 ,0032623,PHOT,0,0,0,0
02051 ,0093939,MIN ,0.19285,0,0,1928.5
02051 ,0060965,MIN ,0.201985,0,0,2019.85
02051 ,0034139,L L ,0.14920499999999998,0,0,1492.05
02051 ,0049420,L L ,0.20299999999999999,0,0,2030
02051 ,0034140,L L ,0,0,0,0
02051 ,0086322,L L ,0.23345,0,0,2334.5
02051 ,0093929,MIN ,0.20299999999999999,0,0,2030
02051 ,0093932,MIN ,0.20299999999999999,0,0,2030
02051 ,0052949,MIN ,0.20299999999999999,0,0,2030
02051 ,0093931,MIN ,0.20299999999999999,0,0,2030
02051 ,0093930,MIN ,0.20299999999999999,0,0,2030
02051 ,0053409,STTV,17.589949999999998,0,0,175899.5
02051 ,0053408,STTV,5.431265,0,0,54312.65
02051 ,0047315,XMAS,0,0,0,0
02051 ,0047316,XMAS,5.236384999999999,0,0,52363.85
02051 ,0050162,STFX,17.489465,0,0,174894.65
02051 ,0053186,WIRE,25.190269999999998,0,0,251902.7
02051 ,0053179,L L ,0.201985,0,0,2019.85
02063 ,0002936,LIT ,0,0,0,0
02063 ,0002937,LIT ,0,0,0,0
02063 ,0002938,LIT ,0,0,0,0
02063 ,0002939,LIT ,0,0,0,0
02063 ,0031289,LIT ,0,0,0,0
02063 ,0031842,LIT ,0,0,0,0
02063 ,0032059,LIT ,0,0,0,0
02063 ,0060488,LIT ,0,0,0,0
02063 ,0060901,LIT ,0,0,0,0
02063 ,0066318,LIT ,0,0,0,0
02063 ,0002959,LIT ,0,0,0,0
02063 ,0002970,LIT ,0.10961999999999998,0,0,1096.2
02063 ,0003005,LIT ,0.6364049999999999,0,0,6364.05
02063 ,0003009,LIT ,3.24597,0,0,32459.7
02063 ,0003010,LIT ,0.226345,0,0,2263.45
02063 ,0003013,LIT ,2.8125649999999998,0,0,28125.65
02063 ,0002936,LIT ,0,0,0,0
02063 ,0002937,LIT ,0,0,0,0
02063 ,0032907,LIT ,0,0,0,0
02063 ,0032908,LIT ,0,0,0,0
02063 ,0031289,LIT ,0,0,0,0
02063 ,0031842,LIT ,0,0,0,0
02063 ,0032059,LIT ,0,0,0,0
02063 ,0060488,LIT ,0,0,0,0
02063 ,0060901,LIT ,0,0,0,0
02063 ,0066318,LIT ,0,0,0,0
02063 ,0002959,LIT ,0,0,0,0
02063 ,0002970,LIT ,0.10961999999999998,0,0,1096.2
02063 ,0003005,LIT ,0.6364049999999999,0,0,6364.05
02063 ,0003009,LIT ,3.24597,0,0,32459.7
02063 ,0003010,LIT ,0.226345,0,0,2263.45
02063 ,0003013,LIT ,2.8125649999999998,0,0,28125.65
02063 ,0066967,LIT ,0,0,0,0
02063 ,0003029,NONE,13.554309999999997,0,0,135543.1
02063 ,0003030,FLRS,1.56,0,0,15600
02063 ,0003031,FLRS,7.41,0,0,74100
02063 ,0003032,FLRS,1.015,0,0,10150
02063 ,0046979,L L ,0.49937999999999994,0,0,4993.8
02063 ,0003033,L L ,0,0,0,0
02063 ,0003034,L L ,0,0,0,0
02063 ,0052284,L L ,0.7104999999999999,0,0,7105
02063 ,0003035,L L ,0,0,0,0
02063 ,0003036,L L ,0,0,0,0
02063 ,0003037,L L ,3.184055,0,0,31840.55
02063 ,0003038,L L ,0.7104999999999999,0,0,7105
02063 ,0003039,L L ,0.658735,0,0,6587.35
02063 ,0003040,L L ,1.6097899999999998,0,0,16097.9
02063 ,0003041,L L ,2.56,0,0,25600
02063 ,0003042,L L ,1.35,0,0,13500
02063 ,0003043,L L ,0.4770499999999999,0,0,4770.5
02063 ,0003044,L L ,0,0,0,0
02063 ,0003045,L L ,0,0,0,0
02063 ,0003046,L L ,0,0,0,0
02063 ,0024653,L L ,0.5724599999999999,0,0,5724.6
02063 ,0003047,L L ,0,0,0,0
02063 ,0036509,L L ,3.89151,0,0,38915.1
02063 ,0029717,L L ,0,0,0,0
02063 ,0034615,L L ,1.8665849999999997,0,0,18665.85
02063 ,0003048,L L ,0.8119999999999999,0,0,8120
02063 ,0003049,L L ,2.8531649999999997,0,0,28531.65
02063 ,0003050,L L ,2.225895,0,0,22258.95
02063 ,0003051,L L ,0,0,0,0
02063 ,0028043,L L ,0,0,0,0
02063 ,0052128,L L ,0,0,0,0
02063 ,0067256,L L ,0.532875,0,0,5328.75
02063 ,0003052,L L ,0,0,0,0
02063 ,0003055,L L ,1.5123499999999999,0,0,15123.5
02063 ,0003058,L L ,0.9175599999999999,0,0,9175.6
02063 ,0003059,L L ,0,0,0,0
02063 ,0003060,L L ,0.47907999999999995,0,0,4790.8
02063 ,0003061,L L ,1.93,0,0,19300
02063 ,0035807,L L ,2.5780999999999996,0,0,25781
02063 ,0003063,L L ,0,0,0,0
02063 ,0003065,L L ,0.43644999999999995,0,0,4364.5
02063 ,0047126,L L ,5.138945,0,0,51389.45
02063 ,0003066,L L ,0.43,0,0,4300
02063 ,0003067,L L ,0,0,0,0
02063 ,0003068,L L ,0,0,0,0
02063 ,0003069,L L ,0,0,0,0
02063 ,0003070,L L ,0,0,0,0
02063 ,0003071,L L ,0,0,0,0
02063 ,0032360,L L ,1.4372399999999999,0,0,14372.4
02063 ,0003073,L L ,2.99425,0,0,29942.5
02063 ,0003074,L L ,0,0,0,0
02063 ,0032261,L L ,0,0,0,0
02063 ,0033362,L L ,1.8117749999999997,0,0,18117.75
02063 ,0034288,L L ,2.367995,0,0,23679.95
02063 ,0032266,L L ,1.715,0,0,17150
02063 ,0057978,L L ,7.703849999999999,0,0,77038.5
02063 ,0049154,MIN ,1.4108499999999997,0,0,14108.5
02063 ,0003079,L L ,4.53096,0,0,45309.6
02063 ,0003080,L L ,0,0,0,0
02063 ,0029593,L L ,0,0,0,0
02063 ,0003081,L L ,1.6767799999999997,0,0,16767.8
02063 ,0022550,L L ,8.928955,0,0,89289.55
02063 ,0003083,L L ,3.312,0,0,33120
02063 ,0003084,L L ,2.0807499999999997,0,0,20807.5
02063 ,0022551,L L ,18.93178,0,0,189317.8
02063 ,0003086,L L ,1.2789,0,0,12789
02063 ,0003087,L L ,1.88,0,0,18800
02063 ,0003088,L L ,0,0,0,0
02063 ,0003089,L L ,2.3669799999999994,0,0,23669.8
02063 ,0003090,L L ,3.1444699999999997,0,0,31444.7
02063 ,0003096,L L ,3.3494999999999995,0,0,33495
02063 ,0003092,L L ,2.08,0,0,20800
02063 ,0003093,L L ,4.188904999999999,0,0,41889.05
02063 ,0003094,L L ,1.35,0,0,13500
02063 ,0003095,L L ,3.25,0,0,32500
02063 ,0028853,L L ,2.5882499999999995,0,0,25882.5
02063 ,0054122,L L ,1.5986249999999997,0,0,15986.25
02063 ,0003097,L L ,0,1,0,0
02063 ,0022552,L L ,1.1885649999999999,0,0,11885.65
02063 ,0003098,L L ,3.1058999999999997,0,0,31059
02063 ,0003099,L L ,1.6514049999999998,0,0,16514.05
02063 ,0003100,L L ,1.7792949999999996,0,0,17792.95
02063 ,0003101,L L ,1.8960199999999998,0,0,18960.2
02063 ,0068012,L L ,2.22894,0,0,22289.4
02063 ,0003102,L L ,0.9946999999999999,0,0,9947
02063 ,0036259,L L ,1.7051999999999998,0,0,17052
02063 ,0031394,L L ,3.045,0,0,30450
02063 ,0035017,L L ,0,0,0,0
02063 ,0022553,L L ,1.2981849999999997,0,0,12981.85
02063 ,0003104,L L ,2.02391,0,0,20239.1
02063 ,0031976,L L ,1.4372399999999999,0,0,14372.4
02063 ,0003105,L L ,0.54325,0,0,5432.5
02063 ,0003106,L L ,0.54325,0,0,5432.5
02063 ,0003107,L L ,0.82,0,0,8200
02063 ,0003109,L L ,1.4372399999999999,0,0,14372.4
02063 ,0050630,L L ,0.63945,0,0,6394.5
02063 ,0027803,L L ,2.1325149999999997,0,0,21325.15
02063 ,0003110,L L ,0,0,0,0
02063 ,0003111,L L ,1.5133649999999998,0,0,15133.65
02063 ,0003112,L L ,0,0,0,0
02063 ,0003113,L L ,1.15,0,0,11500
02063 ,0003114,L L ,3.985905,0,0,39859.05
02063 ,0003115,L L ,3.8092949999999997,0,0,38092.95
02063 ,0003116,L L ,2.1944299999999997,0,0,21944.3
02063 ,0003117,L L ,0,0,0,0
02063 ,0003119,L L ,0,0,0,0
02063 ,0003120,L L ,0,0,0,0
02063 ,0003121,L L ,8.766555,0,0,87665.55
02063 ,0003122,L L ,4.24473,0,0,42447.3
02063 ,0003123,L L ,6.125525,0,0,61255.25
02063 ,0003124,L L ,4.4254,0,0,44254
02063 ,0003125,L L ,0,0,0,0
02063 ,0003127,L L ,2.9749649999999996,0,0,29749.65
02063 ,0003128,L L ,0,0,0,0
02063 ,0003129,L L ,2.1325149999999997,0,0,21325.15
02063 ,0032500,L L ,1.11853,0,0,11185.3
02063 ,0032501,L L ,4.5421249999999995,0,0,45421.25
02063 ,0033606,L L ,0,0,0,0
02063 ,0051770,L L ,0,0,0,0
02063 ,0003131,SLVS,0,0,0,0
02063 ,0003132,SLVS,0,0,0,0
02063 ,0022556,FLRS,2.1081549999999996,0,0,21081.55
02063 ,0022557,FLRS,0,0,0,0
02063 ,0094672,BATT,870.1,0,0,8700999.91
02063 ,0094673,BATT,238,0,0,2379999.98
02063 ,0097744,BATT,572,0,0,5719999.94
02063 ,0104715,BATT,572,0,0,5719999.94
02063 ,0105032,BATT,533,0,0,5329999.95
02063 ,0032589,L L ,0,0,0,0
02063 ,0032593,PHOT,0,0,0,0
02063 ,0032612,PHOT,0,0,0,0
02063 ,0032592,PHOT,0,0,0,0
02063 ,0032621,PHOT,0,0,0,0
02063 ,0032613,PHOT,0,0,0,0
02063 ,0032622,PHOT,0,0,0,0
02063 ,0032594,PHOT,0,0,0,0
02063 ,0032595,PHOT,0,0,0,0
02063 ,0032624,PHOT,0,0,0,0
02063 ,0032591,L L ,0,0,0,0
02063 ,0032629,L L ,0,0,0,0
02063 ,0032628,L L ,0,0,0,0
02063 ,0032626,PHOT,0,0,0,0
02063 ,0032625,PHOT,0,0,0,0
02063 ,0032611,PHOT,0,0,0,0
02063 ,0032597,PHOT,0,0,0,0
02063 ,0032596,PHOT,0,0,0,0
02063 ,0032627,PHOT,0,0,0,0
02063 ,0032590,L L ,0,0,0,0
02063 ,0032623,PHOT,0,0,0,0
02063 ,0093939,MIN ,0.19285,0,0,1928.5
02063 ,0060965,MIN ,0.201985,0,0,2019.85
02063 ,0034139,L L ,0.14920499999999998,0,0,1492.05
02063 ,0049420,L L ,0.20299999999999999,0,0,2030
02063 ,0034140,L L ,0,0,0,0
02063 ,0086322,L L ,0.23345,0,0,2334.5
02063 ,0093929,MIN ,0.20299999999999999,0,0,2030
02063 ,0093932,MIN ,0.20299999999999999,0,0,2030
02063 ,0052949,MIN ,0.20299999999999999,0,0,2030
02063 ,0093931,MIN ,0.20299999999999999,0,0,2030
02063 ,0093930,MIN ,0.20299999999999999,0,0,2030
02063 ,0053409,STTV,17.589949999999998,0,0,175899.5
02063 ,0053408,STTV,5.431265,0,0,54312.65
02063 ,0047315,XMAS,0,0,0,0
02063 ,0047316,XMAS,5.236384999999999,0,0,52363.85
02063 ,0050162,STFX,17.489465,0,0,174894.65
02063 ,0053186,WIRE,25.190269999999998,0,0,251902.7
02063 ,0053179,L L ,0.201985,0,0,2019.85
02064 ,0002936,LIT ,0,0,0,0
02064 ,0002937,LIT ,0,0,0,0
02064 ,0002938,LIT ,0,0,0,0
02064 ,0002939,LIT ,0,0,0,0
02064 ,0031289,LIT ,0,0,0,0
02064 ,0031842,LIT ,0,0,0,0
02064 ,0032059,LIT ,0,0,0,0
02064 ,0060488,LIT ,0,0,0,0
02064 ,0060901,LIT ,0,0,0,0
02064 ,0066318,LIT ,0,0,0,0
02064 ,0002959,LIT ,0,0,0,0
02064 ,0002970,LIT ,0.10961999999999998,0,0,1096.2
02064 ,0003005,LIT ,0.6364049999999999,0,0,6364.05
02064 ,0003009,LIT ,3.24597,0,0,32459.7
02064 ,0003010,LIT ,0.226345,0,0,2263.45
02064 ,0003013,LIT ,2.8125649999999998,0,0,28125.65
02064 ,0002936,LIT ,0,0,0,0
02064 ,0002937,LIT ,0,0,0,0
02064 ,0032907,LIT ,0,0,0,0
02064 ,0032908,LIT ,0,0,0,0
02064 ,0031289,LIT ,0,0,0,0
02064 ,0031842,LIT ,0,0,0,0
02064 ,0032059,LIT ,0,0,0,0
02064 ,0060488,LIT ,0,0,0,0
02064 ,0060901,LIT ,0,0,0,0
02064 ,0066318,LIT ,0,0,0,0
02064 ,0002959,LIT ,0,0,0,0
02064 ,0002970,LIT ,0.10961999999999998,0,0,1096.2
02064 ,0003005,LIT ,0.6364049999999999,0,0,6364.05
02064 ,0003009,LIT ,3.24597,0,0,32459.7
02064 ,0003010,LIT ,0.226345,0,0,2263.45
02064 ,0003013,LIT ,2.8125649999999998,0,0,28125.65
02064 ,0066967,LIT ,0,0,0,0
02064 ,0003029,NONE,13.554309999999997,0,0,135543.1
02064 ,0003030,FLRS,1.56,0,0,15600
02064 ,0003031,FLRS,7.41,0,0,74100
02064 ,0003032,FLRS,1.015,0,0,10150
02064 ,0046979,L L ,0.49937999999999994,0,0,4993.8
02064 ,0003033,L L ,0,0,0,0
02064 ,0003034,L L ,0,0,0,0
02064 ,0052284,L L ,0.7104999999999999,0,0,7105
02064 ,0003035,L L ,0,0,0,0
02064 ,0003036,L L ,0,0,0,0
02064 ,0003037,L L ,3.184055,0,0,31840.55
02064 ,0003038,L L ,0.7104999999999999,0,0,7105
02064 ,0003039,L L ,0.658735,0,0,6587.35
02064 ,0003040,L L ,1.6097899999999998,0,0,16097.9
02064 ,0003041,L L ,2.56,0,0,25600
02064 ,0003042,L L ,1.35,0,0,13500
02064 ,0003043,L L ,0.4770499999999999,0,0,4770.5
02064 ,0003044,L L ,0,0,0,0
02064 ,0003045,L L ,0,0,0,0
02064 ,0003046,L L ,0,0,0,0
02064 ,0024653,L L ,0.5724599999999999,0,0,5724.6
02064 ,0003047,L L ,0,0,0,0
02064 ,0036509,L L ,3.89151,0,0,38915.1
02064 ,0029717,L L ,0,0,0,0
02064 ,0034615,L L ,1.8665849999999997,0,0,18665.85
02064 ,0003048,L L ,0.8119999999999999,0,0,8120
02064 ,0003049,L L ,2.8531649999999997,0,0,28531.65
02064 ,0003050,L L ,2.225895,0,0,22258.95
02064 ,0003051,L L ,0,0,0,0
02064 ,0028043,L L ,0,0,0,0
02064 ,0052128,L L ,0,0,0,0
02064 ,0067256,L L ,0.532875,0,0,5328.75
02064 ,0003052,L L ,0,0,0,0
02064 ,0003055,L L ,1.5123499999999999,0,0,15123.5
02064 ,0003058,L L ,0.9175599999999999,0,0,9175.6
02064 ,0003059,L L ,0,0,0,0
02064 ,0003060,L L ,0.47907999999999995,0,0,4790.8
02064 ,0003061,L L ,1.93,0,0,19300
02064 ,0035807,L L ,2.5780999999999996,0,0,25781
02064 ,0003063,L L ,0,0,0,0
02064 ,0003065,L L ,0.43644999999999995,0,0,4364.5
02064 ,0047126,L L ,5.138945,0,0,51389.45
02064 ,0003066,L L ,0.43,0,0,4300
02064 ,0003067,L L ,0,0,0,0
02064 ,0003068,L L ,0,0,0,0
02064 ,0003069,L L ,0,0,0,0
02064 ,0003070,L L ,0,0,0,0
02064 ,0003071,L L ,0,0,0,0
02064 ,0032360,L L ,1.4372399999999999,0,0,14372.4
02064 ,0003073,L L ,2.99425,0,0,29942.5
02064 ,0003074,L L ,0,0,0,0
02064 ,0032261,L L ,0,0,0,0
02064 ,0033362,L L ,1.8117749999999997,0,0,18117.75
02064 ,0034288,L L ,2.367995,0,0,23679.95
02064 ,0032266,L L ,1.715,0,0,17150
02064 ,0057978,L L ,7.703849999999999,0,0,77038.5
02064 ,0049154,MIN ,1.4108499999999997,0,0,14108.5
02064 ,0003079,L L ,4.53096,0,0,45309.6
02064 ,0003080,L L ,0,0,0,0
02064 ,0029593,L L ,0,0,0,0
02064 ,0003081,L L ,1.6767799999999997,0,0,16767.8
02064 ,0022550,L L ,8.928955,0,0,89289.55
02064 ,0003083,L L ,3.312,0,0,33120
02064 ,0003084,L L ,2.0807499999999997,0,0,20807.5
02064 ,0022551,L L ,18.93178,0,0,189317.8
02064 ,0003086,L L ,1.2789,0,0,12789
02064 ,0003087,L L ,1.88,0,0,18800
02064 ,0003088,L L ,0,0,0,0
02064 ,0003089,L L ,2.3669799999999994,0,0,23669.8
02064 ,0003090,L L ,3.1444699999999997,0,0,31444.7
02064 ,0003096,L L ,3.3494999999999995,0,0,33495
02064 ,0003092,L L ,2.08,0,0,20800
02064 ,0003093,L L ,4.188904999999999,0,0,41889.05
02064 ,0003094,L L ,1.35,0,0,13500
02064 ,0003095,L L ,3.25,0,0,32500
02064 ,0028853,L L ,2.5882499999999995,0,0,25882.5
02064 ,0054122,L L ,1.5986249999999997,0,0,15986.25
02064 ,0003097,L L ,0,1,0,0
02064 ,0022552,L L ,1.1885649999999999,0,0,11885.65
02064 ,0003098,L L ,3.1058999999999997,0,0,31059
02064 ,0003099,L L ,1.6514049999999998,0,0,16514.05
02064 ,0003100,L L ,1.7792949999999996,0,0,17792.95
02064 ,0003101,L L ,1.8960199999999998,0,0,18960.2
02064 ,0068012,L L ,2.22894,0,0,22289.4
02064 ,0003102,L L ,0.9946999999999999,0,0,9947
02064 ,0036259,L L ,1.7051999999999998,0,0,17052
02064 ,0031394,L L ,3.045,0,0,30450
02064 ,0035017,L L ,0,0,0,0
02064 ,0022553,L L ,1.2981849999999997,0,0,12981.85
02064 ,0003104,L L ,2.02391,0,0,20239.1
02064 ,0031976,L L ,1.4372399999999999,0,0,14372.4
02064 ,0003105,L L ,0.54325,0,0,5432.5
02064 ,0003106,L L ,0.54325,0,0,5432.5
02064 ,0003107,L L ,0.82,0,0,8200
02064 ,0003109,L L ,1.4372399999999999,0,0,14372.4
02064 ,0050630,L L ,0.63945,0,0,6394.5
02064 ,0027803,L L ,2.1325149999999997,0,0,21325.15
02064 ,0003110,L L ,0,0,0,0
02064 ,0003111,L L ,1.5133649999999998,0,0,15133.65
02064 ,0003112,L L ,0,0,0,0
02064 ,0003113,L L ,1.15,0,0,11500
02064 ,0003114,L L ,3.985905,0,0,39859.05
02064 ,0003115,L L ,3.8092949999999997,0,0,38092.95
02064 ,0003116,L L ,2.1944299999999997,0,0,21944.3
02064 ,0003117,L L ,0,0,0,0
02064 ,0003119,L L ,0,0,0,0
02064 ,0003120,L L ,0,0,0,0
02064 ,0003121,L L ,8.766555,0,0,87665.55
02064 ,0003122,L L ,4.24473,0,0,42447.3
02064 ,0003123,L L ,6.125525,0,0,61255.25
02064 ,0003124,L L ,4.4254,0,0,44254
02064 ,0003125,L L ,0,0,0,0
02064 ,0003127,L L ,2.9749649999999996,0,0,29749.65
02064 ,0003128,L L ,0,0,0,0
02064 ,0003129,L L ,2.1325149999999997,0,0,21325.15
02064 ,0032500,L L ,1.11853,0,0,11185.3
02064 ,0032501,L L ,4.5421249999999995,0,0,45421.25
02064 ,0033606,L L ,0,0,0,0
02064 ,0051770,L L ,0,0,0,0
02064 ,0003131,SLVS,0,0,0,0
02064 ,0003132,SLVS,0,0,0,0
02064 ,0022556,FLRS,2.1081549999999996,0,0,21081.55
02064 ,0022557,FLRS,0,0,0,0
02064 ,0094672,BATT,870.1,0,0,8700999.91
02064 ,0094673,BATT,238,0,0,2379999.98
02064 ,0097744,BATT,572,0,0,5719999.94
02064 ,0104715,BATT,572,0,0,5719999.94
02064 ,0105032,BATT,533,0,0,5329999.95
02064 ,0032589,L L ,0,0,0,0
02064 ,0032593,PHOT,0,0,0,0
02064 ,0032612,PHOT,0,0,0,0
02064 ,0032592,PHOT,0,0,0,0
02064 ,0032621,PHOT,0,0,0,0
02064 ,0032613,PHOT,0,0,0,0
02064 ,0032622,PHOT,0,0,0,0
02064 ,0032594,PHOT,0,0,0,0
02064 ,0032595,PHOT,0,0,0,0
02064 ,0032624,PHOT,0,0,0,0
02064 ,0032591,L L ,0,0,0,0
02064 ,0032629,L L ,0,0,0,0
02064 ,0032628,L L ,0,0,0,0
02064 ,0032626,PHOT,0,0,0,0
02064 ,0032625,PHOT,0,0,0,0
02064 ,0032611,PHOT,0,0,0,0
02064 ,0032597,PHOT,0,0,0,0
02064 ,0032596,PHOT,0,0,0,0
02064 ,0032627,PHOT,0,0,0,0
02064 ,0032590,L L ,0,0,0,0
02064 ,0032623,PHOT,0,0,0,0
02064 ,0093939,MIN ,0.19285,0,0,1928.5
02064 ,0060965,MIN ,0.201985,0,0,2019.85
02064 ,0034139,L L ,0.14920499999999998,0,0,1492.05
02064 ,0049420,L L ,0.20299999999999999,0,0,2030
02064 ,0034140,L L ,0,0,0,0
02064 ,0086322,L L ,0.23345,0,0,2334.5
02064 ,0093929,MIN ,0.20299999999999999,0,0,2030
02064 ,0093932,MIN ,0.20299999999999999,0,0,2030
02064 ,0052949,MIN ,0.20299999999999999,0,0,2030
02064 ,0093931,MIN ,0.20299999999999999,0,0,2030
02064 ,0093930,MIN ,0.20299999999999999,0,0,2030
02064 ,0053409,STTV,17.589949999999998,0,0,175899.5
02064 ,0053408,STTV,5.431265,0,0,54312.65
02064 ,0047315,XMAS,0,0,0,0
02064 ,0047316,XMAS,5.236384999999999,0,0,52363.85
02064 ,0050162,STFX,17.489465,0,0,174894.65
02064 ,0053186,WIRE,25.190269999999998,0,0,251902.7
02064 ,0053179,L L ,0.201985,0,0,2019.85
02087 ,0002936,LIT ,0,0,0,0
02087 ,0002937,LIT ,0,0,0,0
02087 ,0002938,LIT ,0,0,0,0
02087 ,0002939,LIT ,0,0,0,0
02087 ,0031289,LIT ,0,0,0,0
02087 ,0031842,LIT ,0,0,0,0
02087 ,0032059,LIT ,0,0,0,0
02087 ,0060488,LIT ,0,0,0,0
02087 ,0060901,LIT ,0,0,0,0
02087 ,0066318,LIT ,0,0,0,0
02087 ,0002959,LIT ,0,0,0,0
02087 ,0002970,LIT ,0.10961999999999998,0,0,1096.2
02087 ,0003005,LIT ,0.6364049999999999,0,0,6364.05
02087 ,0003009,LIT ,3.24597,0,0,32459.7
02087 ,0003010,LIT ,0.226345,0,0,2263.45
02087 ,0003013,LIT ,2.8125649999999998,0,0,28125.65
02087 ,0002936,LIT ,0,0,0,0
02087 ,0002937,LIT ,0,0,0,0
02087 ,0032907,LIT ,0,0,0,0
02087 ,0032908,LIT ,0,0,0,0
02087 ,0031289,LIT ,0,0,0,0
02087 ,0031842,LIT ,0,0,0,0
02087 ,0032059,LIT ,0,0,0,0
02087 ,0060488,LIT ,0,0,0,0
02087 ,0060901,LIT ,0,0,0,0
02087 ,0066318,LIT ,0,0,0,0
02087 ,0002959,LIT ,0,0,0,0
02087 ,0002970,LIT ,0.10961999999999998,0,0,1096.2
02087 ,0003005,LIT ,0.6364049999999999,0,0,6364.05
02087 ,0003009,LIT ,3.24597,0,0,32459.7
02087 ,0003010,LIT ,0.226345,0,0,2263.45
02087 ,0003013,LIT ,2.8125649999999998,0,0,28125.65
02087 ,0066967,LIT ,0,0,0,0
02087 ,0003029,NONE,13.554309999999997,0,0,135543.1
02087 ,0003030,FLRS,1.56,0,0,15600
02087 ,0003031,FLRS,7.41,0,0,74100
02087 ,0003032,FLRS,1.015,0,0,10150
02087 ,0046979,L L ,0.49937999999999994,0,0,4993.8
02087 ,0003033,L L ,0,0,0,0
02087 ,0003034,L L ,0,0,0,0
02087 ,0052284,L L ,0.7104999999999999,0,0,7105
02087 ,0003035,L L ,0,0,0,0
02087 ,0003036,L L ,0,0,0,0
02087 ,0003037,L L ,3.184055,0,0,31840.55
02087 ,0003038,L L ,0.7104999999999999,0,0,7105
02087 ,0003039,L L ,0.658735,0,0,6587.35
02087 ,0003040,L L ,1.6097899999999998,0,0,16097.9
02087 ,0003041,L L ,2.56,0,0,25600
02087 ,0003042,L L ,1.35,0,0,13500
02087 ,0003043,L L ,0.4770499999999999,0,0,4770.5
02087 ,0003044,L L ,0,0,0,0
02087 ,0003045,L L ,0,0,0,0
02087 ,0003046,L L ,0,0,0,0
02087 ,0024653,L L ,0.5724599999999999,0,0,5724.6
02087 ,0003047,L L ,0,0,0,0
02087 ,0036509,L L ,3.89151,0,0,38915.1
02087 ,0029717,L L ,0,0,0,0
02087 ,0034615,L L ,1.8665849999999997,0,0,18665.85
02087 ,0003048,L L ,0.8119999999999999,0,0,8120
02087 ,0003049,L L ,2.8531649999999997,0,0,28531.65
02087 ,0003050,L L ,2.225895,0,0,22258.95
02087 ,0003051,L L ,0,0,0,0
02087 ,0028043,L L ,0,0,0,0
02087 ,0052128,L L ,0,0,0,0
02087 ,0067256,L L ,0.532875,0,0,5328.75
02087 ,0003052,L L ,0,0,0,0
02087 ,0003055,L L ,1.5123499999999999,0,0,15123.5
02087 ,0003058,L L ,0.9175599999999999,0,0,9175.6
02087 ,0003059,L L ,0,0,0,0
02087 ,0003060,L L ,0.47907999999999995,0,0,4790.8
02087 ,0003061,L L ,1.93,0,0,19300
02087 ,0035807,L L ,2.5780999999999996,0,0,25781
02087 ,0003063,L L ,0,0,0,0
02087 ,0003065,L L ,0.43644999999999995,0,0,4364.5
02087 ,0047126,L L ,5.138945,0,0,51389.45
02087 ,0003066,L L ,0.43,0,0,4300
02087 ,0003067,L L ,0,0,0,0
02087 ,0003068,L L ,0,0,0,0
02087 ,0003069,L L ,0,0,0,0
02087 ,0003070,L L ,0,0,0,0
02087 ,0003071,L L ,0,0,0,0
02087 ,0032360,L L ,1.4372399999999999,0,0,14372.4
02087 ,0003073,L L ,2.99425,0,0,29942.5
02087 ,0003074,L L ,0,0,0,0
02087 ,0032261,L L ,0,0,0,0
02087 ,0033362,L L ,1.8117749999999997,0,0,18117.75
02087 ,0034288,L L ,2.367995,0,0,23679.95
02087 ,0032266,L L ,1.715,0,0,17150
02087 ,0057978,L L ,7.703849999999999,0,0,77038.5
02087 ,0049154,MIN ,1.4108499999999997,0,0,14108.5
02087 ,0003079,L L ,4.53096,0,0,45309.6
02087 ,0003080,L L ,0,0,0,0
02087 ,0029593,L L ,0,0,0,0
02087 ,0003081,L L ,1.6767799999999997,0,0,16767.8
02087 ,0022550,L L ,8.928955,0,0,89289.55
02087 ,0003083,L L ,3.312,0,0,33120
02087 ,0003084,L L ,2.0807499999999997,0,0,20807.5
02087 ,0022551,L L ,18.93178,0,0,189317.8
02087 ,0003086,L L ,1.2789,0,0,12789
02087 ,0003087,L L ,1.88,0,0,18800
02087 ,0003088,L L ,0,0,0,0
02087 ,0003089,L L ,2.3669799999999994,0,0,23669.8
02087 ,0003090,L L ,3.1444699999999997,0,0,31444.7
02087 ,0003096,L L ,3.3494999999999995,0,0,33495
02087 ,0003092,L L ,2.08,0,0,20800
02087 ,0003093,L L ,4.188904999999999,0,0,41889.05
02087 ,0003094,L L ,1.35,0,0,13500
02087 ,0003095,L L ,3.25,0,0,32500
02087 ,0028853,L L ,2.5882499999999995,0,0,25882.5
02087 ,0054122,L L ,1.5986249999999997,0,0,15986.25
02087 ,0003097,L L ,0,1,0,0
02087 ,0022552,L L ,1.1885649999999999,0,0,11885.65
02087 ,0003098,L L ,3.1058999999999997,0,0,31059
02087 ,0003099,L L ,1.6514049999999998,0,0,16514.05
02087 ,0003100,L L ,1.7792949999999996,0,0,17792.95
02087 ,0003101,L L ,1.8960199999999998,0,0,18960.2
02087 ,0068012,L L ,2.22894,0,0,22289.4
02087 ,0003102,L L ,0.9946999999999999,0,0,9947
02087 ,0036259,L L ,1.7051999999999998,0,0,17052
02087 ,0031394,L L ,3.045,0,0,30450
02087 ,0035017,L L ,0,0,0,0
02087 ,0022553,L L ,1.2981849999999997,0,0,12981.85
02087 ,0003104,L L ,2.02391,0,0,20239.1
02087 ,0031976,L L ,1.4372399999999999,0,0,14372.4
02087 ,0003105,L L ,0.54325,0,0,5432.5
02087 ,0003106,L L ,0.54325,0,0,5432.5
02087 ,0003107,L L ,0.82,0,0,8200
02087 ,0003109,L L ,1.4372399999999999,0,0,14372.4
02087 ,0050630,L L ,0.63945,0,0,6394.5
02087 ,0027803,L L ,2.1325149999999997,0,0,21325.15
02087 ,0003110,L L ,0,0,0,0
02087 ,0003111,L L ,1.5133649999999998,0,0,15133.65
02087 ,0003112,L L ,0,0,0,0
02087 ,0003113,L L ,1.15,0,0,11500
02087 ,0003114,L L ,3.985905,0,0,39859.05
02087 ,0003115,L L ,3.8092949999999997,0,0,38092.95
02087 ,0003116,L L ,2.1944299999999997,0,0,21944.3
02087 ,0003117,L L ,0,0,0,0
02087 ,0003119,L L ,0,0,0,0
02087 ,0003120,L L ,0,0,0,0
02087 ,0003121,L L ,8.766555,0,0,87665.55
02087 ,0003122,L L ,4.24473,0,0,42447.3
02087 ,0003123,L L ,6.125525,0,0,61255.25
02087 ,0003124,L L ,4.4254,0,0,44254
02087 ,0003125,L L ,0,0,0,0
02087 ,0003127,L L ,2.9749649999999996,0,0,29749.65
02087 ,0003128,L L ,0,0,0,0
02087 ,0003129,L L ,2.1325149999999997,0,0,21325.15
02087 ,0032500,L L ,1.11853,0,0,11185.3
02087 ,0032501,L L ,4.5421249999999995,0,0,45421.25
02087 ,0033606,L L ,0,0,0,0
02087 ,0051770,L L ,0,0,0,0
02087 ,0003131,SLVS,0,0,0,0
02087 ,0003132,SLVS,0,0,0,0
02087 ,0022556,FLRS,2.1081549999999996,0,0,21081.55
02087 ,0022557,FLRS,0,0,0,0
02087 ,0094672,BATT,870.1,0,0,8700999.91
02087 ,0094673,BATT,238,0,0,2379999.98
02087 ,0097744,BATT,572,0,0,5719999.94
02087 ,0104715,BATT,572,0,0,5719999.94
02087 ,0105032,BATT,533,0,0,5329999.95
02087 ,0032589,L L ,0,0,0,0
02087 ,0032593,PHOT,0,0,0,0
02087 ,0032612,PHOT,0,0,0,0
02087 ,0032592,PHOT,0,0,0,0
02087 ,0032621,PHOT,0,0,0,0
02087 ,0032613,PHOT,0,0,0,0
02087 ,0032622,PHOT,0,0,0,0
02087 ,0032594,PHOT,0,0,0,0
02087 ,0032595,PHOT,0,0,0,0
02087 ,0032624,PHOT,0,0,0,0
02087 ,0032591,L L ,0,0,0,0
02087 ,0032629,L L ,0,0,0,0
02087 ,0032628,L L ,0,0,0,0
02087 ,0032626,PHOT,0,0,0,0
02087 ,0032625,PHOT,0,0,0,0
02087 ,0032611,PHOT,0,0,0,0
02087 ,0032597,PHOT,0,0,0,0
02087 ,0032596,PHOT,0,0,0,0
02087 ,0032627,PHOT,0,0,0,0
02087 ,0032590,L L ,0,0,0,0
02087 ,0032623,PHOT,0,0,0,0
02087 ,0093939,MIN ,0.19285,0,0,1928.5
02087 ,0060965,MIN ,0.201985,0,0,2019.85
02087 ,0034139,L L ,0.14920499999999998,0,0,1492.05
02087 ,0049420,L L ,0.20299999999999999,0,0,2030
02087 ,0034140,L L ,0,0,0,0
02087 ,0086322,L L ,0.23345,0,0,2334.5
02087 ,0093929,MIN ,0.20299999999999999,0,0,2030
02087 ,0093932,MIN ,0.20299999999999999,0,0,2030
02087 ,0052949,MIN ,0.20299999999999999,0,0,2030
02087 ,0093931,MIN ,0.20299999999999999,0,0,2030
02087 ,0093930,MIN ,0.20299999999999999,0,0,2030
02087 ,0053409,STTV,17.589949999999998,0,0,175899.5
02087 ,0053408,STTV,5.431265,0,0,54312.65
02087 ,0047315,XMAS,0,0,0,0
02087 ,0047316,XMAS,5.236384999999999,0,0,52363.85
02087 ,0050162,STFX,17.489465,0,0,174894.65
02087 ,0053186,WIRE,25.190269999999998,0,0,251902.7
02087 ,0053179,L L ,0.201985,0,0,2019.85
02108 ,0002936,LIT ,0,0,0,0
02108 ,0002937,LIT ,0,0,0,0
02108 ,0002938,LIT ,0,0,0,0
02108 ,0002939,LIT ,0,0,0,0
02108 ,0031289,LIT ,0,0,0,0
02108 ,0031842,LIT ,0,0,0,0
02108 ,0032059,LIT ,0,0,0,0
02108 ,0060488,LIT ,0,0,0,0
02108 ,0060901,LIT ,0,0,0,0
02108 ,0066318,LIT ,0,0,0,0
02108 ,0002959,LIT ,0,0,0,0
02108 ,0002970,LIT ,0.10961999999999998,0,0,1096.2
02108 ,0003005,LIT ,0.6364049999999999,0,0,6364.05
02108 ,0003009,LIT ,3.24597,0,0,32459.7
02108 ,0003010,LIT ,0.226345,0,0,2263.45
02108 ,0003013,LIT ,2.8125649999999998,0,0,28125.65
02108 ,0002936,LIT ,0,0,0,0
02108 ,0002937,LIT ,0,0,0,0
02108 ,0032907,LIT ,0,0,0,0
02108 ,0032908,LIT ,0,0,0,0
02108 ,0031289,LIT ,0,0,0,0
02108 ,0031842,LIT ,0,0,0,0
02108 ,0032059,LIT ,0,0,0,0
02108 ,0060488,LIT ,0,0,0,0
02108 ,0060901,LIT ,0,0,0,0
02108 ,0066318,LIT ,0,0,0,0
02108 ,0002959,LIT ,0,0,0,0
02108 ,0002970,LIT ,0.10961999999999998,0,0,1096.2
02108 ,0003005,LIT ,0.6364049999999999,0,0,6364.05
02108 ,0003009,LIT ,3.24597,0,0,32459.7
02108 ,0003010,LIT ,0.226345,0,0,2263.45
02108 ,0003013,LIT ,2.8125649999999998,0,0,28125.65
02108 ,0066967,LIT ,0,0,0,0
02108 ,0003029,NONE,13.554309999999997,0,0,135543.1
02108 ,0003030,FLRS,1.56,0,0,15600
02108 ,0003031,FLRS,7.41,0,0,74100
02108 ,0003032,FLRS,1.015,0,0,10150
02108 ,0046979,L L ,0.49937999999999994,0,0,4993.8
02108 ,0003033,L L ,0,0,0,0
02108 ,0003034,L L ,0,0,0,0
02108 ,0052284,L L ,0.7104999999999999,0,0,7105
02108 ,0003035,L L ,0,0,0,0
02108 ,0003036,L L ,0,0,0,0
02108 ,0003037,L L ,3.184055,0,0,31840.55
02108 ,0003038,L L ,0.7104999999999999,0,0,7105
02108 ,0003039,L L ,0.658735,0,0,6587.35
02108 ,0003040,L L ,1.6097899999999998,0,0,16097.9
02108 ,0003041,L L ,2.56,0,0,25600
02108 ,0003042,L L ,1.35,0,0,13500
02108 ,0003043,L L ,0.4770499999999999,0,0,4770.5
02108 ,0003044,L L ,0,0,0,0
02108 ,0003045,L L ,0,0,0,0
02108 ,0003046,L L ,0,0,0,0
02108 ,0024653,L L ,0.5724599999999999,0,0,5724.6
02108 ,0003047,L L ,0,0,0,0
02108 ,0036509,L L ,3.89151,0,0,38915.1
02108 ,0029717,L L ,0,0,0,0
02108 ,0034615,L L ,1.8665849999999997,0,0,18665.85
02108 ,0003048,L L ,0.8119999999999999,0,0,8120
02108 ,0003049,L L ,2.8531649999999997,0,0,28531.65
02108 ,0003050,L L ,2.225895,0,0,22258.95
02108 ,0003051,L L ,0,0,0,0
02108 ,0028043,L L ,0,0,0,0
02108 ,0052128,L L ,0,0,0,0
02108 ,0067256,L L ,0.532875,0,0,5328.75
02108 ,0003052,L L ,0,0,0,0
02108 ,0003055,L L ,1.5123499999999999,0,0,15123.5
02108 ,0003058,L L ,0.9175599999999999,0,0,9175.6
02108 ,0003059,L L ,0,0,0,0
02108 ,0003060,L L ,0.47907999999999995,0,0,4790.8
02108 ,0003061,L L ,1.93,0,0,19300
02108 ,0035807,L L ,2.5780999999999996,0,0,25781
02108 ,0003063,L L ,0,0,0,0
02108 ,0003065,L L ,0.43644999999999995,0,0,4364.5
02108 ,0047126,L L ,5.138945,0,0,51389.45
02108 ,0003066,L L ,0.43,0,0,4300
02108 ,0003067,L L ,0,0,0,0
02108 ,0003068,L L ,0,0,0,0
02108 ,0003069,L L ,0,0,0,0
02108 ,0003070,L L ,0,0,0,0
02108 ,0003071,L L ,0,0,0,0
02108 ,0032360,L L ,1.4372399999999999,0,0,14372.4
02108 ,0003073,L L ,2.99425,0,0,29942.5
02108 ,0003074,L L ,0,0,0,0
02108 ,0032261,L L ,0,0,0,0
02108 ,0033362,L L ,1.8117749999999997,0,0,18117.75
02108 ,0034288,L L ,2.367995,0,0,23679.95
02108 ,0032266,L L ,1.715,0,0,17150
02108 ,0057978,L L ,7.703849999999999,0,0,77038.5
02108 ,0049154,MIN ,1.4108499999999997,0,0,14108.5
02108 ,0003079,L L ,4.53096,0,0,45309.6
02108 ,0003080,L L ,0,0,0,0
02108 ,0029593,L L ,0,0,0,0
02108 ,0003081,L L ,1.6767799999999997,0,0,16767.8
02108 ,0022550,L L ,8.928955,0,0,89289.55
02108 ,0003083,L L ,3.312,0,0,33120
02108 ,0003084,L L ,2.0807499999999997,0,0,20807.5
02108 ,0022551,L L ,18.93178,0,0,189317.8
02108 ,0003086,L L ,1.2789,0,0,12789
02108 ,0003087,L L ,1.88,0,0,18800
02108 ,0003088,L L ,0,0,0,0
02108 ,0003089,L L ,2.3669799999999994,0,0,23669.8
02108 ,0003090,L L ,3.1444699999999997,0,0,31444.7
02108 ,0003096,L L ,3.3494999999999995,0,0,33495
02108 ,0003092,L L ,2.08,0,0,20800
02108 ,0003093,L L ,4.188904999999999,0,0,41889.05
02108 ,0003094,L L ,1.35,0,0,13500
02108 ,0003095,L L ,3.25,0,0,32500
02108 ,0028853,L L ,2.5882499999999995,0,0,25882.5
02108 ,0054122,L L ,1.5986249999999997,0,0,15986.25
02108 ,0003097,L L ,0,1,0,0
02108 ,0022552,L L ,1.1885649999999999,0,0,11885.65
02108 ,0003098,L L ,3.1058999999999997,0,0,31059
02108 ,0003099,L L ,1.6514049999999998,0,0,16514.05
02108 ,0003100,L L ,1.7792949999999996,0,0,17792.95
02108 ,0003101,L L ,1.8960199999999998,0,0,18960.2
02108 ,0068012,L L ,2.22894,0,0,22289.4
02108 ,0003102,L L ,0.9946999999999999,0,0,9947
02108 ,0036259,L L ,1.7051999999999998,0,0,17052
02108 ,0031394,L L ,3.045,0,0,30450
02108 ,0035017,L L ,0,0,0,0
02108 ,0022553,L L ,1.2981849999999997,0,0,12981.85
02108 ,0003104,L L ,2.02391,0,0,20239.1
02108 ,0031976,L L ,1.4372399999999999,0,0,14372.4
02108 ,0003105,L L ,0.54325,0,0,5432.5
02108 ,0003106,L L ,0.54325,0,0,5432.5
02108 ,0003107,L L ,0.82,0,0,8200
02108 ,0003109,L L ,1.4372399999999999,0,0,14372.4
02108 ,0050630,L L ,0.63945,0,0,6394.5
02108 ,0027803,L L ,2.1325149999999997,0,0,21325.15
02108 ,0003110,L L ,0,0,0,0
02108 ,0003111,L L ,1.5133649999999998,0,0,15133.65
02108 ,0003112,L L ,0,0,0,0
02108 ,0003113,L L ,1.15,0,0,11500
02108 ,0003114,L L ,3.985905,0,0,39859.05
02108 ,0003115,L L ,3.8092949999999997,0,0,38092.95
02108 ,0003116,L L ,2.1944299999999997,0,0,21944.3
02108 ,0003117,L L ,0,0,0,0
02108 ,0003119,L L ,0,0,0,0
02108 ,0003120,L L ,0,0,0,0
02108 ,0003121,L L ,8.766555,0,0,87665.55
02108 ,0003122,L L ,4.24473,0,0,42447.3
02108 ,0003123,L L ,6.125525,0,0,61255.25
02108 ,0003124,L L ,4.4254,0,0,44254
02108 ,0003125,L L ,0,0,0,0
02108 ,0003127,L L ,2.9749649999999996,0,0,29749.65
02108 ,0003128,L L ,0,0,0,0
02108 ,0003129,L L ,2.1325149999999997,0,0,21325.15
02108 ,0032500,L L ,1.11853,0,0,11185.3
02108 ,0032501,L L ,4.5421249999999995,0,0,45421.25
02108 ,0033606,L L ,0,0,0,0
02108 ,0051770,L L ,0,0,0,0
02108 ,0003131,SLVS,0,0,0,0
02108 ,0003132,SLVS,0,0,0,0
02108 ,0022556,FLRS,2.1081549999999996,0,0,21081.55
02108 ,0022557,FLRS,0,0,0,0
02108 ,0094672,BATT,870.1,0,0,8700999.91
02108 ,0094673,BATT,238,0,0,2379999.98
02108 ,0097744,BATT,572,0,0,5719999.94
02108 ,0104715,BATT,572,0,0,5719999.94
02108 ,0105032,BATT,533,0,0,5329999.95
02108 ,0032589,L L ,0,0,0,0
02108 ,0032593,PHOT,0,0,0,0
02108 ,0032612,PHOT,0,0,0,0
02108 ,0032592,PHOT,0,0,0,0
02108 ,0032621,PHOT,0,0,0,0
02108 ,0032613,PHOT,0,0,0,0
02108 ,0032622,PHOT,0,0,0,0
02108 ,0032594,PHOT,0,0,0,0
02108 ,0032595,PHOT,0,0,0,0
02108 ,0032624,PHOT,0,0,0,0
02108 ,0032591,L L ,0,0,0,0
02108 ,0032629,L L ,0,0,0,0
02108 ,0032628,L L ,0,0,0,0
02108 ,0032626,PHOT,0,0,0,0
02108 ,0032625,PHOT,0,0,0,0
02108 ,0032611,PHOT,0,0,0,0
02108 ,0032597,PHOT,0,0,0,0
02108 ,0032596,PHOT,0,0,0,0
02108 ,0032627,PHOT,0,0,0,0
02108 ,0032590,L L ,0,0,0,0
02108 ,0032623,PHOT,0,0,0,0
02108 ,0093939,MIN ,0.19285,0,0,1928.5
02108 ,0060965,MIN ,0.201985,0,0,2019.85
02108 ,0034139,L L ,0.14920499999999998,0,0,1492.05
02108 ,0049420,L L ,0.20299999999999999,0,0,2030
02108 ,0034140,L L ,0,0,0,0
02108 ,0086322,L L ,0.23345,0,0,2334.5
02108 ,0093929,MIN ,0.20299999999999999,0,0,2030
02108 ,0093932,MIN ,0.20299999999999999,0,0,2030
02108 ,0052949,MIN ,0.20299999999999999,0,0,2030
02108 ,0093931,MIN ,0.20299999999999999,0,0,2030
02108 ,0093930,MIN ,0.20299999999999999,0,0,2030
02108 ,0053409,STTV,17.589949999999998,0,0,175899.5
02108 ,0053408,STTV,5.431265,0,0,54312.65
02108 ,0047315,XMAS,0,0,0,0
02108 ,0047316,XMAS,5.236384999999999,0,0,52363.85
02108 ,0050162,STFX,17.489465,0,0,174894.65
02108 ,0053186,WIRE,25.190269999999998,0,0,251902.7
02108 ,0053179,L L ,0.201985,0,0,2019.85
02109 ,0002936,LIT ,0,0,0,0
02109 ,0002937,LIT ,0,0,0,0
02109 ,0002938,LIT ,0,0,0,0
02109 ,0002939,LIT ,0,0,0,0
02109 ,0031289,LIT ,0,0,0,0
02109 ,0031842,LIT ,0,0,0,0
02109 ,0032059,LIT ,0,0,0,0
02109 ,0060488,LIT ,0,0,0,0
02109 ,0060901,LIT ,0,0,0,0
02109 ,0066318,LIT ,0,0,0,0
02109 ,0002959,LIT ,0,0,0,0
02109 ,0002970,LIT ,0.10961999999999998,0,0,1096.2
02109 ,0003005,LIT ,0.6364049999999999,0,0,6364.05
02109 ,0003009,LIT ,3.24597,0,0,32459.7
02109 ,0003010,LIT ,0.226345,0,0,2263.45
02109 ,0003013,LIT ,2.8125649999999998,0,0,28125.65
02109 ,0002936,LIT ,0,0,0,0
02109 ,0002937,LIT ,0,0,0,0
02109 ,0032907,LIT ,0,0,0,0
02109 ,0032908,LIT ,0,0,0,0
02109 ,0031289,LIT ,0,0,0,0
02109 ,0031842,LIT ,0,0,0,0
02109 ,0032059,LIT ,0,0,0,0
02109 ,0060488,LIT ,0,0,0,0
02109 ,0060901,LIT ,0,0,0,0
02109 ,0066318,LIT ,0,0,0,0
02109 ,0002959,LIT ,0,0,0,0
02109 ,0002970,LIT ,0.10961999999999998,0,0,1096.2
02109 ,0003005,LIT ,0.6364049999999999,0,0,6364.05
02109 ,0003009,LIT ,3.24597,0,0,32459.7
02109 ,0003010,LIT ,0.226345,0,0,2263.45
02109 ,0003013,LIT ,2.8125649999999998,0,0,28125.65
02109 ,0066967,LIT ,0,0,0,0
02109 ,0003029,NONE,13.554309999999997,0,0,135543.1
02109 ,0003030,FLRS,1.56,0,0,15600
02109 ,0003031,FLRS,7.41,0,0,74100
02109 ,0003032,FLRS,1.015,0,0,10150
02109 ,0046979,L L ,0.49937999999999994,0,0,4993.8
02109 ,0003033,L L ,0,0,0,0
02109 ,0003034,L L ,0,0,0,0
02109 ,0052284,L L ,0.7104999999999999,0,0,7105
02109 ,0003035,L L ,0,0,0,0
02109 ,0003036,L L ,0,0,0,0
02109 ,0003037,L L ,3.184055,0,0,31840.55
02109 ,0003038,L L ,0.7104999999999999,0,0,7105
02109 ,0003039,L L ,0.658735,0,0,6587.35
02109 ,0003040,L L ,1.6097899999999998,0,0,16097.9
02109 ,0003041,L L ,2.56,0,0,25600
02109 ,0003042,L L ,1.35,0,0,13500
02109 ,0003043,L L ,0.4770499999999999,0,0,4770.5
02109 ,0003044,L L ,0,0,0,0
02109 ,0003045,L L ,0,0,0,0
02109 ,0003046,L L ,0,0,0,0
02109 ,0024653,L L ,0.5724599999999999,0,0,5724.6
02109 ,0003047,L L ,0,0,0,0
02109 ,0036509,L L ,3.89151,0,0,38915.1
02109 ,0029717,L L ,0,0,0,0
02109 ,0034615,L L ,1.8665849999999997,0,0,18665.85
02109 ,0003048,L L ,0.8119999999999999,0,0,8120
02109 ,0003049,L L ,2.8531649999999997,0,0,28531.65
02109 ,0003050,L L ,2.225895,0,0,22258.95
02109 ,0003051,L L ,0,0,0,0
02109 ,0028043,L L ,0,0,0,0
02109 ,0052128,L L ,0,0,0,0
02109 ,0067256,L L ,0.532875,0,0,5328.75
02109 ,0003052,L L ,0,0,0,0
02109 ,0003055,L L ,1.5123499999999999,0,0,15123.5
02109 ,0003058,L L ,0.9175599999999999,0,0,9175.6
02109 ,0003059,L L ,0,0,0,0
02109 ,0003060,L L ,0.47907999999999995,0,0,4790.8
02109 ,0003061,L L ,1.93,0,0,19300
02109 ,0035807,L L ,2.5780999999999996,0,0,25781
02109 ,0003063,L L ,0,0,0,0
02109 ,0003065,L L ,0.43644999999999995,0,0,4364.5
02109 ,0047126,L L ,5.138945,0,0,51389.45
02109 ,0003066,L L ,0.43,0,0,4300
02109 ,0003067,L L ,0,0,0,0
02109 ,0003068,L L ,0,0,0,0
02109 ,0003069,L L ,0,0,0,0
02109 ,0003070,L L ,0,0,0,0
02109 ,0003071,L L ,0,0,0,0
02109 ,0032360,L L ,1.4372399999999999,0,0,14372.4
02109 ,0003073,L L ,2.99425,0,0,29942.5
02109 ,0003074,L L ,0,0,0,0
02109 ,0032261,L L ,0,0,0,0
02109 ,0033362,L L ,1.8117749999999997,0,0,18117.75
02109 ,0034288,L L ,2.367995,0,0,23679.95
02109 ,0032266,L L ,1.715,0,0,17150
02109 ,0057978,L L ,7.703849999999999,0,0,77038.5
02109 ,0049154,MIN ,1.4108499999999997,0,0,14108.5
02109 ,0003079,L L ,4.53096,0,0,45309.6
02109 ,0003080,L L ,0,0,0,0
02109 ,0029593,L L ,0,0,0,0
02109 ,0003081,L L ,1.6767799999999997,0,0,16767.8
02109 ,0022550,L L ,8.928955,0,0,89289.55
02109 ,0003083,L L ,3.312,0,0,33120
02109 ,0003084,L L ,2.0807499999999997,0,0,20807.5
02109 ,0022551,L L ,18.93178,0,0,189317.8
02109 ,0003086,L L ,1.2789,0,0,12789
02109 ,0003087,L L ,1.88,0,0,18800
02109 ,0003088,L L ,0,0,0,0
02109 ,0003089,L L ,2.3669799999999994,0,0,23669.8
02109 ,0003090,L L ,3.1444699999999997,0,0,31444.7
02109 ,0003096,L L ,3.3494999999999995,0,0,33495
02109 ,0003092,L L ,2.08,0,0,20800
02109 ,0003093,L L ,4.188904999999999,0,0,41889.05
02109 ,0003094,L L ,1.35,0,0,13500
02109 ,0003095,L L ,3.25,0,0,32500
02109 ,0028853,L L ,2.5882499999999995,0,0,25882.5
02109 ,0054122,L L ,1.5986249999999997,0,0,15986.25
02109 ,0003097,L L ,0,1,0,0
02109 ,0022552,L L ,1.1885649999999999,0,0,11885.65
02109 ,0003098,L L ,3.1058999999999997,0,0,31059
02109 ,0003099,L L ,1.6514049999999998,0,0,16514.05
02109 ,0003100,L L ,1.7792949999999996,0,0,17792.95
02109 ,0003101,L L ,1.8960199999999998,0,0,18960.2
02109 ,0068012,L L ,2.22894,0,0,22289.4
02109 ,0003102,L L ,0.9946999999999999,0,0,9947
02109 ,0036259,L L ,1.7051999999999998,0,0,17052
02109 ,0031394,L L ,3.045,0,0,30450
02109 ,0035017,L L ,0,0,0,0
02109 ,0022553,L L ,1.2981849999999997,0,0,12981.85
02109 ,0003104,L L ,2.02391,0,0,20239.1
02109 ,0031976,L L ,1.4372399999999999,0,0,14372.4
02109 ,0003105,L L ,0.54325,0,0,5432.5
02109 ,0003106,L L ,0.54325,0,0,5432.5
02109 ,0003107,L L ,0.82,0,0,8200
02109 ,0003109,L L ,1.4372399999999999,0,0,14372.4
02109 ,0050630,L L ,0.63945,0,0,6394.5
02109 ,0027803,L L ,2.1325149999999997,0,0,21325.15
02109 ,0003110,L L ,0,0,0,0
02109 ,0003111,L L ,1.5133649999999998,0,0,15133.65
02109 ,0003112,L L ,0,0,0,0
02109 ,0003113,L L ,1.15,0,0,11500
02109 ,0003114,L L ,3.985905,0,0,39859.05
02109 ,0003115,L L ,3.8092949999999997,0,0,38092.95
02109 ,0003116,L L ,2.1944299999999997,0,0,21944.3
02109 ,0003117,L L ,0,0,0,0
02109 ,0003119,L L ,0,0,0,0
02109 ,0003120,L L ,0,0,0,0
02109 ,0003121,L L ,8.766555,0,0,87665.55
02109 ,0003122,L L ,4.24473,0,0,42447.3
02109 ,0003123,L L ,6.125525,0,0,61255.25
02109 ,0003124,L L ,4.4254,0,0,44254
02109 ,0003125,L L ,0,0,0,0
02109 ,0003127,L L ,2.9749649999999996,0,0,29749.65
02109 ,0003128,L L ,0,0,0,0
02109 ,0003129,L L ,2.1325149999999997,0,0,21325.15
02109 ,0032500,L L ,1.11853,0,0,11185.3
02109 ,0032501,L L ,4.5421249999999995,0,0,45421.25
02109 ,0033606,L L ,0,0,0,0
02109 ,0051770,L L ,0,0,0,0
02109 ,0003131,SLVS,0,0,0,0
02109 ,0003132,SLVS,0,0,0,0
02109 ,0022556,FLRS,2.1081549999999996,0,0,21081.55
02109 ,0022557,FLRS,0,0,0,0
02109 ,0094672,BATT,870.1,0,0,8700999.91
02109 ,0094673,BATT,238,0,0,2379999.98
02109 ,0097744,BATT,572,0,0,5719999.94
02109 ,0104715,BATT,572,0,0,5719999.94
02109 ,0105032,BATT,533,0,0,5329999.95
02109 ,0032589,L L ,0,0,0,0
02109 ,0032593,PHOT,0,0,0,0
02109 ,0032612,PHOT,0,0,0,0
02109 ,0032592,PHOT,0,0,0,0
02109 ,0032621,PHOT,0,0,0,0
02109 ,0032613,PHOT,0,0,0,0
02109 ,0032622,PHOT,0,0,0,0
02109 ,0032594,PHOT,0,0,0,0
02109 ,0032595,PHOT,0,0,0,0
02109 ,0032624,PHOT,0,0,0,0
02109 ,0032591,L L ,0,0,0,0
02109 ,0032629,L L ,0,0,0,0
02109 ,0032628,L L ,0,0,0,0
02109 ,0032626,PHOT,0,0,0,0
02109 ,0032625,PHOT,0,0,0,0
02109 ,0032611,PHOT,0,0,0,0
02109 ,0032597,PHOT,0,0,0,0
02109 ,0032596,PHOT,0,0,0,0
02109 ,0032627,PHOT,0,0,0,0
02109 ,0032590,L L ,0,0,0,0
02109 ,0032623,PHOT,0,0,0,0
02109 ,0093939,MIN ,0.19285,0,0,1928.5
02109 ,0060965,MIN ,0.201985,0,0,2019.85
02109 ,0034139,L L ,0.14920499999999998,0,0,1492.05
02109 ,0049420,L L ,0.20299999999999999,0,0,2030
02109 ,0034140,L L ,0,0,0,0
02109 ,0086322,L L ,0.23345,0,0,2334.5
02109 ,0093929,MIN ,0.20299999999999999,0,0,2030
02109 ,0093932,MIN ,0.20299999999999999,0,0,2030
02109 ,0052949,MIN ,0.20299999999999999,0,0,2030
02109 ,0093931,MIN ,0.20299999999999999,0,0,2030
02109 ,0093930,MIN ,0.20299999999999999,0,0,2030
02109 ,0053409,STTV,17.589949999999998,0,0,175899.5
02109 ,0053408,STTV,5.431265,0,0,54312.65
02109 ,0047315,XMAS,0,0,0,0
02109 ,0047316,XMAS,5.236384999999999,0,0,52363.85
02109 ,0050162,STFX,17.489465,0,0,174894.65
02109 ,0053186,WIRE,25.190269999999998,0,0,251902.7
02109 ,0053179,L L ,0.201985,0,0,2019.85
02135 ,0002936,LIT ,0,0,0,0
02135 ,0002937,LIT ,0,0,0,0
02135 ,0002938,LIT ,0,0,0,0
02135 ,0002939,LIT ,0,0,0,0
02135 ,0031289,LIT ,0,0,0,0
02135 ,0031842,LIT ,0,0,0,0
02135 ,0032059,LIT ,0,0,0,0
02135 ,0060488,LIT ,0,0,0,0
02135 ,0060901,LIT ,0,0,0,0
02135 ,0066318,LIT ,0,0,0,0
02135 ,0002959,LIT ,0,0,0,0
02135 ,0002970,LIT ,0.10961999999999998,0,0,1096.2
02135 ,0003005,LIT ,0.6364049999999999,0,0,6364.05
02135 ,0003009,LIT ,3.24597,0,0,32459.7
02135 ,0003010,LIT ,0.226345,0,0,2263.45
02135 ,0003013,LIT ,2.8125649999999998,0,0,28125.65
02135 ,0002936,LIT ,0,0,0,0
02135 ,0002937,LIT ,0,0,0,0
02135 ,0032907,LIT ,0,0,0,0
02135 ,0032908,LIT ,0,0,0,0
02135 ,0031289,LIT ,0,0,0,0
02135 ,0031842,LIT ,0,0,0,0
02135 ,0032059,LIT ,0,0,0,0
02135 ,0060488,LIT ,0,0,0,0
02135 ,0060901,LIT ,0,0,0,0
02135 ,0066318,LIT ,0,0,0,0
02135 ,0002959,LIT ,0,0,0,0
02135 ,0002970,LIT ,0.10961999999999998,0,0,1096.2
02135 ,0003005,LIT ,0.6364049999999999,0,0,6364.05
02135 ,0003009,LIT ,3.24597,0,0,32459.7
02135 ,0003010,LIT ,0.226345,0,0,2263.45
02135 ,0003013,LIT ,2.8125649999999998,0,0,28125.65
02135 ,0066967,LIT ,0,0,0,0
02135 ,0003029,NONE,13.554309999999997,0,0,135543.1
02135 ,0003030,FLRS,1.56,0,0,15600
02135 ,0003031,FLRS,7.41,0,0,74100
02135 ,0003032,FLRS,1.015,0,0,10150
02135 ,0046979,L L ,0.49937999999999994,0,0,4993.8
02135 ,0003033,L L ,0,0,0,0
02135 ,0003034,L L ,0,0,0,0
02135 ,0052284,L L ,0.7104999999999999,0,0,7105
02135 ,0003035,L L ,0,0,0,0
02135 ,0003036,L L ,0,0,0,0
02135 ,0003037,L L ,3.184055,0,0,31840.55
02135 ,0003038,L L ,0.7104999999999999,0,0,7105
02135 ,0003039,L L ,0.658735,0,0,6587.35
02135 ,0003040,L L ,1.6097899999999998,0,0,16097.9
02135 ,0003041,L L ,2.56,0,0,25600
02135 ,0003042,L L ,1.35,0,0,13500
02135 ,0003043,L L ,0.4770499999999999,0,0,4770.5
02135 ,0003044,L L ,0,0,0,0
02135 ,0003045,L L ,0,0,0,0
02135 ,0003046,L L ,0,0,0,0
02135 ,0024653,L L ,0.5724599999999999,0,0,5724.6
02135 ,0003047,L L ,0,0,0,0
02135 ,0036509,L L ,3.89151,0,0,38915.1
02135 ,0029717,L L ,0,0,0,0
02135 ,0034615,L L ,1.8665849999999997,0,0,18665.85
02135 ,0003048,L L ,0.8119999999999999,0,0,8120
02135 ,0003049,L L ,2.8531649999999997,0,0,28531.65
02135 ,0003050,L L ,2.225895,0,0,22258.95
02135 ,0003051,L L ,0,0,0,0
02135 ,0028043,L L ,0,0,0,0
02135 ,0052128,L L ,0,0,0,0
02135 ,0067256,L L ,0.532875,0,0,5328.75
02135 ,0003052,L L ,0,0,0,0
02135 ,0003055,L L ,1.5123499999999999,0,0,15123.5
02135 ,0003058,L L ,0.9175599999999999,0,0,9175.6
02135 ,0003059,L L ,0,0,0,0
02135 ,0003060,L L ,0.47907999999999995,0,0,4790.8
02135 ,0003061,L L ,1.93,0,0,19300
02135 ,0035807,L L ,2.5780999999999996,0,0,25781
02135 ,0003063,L L ,0,0,0,0
02135 ,0003065,L L ,0.43644999999999995,0,0,4364.5
02135 ,0047126,L L ,5.138945,0,0,51389.45
02135 ,0003066,L L ,0.43,0,0,4300
02135 ,0003067,L L ,0,0,0,0
02135 ,0003068,L L ,0,0,0,0
02135 ,0003069,L L ,0,0,0,0
02135 ,0003070,L L ,0,0,0,0
02135 ,0003071,L L ,0,0,0,0
02135 ,0032360,L L ,1.4372399999999999,0,0,14372.4
02135 ,0003073,L L ,2.99425,0,0,29942.5
02135 ,0003074,L L ,0,0,0,0
02135 ,0032261,L L ,0,0,0,0
02135 ,0033362,L L ,1.8117749999999997,0,0,18117.75
02135 ,0034288,L L ,2.367995,0,0,23679.95
02135 ,0032266,L L ,1.715,0,0,17150
02135 ,0057978,L L ,7.703849999999999,0,0,77038.5
02135 ,0049154,MIN ,1.4108499999999997,0,0,14108.5
02135 ,0003079,L L ,4.53096,0,0,45309.6
02135 ,0003080,L L ,0,0,0,0
02135 ,0029593,L L ,0,0,0,0
02135 ,0003081,L L ,1.6767799999999997,0,0,16767.8
02135 ,0022550,L L ,8.928955,0,0,89289.55
02135 ,0003083,L L ,3.312,0,0,33120
02135 ,0003084,L L ,2.0807499999999997,0,0,20807.5
02135 ,0022551,L L ,18.93178,0,0,189317.8
02135 ,0003086,L L ,1.2789,0,0,12789
02135 ,0003087,L L ,1.88,0,0,18800
02135 ,0003088,L L ,0,0,0,0
02135 ,0003089,L L ,2.3669799999999994,0,0,23669.8
02135 ,0003090,L L ,3.1444699999999997,0,0,31444.7
02135 ,0003096,L L ,3.3494999999999995,0,0,33495
02135 ,0003092,L L ,2.08,0,0,20800
02135 ,0003093,L L ,4.188904999999999,0,0,41889.05
02135 ,0003094,L L ,1.35,0,0,13500
02135 ,0003095,L L ,3.25,0,0,32500
02135 ,0028853,L L ,2.5882499999999995,0,0,25882.5
02135 ,0054122,L L ,1.5986249999999997,0,0,15986.25
02135 ,0003097,L L ,0,1,0,0
02135 ,0022552,L L ,1.1885649999999999,0,0,11885.65
02135 ,0003098,L L ,3.1058999999999997,0,0,31059
02135 ,0003099,L L ,1.6514049999999998,0,0,16514.05
02135 ,0003100,L L ,1.7792949999999996,0,0,17792.95
02135 ,0003101,L L ,1.8960199999999998,0,0,18960.2
02135 ,0068012,L L ,2.22894,0,0,22289.4
02135 ,0003102,L L ,0.9946999999999999,0,0,9947
02135 ,0036259,L L ,1.7051999999999998,0,0,17052
02135 ,0031394,L L ,3.045,0,0,30450
02135 ,0035017,L L ,0,0,0,0
02135 ,0022553,L L ,1.2981849999999997,0,0,12981.85
02135 ,0003104,L L ,2.02391,0,0,20239.1
02135 ,0031976,L L ,1.4372399999999999,0,0,14372.4
02135 ,0003105,L L ,0.54325,0,0,5432.5
02135 ,0003106,L L ,0.54325,0,0,5432.5
02135 ,0003107,L L ,0.82,0,0,8200
02135 ,0003109,L L ,1.4372399999999999,0,0,14372.4
02135 ,0050630,L L ,0.63945,0,0,6394.5
02135 ,0027803,L L ,2.1325149999999997,0,0,21325.15
02135 ,0003110,L L ,0,0,0,0
02135 ,0003111,L L ,1.5133649999999998,0,0,15133.65
02135 ,0003112,L L ,0,0,0,0
02135 ,0003113,L L ,1.15,0,0,11500
02135 ,0003114,L L ,3.985905,0,0,39859.05
02135 ,0003115,L L ,3.8092949999999997,0,0,38092.95
02135 ,0003116,L L ,2.1944299999999997,0,0,21944.3
02135 ,0003117,L L ,0,0,0,0
02135 ,0003119,L L ,0,0,0,0
02135 ,0003120,L L ,0,0,0,0
02135 ,0003121,L L ,8.766555,0,0,87665.55
02135 ,0003122,L L ,4.24473,0,0,42447.3
02135 ,0003123,L L ,6.125525,0,0,61255.25
02135 ,0003124,L L ,4.4254,0,0,44254
02135 ,0003125,L L ,0,0,0,0
02135 ,0003127,L L ,2.9749649999999996,0,0,29749.65
02135 ,0003128,L L ,0,0,0,0
02135 ,0003129,L L ,2.1325149999999997,0,0,21325.15
02135 ,0032500,L L ,1.11853,0,0,11185.3
02135 ,0032501,L L ,4.5421249999999995,0,0,45421.25
02135 ,0033606,L L ,0,0,0,0
02135 ,0051770,L L ,0,0,0,0
02135 ,0003131,SLVS,0,0,0,0
02135 ,0003132,SLVS,0,0,0,0
02135 ,0022556,FLRS,2.1081549999999996,0,0,21081.55
02135 ,0022557,FLRS,0,0,0,0
02135 ,0094672,BATT,870.1,0,0,8700999.91
02135 ,0094673,BATT,238,0,0,2379999.98
02135 ,0097744,BATT,572,0,0,5719999.94
02135 ,0104715,BATT,572,0,0,5719999.94
02135 ,0105032,BATT,533,0,0,5329999.95
02135 ,0032589,L L ,0,0,0,0
02135 ,0032593,PHOT,0,0,0,0
02135 ,0032612,PHOT,0,0,0,0
02135 ,0032592,PHOT,0,0,0,0
02135 ,0032621,PHOT,0,0,0,0
02135 ,0032613,PHOT,0,0,0,0
02135 ,0032622,PHOT,0,0,0,0
02135 ,0032594,PHOT,0,0,0,0
02135 ,0032595,PHOT,0,0,0,0
02135 ,0032624,PHOT,0,0,0,0
02135 ,0032591,L L ,0,0,0,0
02135 ,0032629,L L ,0,0,0,0
02135 ,0032628,L L ,0,0,0,0
02135 ,0032626,PHOT,0,0,0,0
02135 ,0032625,PHOT,0,0,0,0
02135 ,0032611,PHOT,0,0,0,0
02135 ,0032597,PHOT,0,0,0,0
02135 ,0032596,PHOT,0,0,0,0
02135 ,0032627,PHOT,0,0,0,0
02135 ,0032590,L L ,0,0,0,0
02135 ,0032623,PHOT,0,0,0,0
02135 ,0093939,MIN ,0.19285,0,0,1928.5
02135 ,0060965,MIN ,0.201985,0,0,2019.85
02135 ,0034139,L L ,0.14920499999999998,0,0,1492.05
02135 ,0049420,L L ,0.20299999999999999,0,0,2030
02135 ,0034140,L L ,0,0,0,0
02135 ,0086322,L L ,0.23345,0,0,2334.5
02135 ,0093929,MIN ,0.20299999999999999,0,0,2030
02135 ,0093932,MIN ,0.20299999999999999,0,0,2030
02135 ,0052949,MIN ,0.20299999999999999,0,0,2030
02135 ,0093931,MIN ,0.20299999999999999,0,0,2030
02135 ,0093930,MIN ,0.20299999999999999,0,0,2030
02135 ,0053409,STTV,17.589949999999998,0,0,175899.5
02135 ,0053408,STTV,5.431265,0,0,54312.65
02135 ,0047315,XMAS,0,0,0,0
02135 ,0047316,XMAS,5.236384999999999,0,0,52363.85
02135 ,0050162,STFX,17.489465,0,0,174894.65
02135 ,0053186,WIRE,25.190269999999998,0,0,251902.7
02135 ,0053179,L L ,0.201985,0,0,2019.85
02204 ,0002936,LIT ,0,0,0,0
02204 ,0002937,LIT ,0,0,0,0
02204 ,0002938,LIT ,0,0,0,0
02204 ,0002939,LIT ,0,0,0,0
02204 ,0031289,LIT ,0,0,0,0
02204 ,0031842,LIT ,0,0,0,0
02204 ,0032059,LIT ,0,0,0,0
02204 ,0060488,LIT ,0,0,0,0
02204 ,0060901,LIT ,0,0,0,0
02204 ,0066318,LIT ,0,0,0,0
02204 ,0002959,LIT ,0,0,0,0
02204 ,0002970,LIT ,0.10961999999999998,0,0,1096.2
02204 ,0003005,LIT ,0.6364049999999999,0,0,6364.05
02204 ,0003009,LIT ,3.24597,0,0,32459.7
02204 ,0003010,LIT ,0.226345,0,0,2263.45
02204 ,0003013,LIT ,2.8125649999999998,0,0,28125.65
02204 ,0002936,LIT ,0,0,0,0
02204 ,0002937,LIT ,0,0,0,0
02204 ,0032907,LIT ,0,0,0,0
02204 ,0032908,LIT ,0,0,0,0
02204 ,0031289,LIT ,0,0,0,0
02204 ,0031842,LIT ,0,0,0,0
02204 ,0032059,LIT ,0,0,0,0
02204 ,0060488,LIT ,0,0,0,0
02204 ,0060901,LIT ,0,0,0,0
02204 ,0066318,LIT ,0,0,0,0
02204 ,0002959,LIT ,0,0,0,0
02204 ,0002970,LIT ,0.10961999999999998,0,0,1096.2
02204 ,0003005,LIT ,0.6364049999999999,0,0,6364.05
02204 ,0003009,LIT ,3.24597,0,0,32459.7
02204 ,0003010,LIT ,0.226345,0,0,2263.45
02204 ,0003013,LIT ,2.8125649999999998,0,0,28125.65
02204 ,0066967,LIT ,0,0,0,0
02204 ,0003029,NONE,13.554309999999997,0,0,135543.1
02204 ,0003030,FLRS,1.56,0,0,15600
02204 ,0003031,FLRS,7.41,0,0,74100
02204 ,0003032,FLRS,1.015,0,0,10150
02204 ,0046979,L L ,0.49937999999999994,0,0,4993.8
02204 ,0003033,L L ,0,0,0,0
02204 ,0003034,L L ,0,0,0,0
02204 ,0052284,L L ,0.7104999999999999,0,0,7105
02204 ,0003035,L L ,0,0,0,0
02204 ,0003036,L L ,0,0,0,0
02204 ,0003037,L L ,3.184055,0,0,31840.55
02204 ,0003038,L L ,0.7104999999999999,0,0,7105
02204 ,0003039,L L ,0.658735,0,0,6587.35
02204 ,0003040,L L ,1.6097899999999998,0,0,16097.9
02204 ,0003041,L L ,2.56,0,0,25600
02204 ,0003042,L L ,1.35,0,0,13500
02204 ,0003043,L L ,0.4770499999999999,0,0,4770.5
02204 ,0003044,L L ,0,0,0,0
02204 ,0003045,L L ,0,0,0,0
02204 ,0003046,L L ,0,0,0,0
02204 ,0024653,L L ,0.5724599999999999,0,0,5724.6
02204 ,0003047,L L ,0,0,0,0
02204 ,0036509,L L ,3.89151,0,0,38915.1
02204 ,0029717,L L ,0,0,0,0
02204 ,0034615,L L ,1.8665849999999997,0,0,18665.85
02204 ,0003048,L L ,0.8119999999999999,0,0,8120
02204 ,0003049,L L ,2.8531649999999997,0,0,28531.65
02204 ,0003050,L L ,2.225895,0,0,22258.95
02204 ,0003051,L L ,0,0,0,0
02204 ,0028043,L L ,0,0,0,0
02204 ,0052128,L L ,0,0,0,0
02204 ,0067256,L L ,0.532875,0,0,5328.75
02204 ,0003052,L L ,0,0,0,0
02204 ,0003055,L L ,1.5123499999999999,0,0,15123.5
02204 ,0003058,L L ,0.9175599999999999,0,0,9175.6
02204 ,0003059,L L ,0,0,0,0
02204 ,0003060,L L ,0.47907999999999995,0,0,4790.8
02204 ,0003061,L L ,1.93,0,0,19300
02204 ,0035807,L L ,2.5780999999999996,0,0,25781
02204 ,0003063,L L ,0,0,0,0
02204 ,0003065,L L ,0.43644999999999995,0,0,4364.5
02204 ,0047126,L L ,5.138945,0,0,51389.45
02204 ,0003066,L L ,0.43,0,0,4300
02204 ,0003067,L L ,0,0,0,0
02204 ,0003068,L L ,0,0,0,0
02204 ,0003069,L L ,0,0,0,0
02204 ,0003070,L L ,0,0,0,0
02204 ,0003071,L L ,0,0,0,0
02204 ,0032360,L L ,1.4372399999999999,0,0,14372.4
02204 ,0003073,L L ,2.99425,0,0,29942.5
02204 ,0003074,L L ,0,0,0,0
02204 ,0032261,L L ,0,0,0,0
02204 ,0033362,L L ,1.8117749999999997,0,0,18117.75
02204 ,0034288,L L ,2.367995,0,0,23679.95
02204 ,0032266,L L ,1.715,0,0,17150
02204 ,0057978,L L ,7.703849999999999,0,0,77038.5
02204 ,0049154,MIN ,1.4108499999999997,0,0,14108.5
02204 ,0003079,L L ,4.53096,0,0,45309.6
02204 ,0003080,L L ,0,0,0,0
02204 ,0029593,L L ,0,0,0,0
02204 ,0003081,L L ,1.6767799999999997,0,0,16767.8
02204 ,0022550,L L ,8.928955,0,0,89289.55
02204 ,0003083,L L ,3.312,0,0,33120
02204 ,0003084,L L ,2.0807499999999997,0,0,20807.5
02204 ,0022551,L L ,18.93178,0,0,189317.8
02204 ,0003086,L L ,1.2789,0,0,12789
02204 ,0003087,L L ,1.88,0,0,18800
02204 ,0003088,L L ,0,0,0,0
02204 ,0003089,L L ,2.3669799999999994,0,0,23669.8
02204 ,0003090,L L ,3.1444699999999997,0,0,31444.7
02204 ,0003096,L L ,3.3494999999999995,0,0,33495
02204 ,0003092,L L ,2.08,0,0,20800
02204 ,0003093,L L ,4.188904999999999,0,0,41889.05
02204 ,0003094,L L ,1.35,0,0,13500
02204 ,0003095,L L ,3.25,0,0,32500
02204 ,0028853,L L ,2.5882499999999995,0,0,25882.5
02204 ,0054122,L L ,1.5986249999999997,0,0,15986.25
02204 ,0003097,L L ,0,1,0,0
02204 ,0022552,L L ,1.1885649999999999,0,0,11885.65
02204 ,0003098,L L ,3.1058999999999997,0,0,31059
02204 ,0003099,L L ,1.6514049999999998,0,0,16514.05
02204 ,0003100,L L ,1.7792949999999996,0,0,17792.95
02204 ,0003101,L L ,1.8960199999999998,0,0,18960.2
02204 ,0068012,L L ,2.22894,0,0,22289.4
02204 ,0003102,L L ,0.9946999999999999,0,0,9947
02204 ,0036259,L L ,1.7051999999999998,0,0,17052
02204 ,0031394,L L ,3.045,0,0,30450
02204 ,0035017,L L ,0,0,0,0
02204 ,0022553,L L ,1.2981849999999997,0,0,12981.85
02204 ,0003104,L L ,2.02391,0,0,20239.1
02204 ,0031976,L L ,1.4372399999999999,0,0,14372.4
02204 ,0003105,L L ,0.54325,0,0,5432.5
02204 ,0003106,L L ,0.54325,0,0,5432.5
02204 ,0003107,L L ,0.82,0,0,8200
02204 ,0003109,L L ,1.4372399999999999,0,0,14372.4
02204 ,0050630,L L ,0.63945,0,0,6394.5
02204 ,0027803,L L ,2.1325149999999997,0,0,21325.15
02204 ,0003110,L L ,0,0,0,0
02204 ,0003111,L L ,1.5133649999999998,0,0,15133.65
02204 ,0003112,L L ,0,0,0,0
02204 ,0003113,L L ,1.15,0,0,11500
02204 ,0003114,L L ,3.985905,0,0,39859.05
02204 ,0003115,L L ,3.8092949999999997,0,0,38092.95
02204 ,0003116,L L ,2.1944299999999997,0,0,21944.3
02204 ,0003117,L L ,0,0,0,0
02204 ,0003119,L L ,0,0,0,0
02204 ,0003120,L L ,0,0,0,0
02204 ,0003121,L L ,8.766555,0,0,87665.55
02204 ,0003122,L L ,4.24473,0,0,42447.3
02204 ,0003123,L L ,6.125525,0,0,61255.25
02204 ,0003124,L L ,4.4254,0,0,44254
02204 ,0003125,L L ,0,0,0,0
02204 ,0003127,L L ,2.9749649999999996,0,0,29749.65
02204 ,0003128,L L ,0,0,0,0
02204 ,0003129,L L ,2.1325149999999997,0,0,21325.15
02204 ,0032500,L L ,1.11853,0,0,11185.3
02204 ,0032501,L L ,4.5421249999999995,0,0,45421.25
02204 ,0033606,L L ,0,0,0,0
02204 ,0051770,L L ,0,0,0,0
02204 ,0003131,SLVS,0,0,0,0
02204 ,0003132,SLVS,0,0,0,0
02204 ,0022556,FLRS,2.1081549999999996,0,0,21081.55
02204 ,0022557,FLRS,0,0,0,0
02204 ,0094672,BATT,870.1,0,0,8700999.91
02204 ,0094673,BATT,238,0,0,2379999.98
02204 ,0097744,BATT,572,0,0,5719999.94
02204 ,0104715,BATT,572,0,0,5719999.94
02204 ,0105032,BATT,533,0,0,5329999.95
02204 ,0032589,L L ,0,0,0,0
02204 ,0032593,PHOT,0,0,0,0
02204 ,0032612,PHOT,0,0,0,0
02204 ,0032592,PHOT,0,0,0,0
02204 ,0032621,PHOT,0,0,0,0
02204 ,0032613,PHOT,0,0,0,0
02204 ,0032622,PHOT,0,0,0,0
02204 ,0032594,PHOT,0,0,0,0
02204 ,0032595,PHOT,0,0,0,0
02204 ,0032624,PHOT,0,0,0,0
02204 ,0032591,L L ,0,0,0,0
02204 ,0032629,L L ,0,0,0,0
02204 ,0032628,L L ,0,0,0,0
02204 ,0032626,PHOT,0,0,0,0
02204 ,0032625,PHOT,0,0,0,0
02204 ,0032611,PHOT,0,0,0,0
02204 ,0032597,PHOT,0,0,0,0
02204 ,0032596,PHOT,0,0,0,0
02204 ,0032627,PHOT,0,0,0,0
02204 ,0032590,L L ,0,0,0,0
02204 ,0032623,PHOT,0,0,0,0
02204 ,0093939,MIN ,0.19285,0,0,1928.5
02204 ,0060965,MIN ,0.201985,0,0,2019.85
02204 ,0034139,L L ,0.14920499999999998,0,0,1492.05
02204 ,0049420,L L ,0.20299999999999999,0,0,2030
02204 ,0034140,L L ,0,0,0,0
02204 ,0086322,L L ,0.23345,0,0,2334.5
02204 ,0093929,MIN ,0.20299999999999999,0,0,2030
02204 ,0093932,MIN ,0.20299999999999999,0,0,2030
02204 ,0052949,MIN ,0.20299999999999999,0,0,2030
02204 ,0093931,MIN ,0.20299999999999999,0,0,2030
02204 ,0093930,MIN ,0.20299999999999999,0,0,2030
02204 ,0053409,STTV,17.589949999999998,0,0,175899.5
02204 ,0053408,STTV,5.431265,0,0,54312.65
02204 ,0047315,XMAS,0,0,0,0
02204 ,0047316,XMAS,5.236384999999999,0,0,52363.85
02204 ,0050162,STFX,17.489465,0,0,174894.65
02204 ,0053186,WIRE,25.190269999999998,0,0,251902.7
02204 ,0053179,L L ,0.201985,0,0,2019.85
02213 ,0002936,LIT ,0,0,0,0
02213 ,0002937,LIT ,0,0,0,0
02213 ,0002938,LIT ,0,0,0,0
02213 ,0002939,LIT ,0,0,0,0
02213 ,0031289,LIT ,0,0,0,0
02213 ,0031842,LIT ,0,0,0,0
02213 ,0032059,LIT ,0,0,0,0
02213 ,0060488,LIT ,0,0,0,0
02213 ,0060901,LIT ,0,0,0,0
02213 ,0066318,LIT ,0,0,0,0
02213 ,0002959,LIT ,0,0,0,0
02213 ,0002970,LIT ,0.10961999999999998,0,0,1096.2
02213 ,0003005,LIT ,0.6364049999999999,0,0,6364.05
02213 ,0003009,LIT ,3.24597,0,0,32459.7
02213 ,0003010,LIT ,0.226345,0,0,2263.45
02213 ,0003013,LIT ,2.8125649999999998,0,0,28125.65
02213 ,0002936,LIT ,0,0,0,0
02213 ,0002937,LIT ,0,0,0,0
02213 ,0032907,LIT ,0,0,0,0
02213 ,0032908,LIT ,0,0,0,0
02213 ,0031289,LIT ,0,0,0,0
02213 ,0031842,LIT ,0,0,0,0
02213 ,0032059,LIT ,0,0,0,0
02213 ,0060488,LIT ,0,0,0,0
02213 ,0060901,LIT ,0,0,0,0
02213 ,0066318,LIT ,0,0,0,0
02213 ,0002959,LIT ,0,0,0,0
02213 ,0002970,LIT ,0.10961999999999998,0,0,1096.2
02213 ,0003005,LIT ,0.6364049999999999,0,0,6364.05
02213 ,0003009,LIT ,3.24597,0,0,32459.7
02213 ,0003010,LIT ,0.226345,0,0,2263.45
02213 ,0003013,LIT ,2.8125649999999998,0,0,28125.65
02213 ,0066967,LIT ,0,0,0,0
02213 ,0003029,NONE,13.554309999999997,0,0,135543.1
02213 ,0003030,FLRS,1.56,0,0,15600
02213 ,0003031,FLRS,7.41,0,0,74100
02213 ,0003032,FLRS,1.015,0,0,10150
02213 ,0046979,L L ,0.49937999999999994,0,0,4993.8
02213 ,0003033,L L ,0,0,0,0
02213 ,0003034,L L ,0,0,0,0
02213 ,0052284,L L ,0.7104999999999999,0,0,7105
02213 ,0003035,L L ,0,0,0,0
02213 ,0003036,L L ,0,0,0,0
02213 ,0003037,L L ,3.184055,0,0,31840.55
02213 ,0003038,L L ,0.7104999999999999,0,0,7105
02213 ,0003039,L L ,0.658735,0,0,6587.35
02213 ,0003040,L L ,1.6097899999999998,0,0,16097.9
02213 ,0003041,L L ,2.56,0,0,25600
02213 ,0003042,L L ,1.35,0,0,13500
02213 ,0003043,L L ,0.4770499999999999,0,0,4770.5
02213 ,0003044,L L ,0,0,0,0
02213 ,0003045,L L ,0,0,0,0
02213 ,0003046,L L ,0,0,0,0
02213 ,0024653,L L ,0.5724599999999999,0,0,5724.6
02213 ,0003047,L L ,0,0,0,0
02213 ,0036509,L L ,3.89151,0,0,38915.1
02213 ,0029717,L L ,0,0,0,0
02213 ,0034615,L L ,1.8665849999999997,0,0,18665.85
02213 ,0003048,L L ,0.8119999999999999,0,0,8120
02213 ,0003049,L L ,2.8531649999999997,0,0,28531.65
02213 ,0003050,L L ,2.225895,0,0,22258.95
02213 ,0003051,L L ,0,0,0,0
02213 ,0028043,L L ,0,0,0,0
02213 ,0052128,L L ,0,0,0,0
02213 ,0067256,L L ,0.532875,0,0,5328.75
02213 ,0003052,L L ,0,0,0,0
02213 ,0003055,L L ,1.5123499999999999,0,0,15123.5
02213 ,0003058,L L ,0.9175599999999999,0,0,9175.6
02213 ,0003059,L L ,0,0,0,0
02213 ,0003060,L L ,0.47907999999999995,0,0,4790.8
02213 ,0003061,L L ,1.93,0,0,19300
02213 ,0035807,L L ,2.5780999999999996,0,0,25781
02213 ,0003063,L L ,0,0,0,0
02213 ,0003065,L L ,0.43644999999999995,0,0,4364.5
02213 ,0047126,L L ,5.138945,0,0,51389.45
02213 ,0003066,L L ,0.43,0,0,4300
02213 ,0003067,L L ,0,0,0,0
02213 ,0003068,L L ,0,0,0,0
02213 ,0003069,L L ,0,0,0,0
02213 ,0003070,L L ,0,0,0,0
02213 ,0003071,L L ,0,0,0,0
02213 ,0032360,L L ,1.4372399999999999,0,0,14372.4
02213 ,0003073,L L ,2.99425,0,0,29942.5
02213 ,0003074,L L ,0,0,0,0
02213 ,0032261,L L ,0,0,0,0
02213 ,0033362,L L ,1.8117749999999997,0,0,18117.75
02213 ,0034288,L L ,2.367995,0,0,23679.95
02213 ,0032266,L L ,1.715,0,0,17150
02213 ,0057978,L L ,7.703849999999999,0,0,77038.5
02213 ,0049154,MIN ,1.4108499999999997,0,0,14108.5
02213 ,0003079,L L ,4.53096,0,0,45309.6
02213 ,0003080,L L ,0,0,0,0
02213 ,0029593,L L ,0,0,0,0
02213 ,0003081,L L ,1.6767799999999997,0,0,16767.8
02213 ,0022550,L L ,8.928955,0,0,89289.55
02213 ,0003083,L L ,3.312,0,0,33120
02213 ,0003084,L L ,2.0807499999999997,0,0,20807.5
02213 ,0022551,L L ,18.93178,0,0,189317.8
02213 ,0003086,L L ,1.2789,0,0,12789
02213 ,0003087,L L ,1.88,0,0,18800
02213 ,0003088,L L ,0,0,0,0
02213 ,0003089,L L ,2.3669799999999994,0,0,23669.8
02213 ,0003090,L L ,3.1444699999999997,0,0,31444.7
02213 ,0003096,L L ,3.3494999999999995,0,0,33495
02213 ,0003092,L L ,2.08,0,0,20800
02213 ,0003093,L L ,4.188904999999999,0,0,41889.05
02213 ,0003094,L L ,1.35,0,0,13500
02213 ,0003095,L L ,3.25,0,0,32500
02213 ,0028853,L L ,2.5882499999999995,0,0,25882.5
02213 ,0054122,L L ,1.5986249999999997,0,0,15986.25
02213 ,0003097,L L ,0,1,0,0
02213 ,0022552,L L ,1.1885649999999999,0,0,11885.65
02213 ,0003098,L L ,3.1058999999999997,0,0,31059
02213 ,0003099,L L ,1.6514049999999998,0,0,16514.05
02213 ,0003100,L L ,1.7792949999999996,0,0,17792.95
02213 ,0003101,L L ,1.8960199999999998,0,0,18960.2
02213 ,0068012,L L ,2.22894,0,0,22289.4
02213 ,0003102,L L ,0.9946999999999999,0,0,9947
02213 ,0036259,L L ,1.7051999999999998,0,0,17052
02213 ,0031394,L L ,3.045,0,0,30450
02213 ,0035017,L L ,0,0,0,0
02213 ,0022553,L L ,1.2981849999999997,0,0,12981.85
02213 ,0003104,L L ,2.02391,0,0,20239.1
02213 ,0031976,L L ,1.4372399999999999,0,0,14372.4
02213 ,0003105,L L ,0.54325,0,0,5432.5
02213 ,0003106,L L ,0.54325,0,0,5432.5
02213 ,0003107,L L ,0.82,0,0,8200
02213 ,0003109,L L ,1.4372399999999999,0,0,14372.4
02213 ,0050630,L L ,0.63945,0,0,6394.5
02213 ,0027803,L L ,2.1325149999999997,0,0,21325.15
02213 ,0003110,L L ,0,0,0,0
02213 ,0003111,L L ,1.5133649999999998,0,0,15133.65
02213 ,0003112,L L ,0,0,0,0
02213 ,0003113,L L ,1.15,0,0,11500
02213 ,0003114,L L ,3.985905,0,0,39859.05
02213 ,0003115,L L ,3.8092949999999997,0,0,38092.95
02213 ,0003116,L L ,2.1944299999999997,0,0,21944.3
02213 ,0003117,L L ,0,0,0,0
02213 ,0003119,L L ,0,0,0,0
02213 ,0003120,L L ,0,0,0,0
02213 ,0003121,L L ,8.766555,0,0,87665.55
02213 ,0003122,L L ,4.24473,0,0,42447.3
02213 ,0003123,L L ,6.125525,0,0,61255.25
02213 ,0003124,L L ,4.4254,0,0,44254
02213 ,0003125,L L ,0,0,0,0
02213 ,0003127,L L ,2.9749649999999996,0,0,29749.65
02213 ,0003128,L L ,0,0,0,0
02213 ,0003129,L L ,2.1325149999999997,0,0,21325.15
02213 ,0032500,L L ,1.11853,0,0,11185.3
02213 ,0032501,L L ,4.5421249999999995,0,0,45421.25
02213 ,0033606,L L ,0,0,0,0
02213 ,0051770,L L ,0,0,0,0
02213 ,0003131,SLVS,0,0,0,0
02213 ,0003132,SLVS,0,0,0,0
02213 ,0022556,FLRS,2.1081549999999996,0,0,21081.55
02213 ,0022557,FLRS,0,0,0,0
02213 ,0094672,BATT,870.1,0,0,8700999.91
02213 ,0094673,BATT,238,0,0,2379999.98
02213 ,0097744,BATT,572,0,0,5719999.94
02213 ,0104715,BATT,572,0,0,5719999.94
02213 ,0105032,BATT,533,0,0,5329999.95
02213 ,0032589,L L ,0,0,0,0
02213 ,0032593,PHOT,0,0,0,0
02213 ,0032612,PHOT,0,0,0,0
02213 ,0032592,PHOT,0,0,0,0
02213 ,0032621,PHOT,0,0,0,0
02213 ,0032613,PHOT,0,0,0,0
02213 ,0032622,PHOT,0,0,0,0
02213 ,0032594,PHOT,0,0,0,0
02213 ,0032595,PHOT,0,0,0,0
02213 ,0032624,PHOT,0,0,0,0
02213 ,0032591,L L ,0,0,0,0
02213 ,0032629,L L ,0,0,0,0
02213 ,0032628,L L ,0,0,0,0
02213 ,0032626,PHOT,0,0,0,0
02213 ,0032625,PHOT,0,0,0,0
02213 ,0032611,PHOT,0,0,0,0
02213 ,0032597,PHOT,0,0,0,0
02213 ,0032596,PHOT,0,0,0,0
02213 ,0032627,PHOT,0,0,0,0
02213 ,0032590,L L ,0,0,0,0
02213 ,0032623,PHOT,0,0,0,0
02213 ,0093939,MIN ,0.19285,0,0,1928.5
02213 ,0060965,MIN ,0.201985,0,0,2019.85
02213 ,0034139,L L ,0.14920499999999998,0,0,1492.05
02213 ,0049420,L L ,0.20299999999999999,0,0,2030
02213 ,0034140,L L ,0,0,0,0
02213 ,0086322,L L ,0.23345,0,0,2334.5
02213 ,0093929,MIN ,0.20299999999999999,0,0,2030
02213 ,0093932,MIN ,0.20299999999999999,0,0,2030
02213 ,0052949,MIN ,0.20299999999999999,0,0,2030
02213 ,0093931,MIN ,0.20299999999999999,0,0,2030
02213 ,0093930,MIN ,0.20299999999999999,0,0,2030
02213 ,0053409,STTV,17.589949999999998,0,0,175899.5
02213 ,0053408,STTV,5.431265,0,0,54312.65
02213 ,0047315,XMAS,0,0,0,0
02213 ,0047316,XMAS,5.236384999999999,0,0,52363.85
02213 ,0050162,STFX,17.489465,0,0,174894.65
02213 ,0053186,WIRE,25.190269999999998,0,0,251902.7
02213 ,0053179,L L ,0.201985,0,0,2019.85
02273 ,0002936,LIT ,0,0,0,0
02273 ,0002937,LIT ,0,0,0,0
02273 ,0002938,LIT ,0,0,0,0
02273 ,0002939,LIT ,0,0,0,0
02273 ,0031289,LIT ,0,0,0,0
02273 ,0031842,LIT ,0,0,0,0
02273 ,0032059,LIT ,0,0,0,0
02273 ,0060488,LIT ,0,0,0,0
02273 ,0060901,LIT ,0,0,0,0
02273 ,0066318,LIT ,0,0,0,0
02273 ,0002959,LIT ,0,0,0,0
02273 ,0002970,LIT ,0.10961999999999998,0,0,1096.2
02273 ,0003005,LIT ,0.6364049999999999,0,0,6364.05
02273 ,0003009,LIT ,3.24597,0,0,32459.7
02273 ,0003010,LIT ,0.226345,0,0,2263.45
02273 ,0003013,LIT ,2.8125649999999998,0,0,28125.65
02273 ,0002936,LIT ,0,0,0,0
02273 ,0002937,LIT ,0,0,0,0
02273 ,0032907,LIT ,0,0,0,0
02273 ,0032908,LIT ,0,0,0,0
02273 ,0031289,LIT ,0,0,0,0
02273 ,0031842,LIT ,0,0,0,0
02273 ,0032059,LIT ,0,0,0,0
02273 ,0060488,LIT ,0,0,0,0
02273 ,0060901,LIT ,0,0,0,0
02273 ,0066318,LIT ,0,0,0,0
02273 ,0002959,LIT ,0,0,0,0
02273 ,0002970,LIT ,0.10961999999999998,0,0,1096.2
02273 ,0003005,LIT ,0.6364049999999999,0,0,6364.05
02273 ,0003009,LIT ,3.24597,0,0,32459.7
02273 ,0003010,LIT ,0.226345,0,0,2263.45
02273 ,0003013,LIT ,2.8125649999999998,0,0,28125.65
02273 ,0066967,LIT ,0,0,0,0
02273 ,0003029,NONE,13.554309999999997,0,0,135543.1
02273 ,0003030,FLRS,1.56,0,0,15600
02273 ,0003031,FLRS,7.41,0,0,74100
02273 ,0003032,FLRS,1.015,0,0,10150
02273 ,0046979,L L ,0.49937999999999994,0,0,4993.8
02273 ,0003033,L L ,0,0,0,0
02273 ,0003034,L L ,0,0,0,0
02273 ,0052284,L L ,0.7104999999999999,0,0,7105
02273 ,0003035,L L ,0,0,0,0
02273 ,0003036,L L ,0,0,0,0
02273 ,0003037,L L ,3.184055,0,0,31840.55
02273 ,0003038,L L ,0.7104999999999999,0,0,7105
02273 ,0003039,L L ,0.658735,0,0,6587.35
02273 ,0003040,L L ,1.6097899999999998,0,0,16097.9
02273 ,0003041,L L ,2.56,0,0,25600
02273 ,0003042,L L ,1.35,0,0,13500
02273 ,0003043,L L ,0.4770499999999999,0,0,4770.5
02273 ,0003044,L L ,0,0,0,0
02273 ,0003045,L L ,0,0,0,0
02273 ,0003046,L L ,0,0,0,0
02273 ,0024653,L L ,0.5724599999999999,0,0,5724.6
02273 ,0003047,L L ,0,0,0,0
02273 ,0036509,L L ,3.89151,0,0,38915.1
02273 ,0029717,L L ,0,0,0,0
02273 ,0034615,L L ,1.8665849999999997,0,0,18665.85
02273 ,0003048,L L ,0.8119999999999999,0,0,8120
02273 ,0003049,L L ,2.8531649999999997,0,0,28531.65
02273 ,0003050,L L ,2.225895,0,0,22258.95
02273 ,0003051,L L ,0,0,0,0
02273 ,0028043,L L ,0,0,0,0
02273 ,0052128,L L ,0,0,0,0
02273 ,0067256,L L ,0.532875,0,0,5328.75
02273 ,0003052,L L ,0,0,0,0
02273 ,0003055,L L ,1.5123499999999999,0,0,15123.5
02273 ,0003058,L L ,0.9175599999999999,0,0,9175.6
02273 ,0003059,L L ,0,0,0,0
02273 ,0003060,L L ,0.47907999999999995,0,0,4790.8
02273 ,0003061,L L ,1.93,0,0,19300
02273 ,0035807,L L ,2.5780999999999996,0,0,25781
02273 ,0003063,L L ,0,0,0,0
02273 ,0003065,L L ,0.43644999999999995,0,0,4364.5
02273 ,0047126,L L ,5.138945,0,0,51389.45
02273 ,0003066,L L ,0.43,0,0,4300
02273 ,0003067,L L ,0,0,0,0
02273 ,0003068,L L ,0,0,0,0
02273 ,0003069,L L ,0,0,0,0
02273 ,0003070,L L ,0,0,0,0
02273 ,0003071,L L ,0,0,0,0
02273 ,0032360,L L ,1.4372399999999999,0,0,14372.4
02273 ,0003073,L L ,2.99425,0,0,29942.5
02273 ,0003074,L L ,0,0,0,0
02273 ,0032261,L L ,0,0,0,0
02273 ,0033362,L L ,1.8117749999999997,0,0,18117.75
02273 ,0034288,L L ,2.367995,0,0,23679.95
02273 ,0032266,L L ,1.715,0,0,17150
02273 ,0057978,L L ,7.703849999999999,0,0,77038.5
02273 ,0049154,MIN ,1.4108499999999997,0,0,14108.5
02273 ,0003079,L L ,4.53096,0,0,45309.6
02273 ,0003080,L L ,0,0,0,0
02273 ,0029593,L L ,0,0,0,0
02273 ,0003081,L L ,1.6767799999999997,0,0,16767.8
02273 ,0022550,L L ,8.928955,0,0,89289.55
02273 ,0003083,L L ,3.312,0,0,33120
02273 ,0003084,L L ,2.0807499999999997,0,0,20807.5
02273 ,0022551,L L ,18.93178,0,0,189317.8
02273 ,0003086,L L ,1.2789,0,0,12789
02273 ,0003087,L L ,1.88,0,0,18800
02273 ,0003088,L L ,0,0,0,0
02273 ,0003089,L L ,2.3669799999999994,0,0,23669.8
02273 ,0003090,L L ,3.1444699999999997,0,0,31444.7
02273 ,0003096,L L ,3.3494999999999995,0,0,33495
02273 ,0003092,L L ,2.08,0,0,20800
02273 ,0003093,L L ,4.188904999999999,0,0,41889.05
02273 ,0003094,L L ,1.35,0,0,13500
02273 ,0003095,L L ,3.25,0,0,32500
02273 ,0028853,L L ,2.5882499999999995,0,0,25882.5
02273 ,0054122,L L ,1.5986249999999997,0,0,15986.25
02273 ,0003097,L L ,0,1,0,0
02273 ,0022552,L L ,1.1885649999999999,0,0,11885.65
02273 ,0003098,L L ,3.1058999999999997,0,0,31059
02273 ,0003099,L L ,1.6514049999999998,0,0,16514.05
02273 ,0003100,L L ,1.7792949999999996,0,0,17792.95
02273 ,0003101,L L ,1.8960199999999998,0,0,18960.2
02273 ,0068012,L L ,2.22894,0,0,22289.4
02273 ,0003102,L L ,0.9946999999999999,0,0,9947
02273 ,0036259,L L ,1.7051999999999998,0,0,17052
02273 ,0031394,L L ,3.045,0,0,30450
02273 ,0035017,L L ,0,0,0,0
02273 ,0022553,L L ,1.2981849999999997,0,0,12981.85
02273 ,0003104,L L ,2.02391,0,0,20239.1
02273 ,0031976,L L ,1.4372399999999999,0,0,14372.4
02273 ,0003105,L L ,0.54325,0,0,5432.5
02273 ,0003106,L L ,0.54325,0,0,5432.5
02273 ,0003107,L L ,0.82,0,0,8200
02273 ,0003109,L L ,1.4372399999999999,0,0,14372.4
02273 ,0050630,L L ,0.63945,0,0,6394.5
02273 ,0027803,L L ,2.1325149999999997,0,0,21325.15
02273 ,0003110,L L ,0,0,0,0
02273 ,0003111,L L ,1.5133649999999998,0,0,15133.65
02273 ,0003112,L L ,0,0,0,0
02273 ,0003113,L L ,1.15,0,0,11500
02273 ,0003114,L L ,3.985905,0,0,39859.05
02273 ,0003115,L L ,3.8092949999999997,0,0,38092.95
02273 ,0003116,L L ,2.1944299999999997,0,0,21944.3
02273 ,0003117,L L ,0,0,0,0
02273 ,0003119,L L ,0,0,0,0
02273 ,0003120,L L ,0,0,0,0
02273 ,0003121,L L ,8.766555,0,0,87665.55
02273 ,0003122,L L ,4.24473,0,0,42447.3
02273 ,0003123,L L ,6.125525,0,0,61255.25
02273 ,0003124,L L ,4.4254,0,0,44254
02273 ,0003125,L L ,0,0,0,0
02273 ,0003127,L L ,2.9749649999999996,0,0,29749.65
02273 ,0003128,L L ,0,0,0,0
02273 ,0003129,L L ,2.1325149999999997,0,0,21325.15
02273 ,0032500,L L ,1.11853,0,0,11185.3
02273 ,0032501,L L ,4.5421249999999995,0,0,45421.25
02273 ,0033606,L L ,0,0,0,0
02273 ,0051770,L L ,0,0,0,0
02273 ,0003131,SLVS,0,0,0,0
02273 ,0003132,SLVS,0,0,0,0
02273 ,0022556,FLRS,2.1081549999999996,0,0,21081.55
02273 ,0022557,FLRS,0,0,0,0
02273 ,0094672,BATT,870.1,0,0,8700999.91
02273 ,0094673,BATT,238,0,0,2379999.98
02273 ,0097744,BATT,572,0,0,5719999.94
02273 ,0104715,BATT,572,0,0,5719999.94
02273 ,0105032,BATT,533,0,0,5329999.95
02273 ,0032589,L L ,0,0,0,0
02273 ,0032593,PHOT,0,0,0,0
02273 ,0032612,PHOT,0,0,0,0
02273 ,0032592,PHOT,0,0,0,0
02273 ,0032621,PHOT,0,0,0,0
02273 ,0032613,PHOT,0,0,0,0
02273 ,0032622,PHOT,0,0,0,0
02273 ,0032594,PHOT,0,0,0,0
02273 ,0032595,PHOT,0,0,0,0
02273 ,0032624,PHOT,0,0,0,0
02273 ,0032591,L L ,0,0,0,0
02273 ,0032629,L L ,0,0,0,0
02273 ,0032628,L L ,0,0,0,0
02273 ,0032626,PHOT,0,0,0,0
02273 ,0032625,PHOT,0,0,0,0
02273 ,0032611,PHOT,0,0,0,0
02273 ,0032597,PHOT,0,0,0,0
02273 ,0032596,PHOT,0,0,0,0
02273 ,0032627,PHOT,0,0,0,0
02273 ,0032590,L L ,0,0,0,0
02273 ,0032623,PHOT,0,0,0,0
02273 ,0093939,MIN ,0.19285,0,0,1928.5
02273 ,0060965,MIN ,0.201985,0,0,2019.85
02273 ,0034139,L L ,0.14920499999999998,0,0,1492.05
02273 ,0049420,L L ,0.20299999999999999,0,0,2030
02273 ,0034140,L L ,0,0,0,0
02273 ,0086322,L L ,0.23345,0,0,2334.5
02273 ,0093929,MIN ,0.20299999999999999,0,0,2030
02273 ,0093932,MIN ,0.20299999999999999,0,0,2030
02273 ,0052949,MIN ,0.20299999999999999,0,0,2030
02273 ,0093931,MIN ,0.20299999999999999,0,0,2030
02273 ,0093930,MIN ,0.20299999999999999,0,0,2030
02273 ,0053409,STTV,17.589949999999998,0,0,175899.5
02273 ,0053408,STTV,5.431265,0,0,54312.65
02273 ,0047315,XMAS,0,0,0,0
02273 ,0047316,XMAS,5.236384999999999,0,0,52363.85
02273 ,0050162,STFX,17.489465,0,0,174894.65
02273 ,0053186,WIRE,25.190269999999998,0,0,251902.7
02273 ,0053179,L L ,0.201985,0,0,2019.85
02297 ,0002936,LIT ,0,0,0,0
02297 ,0002937,LIT ,0,0,0,0
02297 ,0002938,LIT ,0,0,0,0
02297 ,0002939,LIT ,0,0,0,0
02297 ,0031289,LIT ,0,0,0,0
02297 ,0031842,LIT ,0,0,0,0
02297 ,0032059,LIT ,0,0,0,0
02297 ,0060488,LIT ,0,0,0,0
02297 ,0060901,LIT ,0,0,0,0
02297 ,0066318,LIT ,0,0,0,0
02297 ,0002959,LIT ,0,0,0,0
02297 ,0002970,LIT ,0.10961999999999998,0,0,1096.2
02297 ,0003005,LIT ,0.6364049999999999,0,0,6364.05
02297 ,0003009,LIT ,3.24597,0,0,32459.7
02297 ,0003010,LIT ,0.226345,0,0,2263.45
02297 ,0003013,LIT ,2.8125649999999998,0,0,28125.65
02297 ,0002936,LIT ,0,0,0,0
02297 ,0002937,LIT ,0,0,0,0
02297 ,0032907,LIT ,0,0,0,0
02297 ,0032908,LIT ,0,0,0,0
02297 ,0031289,LIT ,0,0,0,0
02297 ,0031842,LIT ,0,0,0,0
02297 ,0032059,LIT ,0,0,0,0
02297 ,0060488,LIT ,0,0,0,0
02297 ,0060901,LIT ,0,0,0,0
02297 ,0066318,LIT ,0,0,0,0
02297 ,0002959,LIT ,0,0,0,0
02297 ,0002970,LIT ,0.10961999999999998,0,0,1096.2
02297 ,0003005,LIT ,0.6364049999999999,0,0,6364.05
02297 ,0003009,LIT ,3.24597,0,0,32459.7
02297 ,0003010,LIT ,0.226345,0,0,2263.45
02297 ,0003013,LIT ,2.8125649999999998,0,0,28125.65
02297 ,0066967,LIT ,0,0,0,0
02297 ,0003029,NONE,13.554309999999997,0,0,135543.1
02297 ,0003030,FLRS,1.56,0,0,15600
02297 ,0003031,FLRS,7.41,0,0,74100
02297 ,0003032,FLRS,1.015,0,0,10150
02297 ,0046979,L L ,0.49937999999999994,0,0,4993.8
02297 ,0003033,L L ,0,0,0,0
02297 ,0003034,L L ,0,0,0,0
02297 ,0052284,L L ,0.7104999999999999,0,0,7105
02297 ,0003035,L L ,0,0,0,0
02297 ,0003036,L L ,0,0,0,0
02297 ,0003037,L L ,3.184055,0,0,31840.55
02297 ,0003038,L L ,0.7104999999999999,0,0,7105
02297 ,0003039,L L ,0.658735,0,0,6587.35
02297 ,0003040,L L ,1.6097899999999998,0,0,16097.9
02297 ,0003041,L L ,2.56,0,0,25600
02297 ,0003042,L L ,1.35,0,0,13500
02297 ,0003043,L L ,0.4770499999999999,0,0,4770.5
02297 ,0003044,L L ,0,0,0,0
02297 ,0003045,L L ,0,0,0,0
02297 ,0003046,L L ,0,0,0,0
02297 ,0024653,L L ,0.5724599999999999,0,0,5724.6
02297 ,0003047,L L ,0,0,0,0
02297 ,0036509,L L ,3.89151,0,0,38915.1
02297 ,0029717,L L ,0,0,0,0
02297 ,0034615,L L ,1.8665849999999997,0,0,18665.85
02297 ,0003048,L L ,0.8119999999999999,0,0,8120
02297 ,0003049,L L ,2.8531649999999997,0,0,28531.65
02297 ,0003050,L L ,2.225895,0,0,22258.95
02297 ,0003051,L L ,0,0,0,0
02297 ,0028043,L L ,0,0,0,0
02297 ,0052128,L L ,0,0,0,0
02297 ,0067256,L L ,0.532875,0,0,5328.75
02297 ,0003052,L L ,0,0,0,0
02297 ,0003055,L L ,1.5123499999999999,0,0,15123.5
02297 ,0003058,L L ,0.9175599999999999,0,0,9175.6
02297 ,0003059,L L ,0,0,0,0
02297 ,0003060,L L ,0.47907999999999995,0,0,4790.8
02297 ,0003061,L L ,1.93,0,0,19300
02297 ,0035807,L L ,2.5780999999999996,0,0,25781
02297 ,0003063,L L ,0,0,0,0
02297 ,0003065,L L ,0.43644999999999995,0,0,4364.5
02297 ,0047126,L L ,5.138945,0,0,51389.45
02297 ,0003066,L L ,0.43,0,0,4300
02297 ,0003067,L L ,0,0,0,0
02297 ,0003068,L L ,0,0,0,0
02297 ,0003069,L L ,0,0,0,0
02297 ,0003070,L L ,0,0,0,0
02297 ,0003071,L L ,0,0,0,0
02297 ,0032360,L L ,1.4372399999999999,0,0,14372.4
02297 ,0003073,L L ,2.99425,0,0,29942.5
02297 ,0003074,L L ,0,0,0,0
02297 ,0032261,L L ,0,0,0,0
02297 ,0033362,L L ,1.8117749999999997,0,0,18117.75
02297 ,0034288,L L ,2.367995,0,0,23679.95
02297 ,0032266,L L ,1.715,0,0,17150
02297 ,0057978,L L ,7.703849999999999,0,0,77038.5
02297 ,0049154,MIN ,1.4108499999999997,0,0,14108.5
02297 ,0003079,L L ,4.53096,0,0,45309.6
02297 ,0003080,L L ,0,0,0,0
02297 ,0029593,L L ,0,0,0,0
02297 ,0003081,L L ,1.6767799999999997,0,0,16767.8
02297 ,0022550,L L ,8.928955,0,0,89289.55
02297 ,0003083,L L ,3.312,0,0,33120
02297 ,0003084,L L ,2.0807499999999997,0,0,20807.5
02297 ,0022551,L L ,18.93178,0,0,189317.8
02297 ,0003086,L L ,1.2789,0,0,12789
02297 ,0003087,L L ,1.88,0,0,18800
02297 ,0003088,L L ,0,0,0,0
02297 ,0003089,L L ,2.3669799999999994,0,0,23669.8
02297 ,0003090,L L ,3.1444699999999997,0,0,31444.7
02297 ,0003096,L L ,3.3494999999999995,0,0,33495
02297 ,0003092,L L ,2.08,0,0,20800
02297 ,0003093,L L ,4.188904999999999,0,0,41889.05
02297 ,0003094,L L ,1.35,0,0,13500
02297 ,0003095,L L ,3.25,0,0,32500
02297 ,0028853,L L ,2.5882499999999995,0,0,25882.5
02297 ,0054122,L L ,1.5986249999999997,0,0,15986.25
02297 ,0003097,L L ,0,1,0,0
02297 ,0022552,L L ,1.1885649999999999,0,0,11885.65
02297 ,0003098,L L ,3.1058999999999997,0,0,31059
02297 ,0003099,L L ,1.6514049999999998,0,0,16514.05
02297 ,0003100,L L ,1.7792949999999996,0,0,17792.95
02297 ,0003101,L L ,1.8960199999999998,0,0,18960.2
02297 ,0068012,L L ,2.22894,0,0,22289.4
02297 ,0003102,L L ,0.9946999999999999,0,0,9947
02297 ,0036259,L L ,1.7051999999999998,0,0,17052
02297 ,0031394,L L ,3.045,0,0,30450
02297 ,0035017,L L ,0,0,0,0
02297 ,0022553,L L ,1.2981849999999997,0,0,12981.85
02297 ,0003104,L L ,2.02391,0,0,20239.1
02297 ,0031976,L L ,1.4372399999999999,0,0,14372.4
02297 ,0003105,L L ,0.54325,0,0,5432.5
02297 ,0003106,L L ,0.54325,0,0,5432.5
02297 ,0003107,L L ,0.82,0,0,8200
02297 ,0003109,L L ,1.4372399999999999,0,0,14372.4
02297 ,0050630,L L ,0.63945,0,0,6394.5
02297 ,0027803,L L ,2.1325149999999997,0,0,21325.15
02297 ,0003110,L L ,0,0,0,0
02297 ,0003111,L L ,1.5133649999999998,0,0,15133.65
02297 ,0003112,L L ,0,0,0,0
02297 ,0003113,L L ,1.15,0,0,11500
02297 ,0003114,L L ,3.985905,0,0,39859.05
02297 ,0003115,L L ,3.8092949999999997,0,0,38092.95
02297 ,0003116,L L ,2.1944299999999997,0,0,21944.3
02297 ,0003117,L L ,0,0,0,0
02297 ,0003119,L L ,0,0,0,0
02297 ,0003120,L L ,0,0,0,0
02297 ,0003121,L L ,8.766555,0,0,87665.55
02297 ,0003122,L L ,4.24473,0,0,42447.3
02297 ,0003123,L L ,6.125525,0,0,61255.25
02297 ,0003124,L L ,4.4254,0,0,44254
02297 ,0003125,L L ,0,0,0,0
02297 ,0003127,L L ,2.9749649999999996,0,0,29749.65
02297 ,0003128,L L ,0,0,0,0
02297 ,0003129,L L ,2.1325149999999997,0,0,21325.15
02297 ,0032500,L L ,1.11853,0,0,11185.3
02297 ,0032501,L L ,4.5421249999999995,0,0,45421.25
02297 ,0033606,L L ,0,0,0,0
02297 ,0051770,L L ,0,0,0,0
02297 ,0003131,SLVS,0,0,0,0
02297 ,0003132,SLVS,0,0,0,0
02297 ,0022556,FLRS,2.1081549999999996,0,0,21081.55
02297 ,0022557,FLRS,0,0,0,0
02297 ,0094672,BATT,870.1,0,0,8700999.91
02297 ,0094673,BATT,238,0,0,2379999.98
02297 ,0097744,BATT,572,0,0,5719999.94
02297 ,0104715,BATT,572,0,0,5719999.94
02297 ,0105032,BATT,533,0,0,5329999.95
02297 ,0032589,L L ,0,0,0,0
02297 ,0032593,PHOT,0,0,0,0
02297 ,0032612,PHOT,0,0,0,0
02297 ,0032592,PHOT,0,0,0,0
02297 ,0032621,PHOT,0,0,0,0
02297 ,0032613,PHOT,0,0,0,0
02297 ,0032622,PHOT,0,0,0,0
02297 ,0032594,PHOT,0,0,0,0
02297 ,0032595,PHOT,0,0,0,0
02297 ,0032624,PHOT,0,0,0,0
02297 ,0032591,L L ,0,0,0,0
02297 ,0032629,L L ,0,0,0,0
02297 ,0032628,L L ,0,0,0,0
02297 ,0032626,PHOT,0,0,0,0
02297 ,0032625,PHOT,0,0,0,0
02297 ,0032611,PHOT,0,0,0,0
02297 ,0032597,PHOT,0,0,0,0
02297 ,0032596,PHOT,0,0,0,0
02297 ,0032627,PHOT,0,0,0,0
02297 ,0032590,L L ,0,0,0,0
02297 ,0032623,PHOT,0,0,0,0
02297 ,0093939,MIN ,0.19285,0,0,1928.5
02297 ,0060965,MIN ,0.201985,0,0,2019.85
02297 ,0034139,L L ,0.14920499999999998,0,0,1492.05
02297 ,0049420,L L ,0.20299999999999999,0,0,2030
02297 ,0034140,L L ,0,0,0,0
02297 ,0086322,L L ,0.23345,0,0,2334.5
02297 ,0093929,MIN ,0.20299999999999999,0,0,2030
02297 ,0093932,MIN ,0.20299999999999999,0,0,2030
02297 ,0052949,MIN ,0.20299999999999999,0,0,2030
02297 ,0093931,MIN ,0.20299999999999999,0,0,2030
02297 ,0093930,MIN ,0.20299999999999999,0,0,2030
02297 ,0053409,STTV,17.589949999999998,0,0,175899.5
02297 ,0053408,STTV,5.431265,0,0,54312.65
02297 ,0047315,XMAS,0,0,0,0
02297 ,0047316,XMAS,5.236384999999999,0,0,52363.85
02297 ,0050162,STFX,17.489465,0,0,174894.65
02297 ,0053186,WIRE,25.190269999999998,0,0,251902.7
02297 ,0053179,L L ,0.201985,0,0,2019.85
02305 ,0002936,LIT ,0,0,0,0
02305 ,0002937,LIT ,0,0,0,0
02305 ,0002938,LIT ,0,0,0,0
02305 ,0002939,LIT ,0,0,0,0
02305 ,0031289,LIT ,0,0,0,0
02305 ,0031842,LIT ,0,0,0,0
02305 ,0032059,LIT ,0,0,0,0
02305 ,0060488,LIT ,0,0,0,0
02305 ,0060901,LIT ,0,0,0,0
02305 ,0066318,LIT ,0,0,0,0
02305 ,0002959,LIT ,0,0,0,0
02305 ,0002970,LIT ,0.10961999999999998,0,0,1096.2
02305 ,0003005,LIT ,0.6364049999999999,0,0,6364.05
02305 ,0003009,LIT ,3.24597,0,0,32459.7
02305 ,0003010,LIT ,0.226345,0,0,2263.45
02305 ,0003013,LIT ,2.8125649999999998,0,0,28125.65
02305 ,0002936,LIT ,0,0,0,0
02305 ,0002937,LIT ,0,0,0,0
02305 ,0032907,LIT ,0,0,0,0
02305 ,0032908,LIT ,0,0,0,0
02305 ,0031289,LIT ,0,0,0,0
02305 ,0031842,LIT ,0,0,0,0
02305 ,0032059,LIT ,0,0,0,0
02305 ,0060488,LIT ,0,0,0,0
02305 ,0060901,LIT ,0,0,0,0
02305 ,0066318,LIT ,0,0,0,0
02305 ,0002959,LIT ,0,0,0,0
02305 ,0002970,LIT ,0.10961999999999998,0,0,1096.2
02305 ,0003005,LIT ,0.6364049999999999,0,0,6364.05
02305 ,0003009,LIT ,3.24597,0,0,32459.7
02305 ,0003010,LIT ,0.226345,0,0,2263.45
02305 ,0003013,LIT ,2.8125649999999998,0,0,28125.65
02305 ,0066967,LIT ,0,0,0,0
02305 ,0003029,NONE,13.554309999999997,0,0,135543.1
02305 ,0003030,FLRS,1.56,0,0,15600
02305 ,0003031,FLRS,7.41,0,0,74100
02305 ,0003032,FLRS,1.015,0,0,10150
02305 ,0046979,L L ,0.49937999999999994,0,0,4993.8
02305 ,0003033,L L ,0,0,0,0
02305 ,0003034,L L ,0,0,0,0
02305 ,0052284,L L ,0.7104999999999999,0,0,7105
02305 ,0003035,L L ,0,0,0,0
02305 ,0003036,L L ,0,0,0,0
02305 ,0003037,L L ,3.184055,0,0,31840.55
02305 ,0003038,L L ,0.7104999999999999,0,0,7105
02305 ,0003039,L L ,0.658735,0,0,6587.35
02305 ,0003040,L L ,1.6097899999999998,0,0,16097.9
02305 ,0003041,L L ,2.56,0,0,25600
02305 ,0003042,L L ,1.35,0,0,13500
02305 ,0003043,L L ,0.4770499999999999,0,0,4770.5
02305 ,0003044,L L ,0,0,0,0
02305 ,0003045,L L ,0,0,0,0
02305 ,0003046,L L ,0,0,0,0
02305 ,0024653,L L ,0.5724599999999999,0,0,5724.6
02305 ,0003047,L L ,0,0,0,0
02305 ,0036509,L L ,3.89151,0,0,38915.1
02305 ,0029717,L L ,0,0,0,0
02305 ,0034615,L L ,1.8665849999999997,0,0,18665.85
02305 ,0003048,L L ,0.8119999999999999,0,0,8120
02305 ,0003049,L L ,2.8531649999999997,0,0,28531.65
02305 ,0003050,L L ,2.225895,0,0,22258.95
02305 ,0003051,L L ,0,0,0,0
02305 ,0028043,L L ,0,0,0,0
02305 ,0052128,L L ,0,0,0,0
02305 ,0067256,L L ,0.532875,0,0,5328.75
02305 ,0003052,L L ,0,0,0,0
02305 ,0003055,L L ,1.5123499999999999,0,0,15123.5
02305 ,0003058,L L ,0.9175599999999999,0,0,9175.6
02305 ,0003059,L L ,0,0,0,0
02305 ,0003060,L L ,0.47907999999999995,0,0,4790.8
02305 ,0003061,L L ,1.93,0,0,19300
02305 ,0035807,L L ,2.5780999999999996,0,0,25781
02305 ,0003063,L L ,0,0,0,0
02305 ,0003065,L L ,0.43644999999999995,0,0,4364.5
02305 ,0047126,L L ,5.138945,0,0,51389.45
02305 ,0003066,L L ,0.43,0,0,4300
02305 ,0003067,L L ,0,0,0,0
02305 ,0003068,L L ,0,0,0,0
02305 ,0003069,L L ,0,0,0,0
02305 ,0003070,L L ,0,0,0,0
02305 ,0003071,L L ,0,0,0,0
02305 ,0032360,L L ,1.4372399999999999,0,0,14372.4
02305 ,0003073,L L ,2.99425,0,0,29942.5
02305 ,0003074,L L ,0,0,0,0
02305 ,0032261,L L ,0,0,0,0
02305 ,0033362,L L ,1.8117749999999997,0,0,18117.75
02305 ,0034288,L L ,2.367995,0,0,23679.95
02305 ,0032266,L L ,1.715,0,0,17150
02305 ,0057978,L L ,7.703849999999999,0,0,77038.5
02305 ,0049154,MIN ,1.4108499999999997,0,0,14108.5
02305 ,0003079,L L ,4.53096,0,0,45309.6
02305 ,0003080,L L ,0,0,0,0
02305 ,0029593,L L ,0,0,0,0
02305 ,0003081,L L ,1.6767799999999997,0,0,16767.8
02305 ,0022550,L L ,8.928955,0,0,89289.55
02305 ,0003083,L L ,3.312,0,0,33120
02305 ,0003084,L L ,2.0807499999999997,0,0,20807.5
02305 ,0022551,L L ,18.93178,0,0,189317.8
02305 ,0003086,L L ,1.2789,0,0,12789
02305 ,0003087,L L ,1.88,0,0,18800
02305 ,0003088,L L ,0,0,0,0
02305 ,0003089,L L ,2.3669799999999994,0,0,23669.8
02305 ,0003090,L L ,3.1444699999999997,0,0,31444.7
02305 ,0003096,L L ,3.3494999999999995,0,0,33495
02305 ,0003092,L L ,2.08,0,0,20800
02305 ,0003093,L L ,4.188904999999999,0,0,41889.05
02305 ,0003094,L L ,1.35,0,0,13500
02305 ,0003095,L L ,3.25,0,0,32500
02305 ,0028853,L L ,2.5882499999999995,0,0,25882.5
02305 ,0054122,L L ,1.5986249999999997,0,0,15986.25
02305 ,0003097,L L ,0,1,0,0
02305 ,0022552,L L ,1.1885649999999999,0,0,11885.65
02305 ,0003098,L L ,3.1058999999999997,0,0,31059
02305 ,0003099,L L ,1.6514049999999998,0,0,16514.05
02305 ,0003100,L L ,1.7792949999999996,0,0,17792.95
02305 ,0003101,L L ,1.8960199999999998,0,0,18960.2
02305 ,0068012,L L ,2.22894,0,0,22289.4
02305 ,0003102,L L ,0.9946999999999999,0,0,9947
02305 ,0036259,L L ,1.7051999999999998,0,0,17052
02305 ,0031394,L L ,3.045,0,0,30450
02305 ,0035017,L L ,0,0,0,0
02305 ,0022553,L L ,1.2981849999999997,0,0,12981.85
02305 ,0003104,L L ,2.02391,0,0,20239.1
02305 ,0031976,L L ,1.4372399999999999,0,0,14372.4
02305 ,0003105,L L ,0.54325,0,0,5432.5
02305 ,0003106,L L ,0.54325,0,0,5432.5
02305 ,0003107,L L ,0.82,0,0,8200
02305 ,0003109,L L ,1.4372399999999999,0,0,14372.4
02305 ,0050630,L L ,0.63945,0,0,6394.5
02305 ,0027803,L L ,2.1325149999999997,0,0,21325.15
02305 ,0003110,L L ,0,0,0,0
02305 ,0003111,L L ,1.5133649999999998,0,0,15133.65
02305 ,0003112,L L ,0,0,0,0
02305 ,0003113,L L ,1.15,0,0,11500
02305 ,0003114,L L ,3.985905,0,0,39859.05
02305 ,0003115,L L ,3.8092949999999997,0,0,38092.95
02305 ,0003116,L L ,2.1944299999999997,0,0,21944.3
02305 ,0003117,L L ,0,0,0,0
02305 ,0003119,L L ,0,0,0,0
02305 ,0003120,L L ,0,0,0,0
02305 ,0003121,L L ,8.766555,0,0,87665.55
02305 ,0003122,L L ,4.24473,0,0,42447.3
02305 ,0003123,L L ,6.125525,0,0,61255.25
02305 ,0003124,L L ,4.4254,0,0,44254
02305 ,0003125,L L ,0,0,0,0
02305 ,0003127,L L ,2.9749649999999996,0,0,29749.65
02305 ,0003128,L L ,0,0,0,0
02305 ,0003129,L L ,2.1325149999999997,0,0,21325.15
02305 ,0032500,L L ,1.11853,0,0,11185.3
02305 ,0032501,L L ,4.5421249999999995,0,0,45421.25
02305 ,0033606,L L ,0,0,0,0
02305 ,0051770,L L ,0,0,0,0
02305 ,0003131,SLVS,0,0,0,0
02305 ,0003132,SLVS,0,0,0,0
02305 ,0022556,FLRS,2.1081549999999996,0,0,21081.55
02305 ,0022557,FLRS,0,0,0,0
02305 ,0094672,BATT,870.1,0,0,8700999.91
02305 ,0094673,BATT,238,0,0,2379999.98
02305 ,0097744,BATT,572,0,0,5719999.94
02305 ,0104715,BATT,572,0,0,5719999.94
02305 ,0105032,BATT,533,0,0,5329999.95
02305 ,0032589,L L ,0,0,0,0
02305 ,0032593,PHOT,0,0,0,0
02305 ,0032612,PHOT,0,0,0,0
02305 ,0032592,PHOT,0,0,0,0
02305 ,0032621,PHOT,0,0,0,0
02305 ,0032613,PHOT,0,0,0,0
02305 ,0032622,PHOT,0,0,0,0
02305 ,0032594,PHOT,0,0,0,0
02305 ,0032595,PHOT,0,0,0,0
02305 ,0032624,PHOT,0,0,0,0
02305 ,0032591,L L ,0,0,0,0
02305 ,0032629,L L ,0,0,0,0
02305 ,0032628,L L ,0,0,0,0
02305 ,0032626,PHOT,0,0,0,0
02305 ,0032625,PHOT,0,0,0,0
02305 ,0032611,PHOT,0,0,0,0
02305 ,0032597,PHOT,0,0,0,0
02305 ,0032596,PHOT,0,0,0,0
02305 ,0032627,PHOT,0,0,0,0
02305 ,0032590,L L ,0,0,0,0
02305 ,0032623,PHOT,0,0,0,0
02305 ,0093939,MIN ,0.19285,0,0,1928.5
02305 ,0060965,MIN ,0.201985,0,0,2019.85
02305 ,0034139,L L ,0.14920499999999998,0,0,1492.05
02305 ,0049420,L L ,0.20299999999999999,0,0,2030
02305 ,0034140,L L ,0,0,0,0
02305 ,0086322,L L ,0.23345,0,0,2334.5
02305 ,0093929,MIN ,0.20299999999999999,0,0,2030
02305 ,0093932,MIN ,0.20299999999999999,0,0,2030
02305 ,0052949,MIN ,0.20299999999999999,0,0,2030
02305 ,0093931,MIN ,0.20299999999999999,0,0,2030
02305 ,0093930,MIN ,0.20299999999999999,0,0,2030
02305 ,0053409,STTV,17.589949999999998,0,0,175899.5
02305 ,0053408,STTV,5.431265,0,0,54312.65
02305 ,0047315,XMAS,0,0,0,0
02305 ,0047316,XMAS,5.236384999999999,0,0,52363.85
02305 ,0050162,STFX,17.489465,0,0,174894.65
02305 ,0053186,WIRE,25.190269999999998,0,0,251902.7
02305 ,0053179,L L ,0.201985,0,0,2019.85
