CUSTID,SKU,CATEGORY,REF_COST,MAX_SELLPRICE,MAP,FINAL_PRICE
00066 ,0000102,DEUT,414.1,0,0,662.56
00066 ,0000105,VISI,189.625,0,0,303.4
00066 ,0000106,DEUT,442.8,0,0,708.48
00066 ,0000110,DEUT,455.1,0,0,728.16
00066 ,0000115,DEUT,533,0,0,852.8
00066 ,0000116,DEUT,533,0,0,852.8
00066 ,0000122,SCI ,133.7625,0,0,214.02
00066 ,0000123,DEUT,290.9975,0,0,465.6
00066 ,0000124,PHOT,4.88,0,0,7.81
00066 ,0000125,PHOT,10.3935,0,0,16.63
00066 ,0000128,DEUT,599.625,0,0,959.4
00066 ,0000130,DEUT,442.8,0,0,708.48
00066 ,0000131,DEUT,350.55,759,0,560.88
00066 ,0000133,DEUT,423.325,916,0,677.32
00066 ,0000134,DEUT,313.65,0,0,501.84
00066 ,0000150,GERM,24.28225,0,0,38.85
00066 ,0000156,GERM,9.9835,0,0,15.97
00066 ,0000157,GERM,5.41,0,0,8.66
00066 ,0000161,SCI ,40.07,0,0,64.11
00066 ,0000163,GERM,19.5,0,0,31.2
00066 ,0000179,GERM,25.61475,0,0,40.98
00066 ,0000183,GERM,6.806,0,0,10.89
00066 ,0000184,GERM,1.92,0,0,3.07
00066 ,0000187,GERM,36.31,0,0,58.1
00066 ,0000192,GERM,6.0475,0,0,9.68
00066 ,0000194,GERM,4.85,9,0,7.76
00066 ,0000195,GERM,6.4985,9.24,0,9.24
00066 ,0000226,GERM,6.88,0,0,11.01
00066 ,0000230,GERM,3.53625,0,0,5.66
00066 ,0000233,GERM,6.36525,0,0,10.18
00066 ,0000234,GERM,11.07,0,0,17.71
00066 ,0000235,GERM,8.35,0,0,13.36
00066 ,0000242,SCI ,234,0,0,374.4
00066 ,0000246,DEUT,598.6,0,0,957.76
00066 ,0000247,DEUT,455.1,0,0,728.16
00066 ,0000249,SCI ,198.86025,0,0,318.18
00066 ,0000250,SCI ,222.57875,0,0,356.13
00066 ,0000253,DEUT,521.2125,0,0,833.94
00066 ,0000255,DEUT,442.8,0,0,708.48
00066 ,0000256,SCI ,91.225,0,0,145.96
00066 ,0000257,SCI ,91.225,0,0,145.96
00066 ,0000259,SCI ,261.375,0,0,418.2
00066 ,0000262,SCI ,311.6,0,0,498.56
00066 ,0000265,SCI ,321.85,0,0,514.96
00066 ,0000266,SCI ,429.475,0,0,687.16
00066 ,0000267,SCI ,166.05,0,0,265.68
00066 ,0000268,SCI ,94.3,0,0,150.88
00066 ,0000269,SCI ,94.3,0,0,150.88
00066 ,0000270,SCI ,316.725,0,0,506.76
00066 ,0000292,SCI ,281.875,0,0,451
00066 ,0000293,SCI ,79.089,0,0,126.54
00066 ,0000294,SCI ,93.7055,0,0,149.93
00066 ,0000295,SCI ,172.2,0,0,275.52
00066 ,0000296,SCI ,171.175,0,0,273.88
00066 ,0000298,SCI ,283.925,0,0,454.28
00066 ,0000299,SCI ,281.875,0,0,451
00066 ,0000300,SCI ,120.95,0,0,193.52
00066 ,0000301,SCI ,176.874,0,0,283
00066 ,0000302,SCI ,284.9705,0,0,455.95
00066 ,0000319,SCI ,1.148,0,0,1.84
00066 ,0000323,MIN ,22.24,0,0,35.58
00066 ,0000324,SCI ,56.76,72.25,0,72.25
00066 ,0000340,SCI ,102.3975,166.5,0,163.84
00066 ,0000342,SCI ,35.34,0,0,56.54
00066 ,0000343,SCI ,32.92,0,0,52.67
00066 ,0000345,SCI ,81.18,132,0,129.89
00066 ,0000346,SCI ,46.27875,75.25,0,74.05
00066 ,0000348,SCI ,62.94,0,0,100.7
00066 ,0000349,SCI ,48.12375,0,0,77
00066 ,0000350,SCI ,91.47,144.5,0,144.5
00066 ,0000351,SCI ,146.37,238,0,234.19
00066 ,0000352,SCI ,17.51,20,0,20
00066 ,0000353,SCI ,17.2,19.25,0,19.25
00066 ,0000354,SCI ,41.72,0,0,66.75
00066 ,0000355,SCI ,30.04,0,0,48.06
00066 ,0000356,SCI ,191.88,271,0,271
00066 ,0000357,SCI ,49.2,74.75,0,74.75
00066 ,0000361,SCI ,24.16,0,0,38.66
00066 ,0000362,SCI ,28.75125,42.5,0,42.5
00066 ,0000364,SCI ,61.51,0,0,98.42
00066 ,0000365,SCI ,116.235,189,0,185.98
00066 ,0000367,SCI ,54.4275,88.5,0,87.08
00066 ,0000389,SCI ,2.85,0,0,4.56
00066 ,0000399,SCI ,461.56,0,0,738.5
00066 ,0000413,STTV,13.6490025,0,0,21.84
00066 ,0000422,L L ,11.30862,0,0,18.09
00066 ,0000486,PHOT,0.97,0,0,1.55
00066 ,0000555,SCI ,2,0,0,3.2
00066 ,0000574,PHOT,11.07999375,12.99,0,12.99
00066 ,0000584,PHOT,15.78,0,0,25.25
00066 ,0000595,PHOT,3.49525,0,0,5.59
00066 ,0000604,MARI,18.928735,19,0,19
00066 ,0000615,PHOT,8.75,0,0,14
00066 ,0000623,PHOT,2.583,0,0,4.13
00066 ,0000637,SCI ,8.97,0,0,14.35
00066 ,0000645,STTV,8.74955375,8.99,0,8.99
00066 ,0000650,SCI ,12.63,0,0,20.21
00066 ,0000652,I R ,30.13738,0,0,48.22
00066 ,0000660,SCI ,9.05,0,0,14.48
00066 ,0000677,PHOT,26.18,0,0,41.89
00066 ,0000678,SCI ,15.83,0,0,25.33
00066 ,0000679,PHOT,13.5717175,0,0,21.71
00066 ,0000682,PHOT,3.6,0,0,5.76
00066 ,0000686,SCI ,12.55,0,0,20.08
00066 ,0000803,SCI ,29.53,0,0,47.25
00066 ,0000805,PHOT,12.13,0,0,19.41
00066 ,0000808,PHOT,5.79125,0,0,9.27
00066 ,0000829,PHOT,3.2595,0,0,5.21
00066 ,0000841,MIN ,2.57275,0,0,4.12
00066 ,0000844,MIN ,1.4965,0,0,2.39
00066 ,0000846,MIN ,1.2095,0,0,1.94
00066 ,0000847,MIN ,1.353,0,0,2.17
00066 ,0000849,MIN ,1.353,0,0,2.17
00066 ,0000850,MIN ,3.38,0,0,5.41
00066 ,0000851,MIN ,3.8976,0,0,6.24
00066 ,0000853,MIN ,3.4645,0,0,5.54
00066 ,0000855,MIN ,3.4645,0,0,5.54
00066 ,0000856,MIN ,5.87,0,0,9.39
00066 ,0000859,PHOT,1.42475,0,0,2.28
00066 ,0000860,PHOT,5.11475,0,0,8.18
00066 ,0000861,PHOT,1.148,0,0,1.84
00066 ,0000862,PHOT,12.12575,0,0,19.4
00066 ,0000863,PHOT,10.3935,0,0,16.63
00066 ,0000864,PHOT,9.99375,0,0,15.99
00066 ,0000865,PHOT,6.77525,0,0,10.84
00066 ,0000866,PHOT,3.8335,0,0,6.13
00066 ,0000868,PHOT,24.53,0,0,39.25
00066 ,0000870,PHOT,10.4345,0,0,16.7
00066 ,0000872,MARI,10.42425,0,0,16.68
00066 ,0000873,MARI,7.24675,0,0,11.6
00066 ,0000882,SCI ,3.61,0,0,5.78
00066 ,0000886,SCI ,3.7411885,0,0,5.99
00066 ,0000889,SCI ,7.18417,0,0,11.49
00066 ,0000898,PHOT,10.64975,0,0,17.04
00066 ,0000901,PHOT,5.1455,0,0,8.23
00066 ,0000902,PHOT,4.715,0,0,7.54
00066 ,0000903,PHOT,4.469,0,0,7.15
00066 ,0000904,PHOT,4.8995,0,0,7.84
00066 ,0000908,PHOT,4.56125,0,0,7.3
00066 ,0000910,PHOT,6.57,0,0,10.51
00066 ,0000914,PHOT,6.7855,0,0,10.86
00066 ,0000916,PHOT,1.5785,0,0,2.53
00066 ,0000920,PHOT,6.0885,0,0,9.74
00066 ,0000921,SCI ,8.4665,0,0,13.55
00066 ,0000922,PHOT,8.446,0,0,13.51
00066 ,0000924,PHOT,2.83925,0,0,4.54
00066 ,0000925,PHOT,13.54025,0,0,21.66
00066 ,0000926,PHOT,2.132,0,0,3.41
00066 ,0000927,PHOT,10.578,0,0,16.93
00066 ,0000928,PHOT,4.37675,0,0,7
00066 ,0000929,PHOT,7.6875,0,0,12.3
00066 ,0000930,PHOT,3.65925,0,0,5.86
00066 ,0000931,PHOT,4.43825,0,0,7.1
00066 ,0000932,PHOT,51.6805,0,0,82.69
00066 ,0000934,PHOT,6.18075,0,0,9.89
00066 ,0000935,PHOT,1.5785,0,0,2.53
00066 ,0000936,PHOT,2.501,0,0,4
00066 ,0000938,PHOT,4.90975,0,0,7.86
00066 ,0000940,SCI ,2.14225,0,0,3.43
00066 ,0000941,PHOT,2.3985,0,0,3.84
00066 ,0000942,PHOT,3.78225,0,0,6.05
00066 ,0000950,PHOT,6.5102875,0,0,10.42
00066 ,0000952,STTV,7.2538225,0,0,11.61
00066 ,0000963,MIN ,2.28375,0,0,3.65
00066 ,0000964,PHOT,6.0885,0,0,9.74
00066 ,0000967,SCI ,37.97,0,0,60.75
00066 ,0000981,PHOT,3.567,0,0,5.71
00066 ,0000982,PHOT,3.567,0,0,5.71
00066 ,0000985,PHOT,3.567,0,0,5.71
00066 ,0000986,PHOT,3.321,0,0,5.31
00066 ,0001001,SCI ,46.89375,76.25,0,75.03
00066 ,0001003,MIN ,2.30625,0,0,3.69
00066 ,0001006,PHOT,27.64425,7,0,7
00066 ,0001021,MIN ,7.37296,0,0,11.8
00066 ,0001022,MIN ,2.42925,0,0,3.89
00066 ,0001024,MIN ,3.76175,0,0,6.02
00066 ,0001028,PHOT,16.00025,0,0,25.6
00066 ,0001036,SCI ,10.11,0,0,16.18
00066 ,0001043,MIN ,2.10125,6.75,6.75,6.75
00066 ,0001045,MIN ,3.4645,0,0,5.54
00066 ,0001046,MIN ,1.9475,1.99,0,1.99
00066 ,0001048,MIN ,2.3165,0,0,3.71
00066 ,0001051,MIN ,3.29025,0,0,5.26
00066 ,0001069,SCI ,10.23,0,0,16.37
00066 ,0001073,SCI ,6.98,0,0,11.17
00066 ,0001074,SCI ,13.05,0,0,20.88
00066 ,0001087,SCI ,14.44225,0,0,23.11
00066 ,0001089,PHOT,10.21925,0,0,16.35
00066 ,0001090,SCI ,0.97,0,0,1.55
00066 ,0001111,PHOT,18.583635,27.5,0,27.5
00066 ,0001112,PHOT,25.625,0,0,41
00066 ,0001125,PHOT,29.71475,0,0,47.54
00066 ,0001128,STTV,11.521,0,0,18.43
00066 ,0001129,STTV,13.31475,0,0,21.3
00066 ,0001130,STTV,14.72925,0,0,23.57
00066 ,0001133,STTV,12.6485,0,0,20.24
00066 ,0001134,STTV,14.33975,0,0,22.94
00066 ,0001137,STTV,14.72925,0,0,23.57
00066 ,0001138,STTV,12.6485,0,0,20.24
00066 ,0001141,PHOT,14.33975,0,0,22.94
00227 ,0000102,DEUT,414.1,0,0,579.74
00227 ,0000105,VISI,189.625,0,0,265.48
00227 ,0000106,DEUT,442.8,0,0,619.92
00227 ,0000110,DEUT,455.1,0,0,637.14
00227 ,0000115,DEUT,533,0,0,746.2
00227 ,0000116,DEUT,533,0,0,746.2
00227 ,0000122,SCI ,133.7625,0,0,187.27
00227 ,0000123,DEUT,290.9975,0,0,407.4
00227 ,0000124,PHOT,4.88,0,0,6.83
00227 ,0000125,PHOT,10.3935,0,0,14.55
00227 ,0000128,DEUT,599.625,0,0,839.48
00227 ,0000130,DEUT,442.8,0,0,619.92
00227 ,0000131,DEUT,350.55,759,0,490.77
00227 ,0000133,DEUT,423.325,916,0,592.65
00227 ,0000134,DEUT,313.65,0,0,439.11
00227 ,0000150,GERM,24.28225,0,0,33.99
00227 ,0000156,GERM,9.9835,0,0,13.98
00227 ,0000157,GERM,5.41,0,0,7.57
00227 ,0000161,SCI ,40.07,0,0,56.1
00227 ,0000163,GERM,19.5,0,0,27.3
00227 ,0000179,GERM,25.61475,0,0,35.86
00227 ,0000183,GERM,6.806,0,0,9.53
00227 ,0000184,GERM,1.92,0,0,2.69
00227 ,0000187,GERM,36.31,0,0,50.83
00227 ,0000192,GERM,6.0475,0,0,8.47
00227 ,0000194,GERM,4.85,9,0,6.79
00227 ,0000195,GERM,6.4985,9.24,0,9.1
00227 ,0000226,GERM,6.88,0,0,9.63
00227 ,0000230,GERM,3.53625,0,0,4.95
00227 ,0000233,GERM,6.36525,0,0,8.91
00227 ,0000234,GERM,11.07,0,0,15.5
00227 ,0000235,GERM,8.35,0,0,11.69
00227 ,0000242,SCI ,234,0,0,327.6
00227 ,0000246,DEUT,598.6,0,0,838.04
00227 ,0000247,DEUT,455.1,0,0,637.14
00227 ,0000249,SCI ,198.86025,0,0,278.4
00227 ,0000250,SCI ,222.57875,0,0,311.61
00227 ,0000253,DEUT,521.2125,0,0,729.7
00227 ,0000255,DEUT,442.8,0,0,619.92
00227 ,0000256,SCI ,91.225,0,0,127.72
00227 ,0000257,SCI ,91.225,0,0,127.72
00227 ,0000259,SCI ,261.375,0,0,365.93
00227 ,0000262,SCI ,311.6,0,0,436.24
00227 ,0000265,SCI ,321.85,0,0,450.59
00227 ,0000266,SCI ,429.475,0,0,601.26
00227 ,0000267,SCI ,166.05,0,0,232.47
00227 ,0000268,SCI ,94.3,0,0,132.02
00227 ,0000269,SCI ,94.3,0,0,132.02
00227 ,0000270,SCI ,316.725,0,0,443.42
00227 ,0000292,SCI ,281.875,0,0,394.63
00227 ,0000293,SCI ,79.089,0,0,110.72
00227 ,0000294,SCI ,93.7055,0,0,131.19
00227 ,0000295,SCI ,172.2,0,0,241.08
00227 ,0000296,SCI ,171.175,0,0,239.65
00227 ,0000298,SCI ,283.925,0,0,397.5
00227 ,0000299,SCI ,281.875,0,0,394.63
00227 ,0000300,SCI ,120.95,0,0,169.33
00227 ,0000301,SCI ,176.874,0,0,247.62
00227 ,0000302,SCI ,284.9705,0,0,398.96
00227 ,0000319,SCI ,1.148,0,0,1.61
00227 ,0000323,MIN ,22.24,0,0,31.14
00227 ,0000324,SCI ,56.76,72.25,0,72.25
00227 ,0000340,SCI ,102.3975,166.5,0,143.36
00227 ,0000342,SCI ,35.34,0,0,49.48
00227 ,0000343,SCI ,32.92,0,0,46.09
00227 ,0000345,SCI ,81.18,132,0,113.65
00227 ,0000346,SCI ,46.27875,75.25,0,64.79
00227 ,0000348,SCI ,62.94,0,0,88.12
00227 ,0000349,SCI ,48.12375,0,0,67.37
00227 ,0000350,SCI ,91.47,144.5,0,128.06
00227 ,0000351,SCI ,146.37,238,0,204.92
00227 ,0000352,SCI ,17.51,20,0,20
00227 ,0000353,SCI ,17.2,19.25,0,19.25
00227 ,0000354,SCI ,41.72,0,0,58.41
00227 ,0000355,SCI ,30.04,0,0,42.06
00227 ,0000356,SCI ,191.88,271,0,268.63
00227 ,0000357,SCI ,49.2,74.75,0,68.88
00227 ,0000361,SCI ,24.16,0,0,33.82
00227 ,0000362,SCI ,28.75125,42.5,0,40.25
00227 ,0000364,SCI ,61.51,0,0,86.11
00227 ,0000365,SCI ,116.235,189,0,162.73
00227 ,0000367,SCI ,54.4275,88.5,0,76.2
00227 ,0000389,SCI ,2.85,0,0,3.99
00227 ,0000399,SCI ,461.56,0,0,646.18
00227 ,0000413,STTV,13.6490025,0,0,19.11
00227 ,0000422,L L ,11.30862,0,0,15.83
00227 ,0000486,PHOT,0.97,0,0,1.36
00227 ,0000555,SCI ,2,0,0,2.8
00227 ,0000574,PHOT,11.07999375,12.99,0,12.99
00227 ,0000584,PHOT,15.78,0,0,22.09
00227 ,0000595,PHOT,3.49525,0,0,4.89
00227 ,0000604,MARI,18.928735,19,0,19
00227 ,0000615,PHOT,8.75,0,0,12.25
00227 ,0000623,PHOT,2.583,0,0,3.62
00227 ,0000637,SCI ,8.97,0,0,12.56
00227 ,0000645,STTV,8.74955375,8.99,0,8.99
00227 ,0000650,SCI ,12.63,0,0,17.68
00227 ,0000652,I R ,30.13738,0,0,42.19
00227 ,0000660,SCI ,9.05,0,0,12.67
00227 ,0000677,PHOT,26.18,0,0,36.65
00227 ,0000678,SCI ,15.83,0,0,22.16
00227 ,0000679,PHOT,13.5717175,0,0,19
00227 ,0000682,PHOT,3.6,0,0,5.04
00227 ,0000686,SCI ,12.55,0,0,17.57
00227 ,0000803,SCI ,29.53,0,0,41.34
00227 ,0000805,PHOT,12.13,0,0,16.98
00227 ,0000808,PHOT,5.79125,0,0,8.11
00227 ,0000829,PHOT,3.2595,0,0,4.56
00227 ,0000841,MIN ,2.57275,0,0,3.6
00227 ,0000844,MIN ,1.4965,0,0,2.1
00227 ,0000846,MIN ,1.2095,0,0,1.69
00227 ,0000847,MIN ,1.353,0,0,1.89
00227 ,0000849,MIN ,1.353,0,0,1.89
00227 ,0000850,MIN ,3.38,0,0,4.73
00227 ,0000851,MIN ,3.8976,0,0,5.46
00227 ,0000853,MIN ,3.4645,0,0,4.85
00227 ,0000855,MIN ,3.4645,0,0,4.85
00227 ,0000856,MIN ,5.87,0,0,8.22
00227 ,0000859,PHOT,1.42475,0,0,2
00227 ,0000860,PHOT,5.11475,0,0,7.16
00227 ,0000861,PHOT,1.148,0,0,1.61
00227 ,0000862,PHOT,12.12575,0,0,16.98
00227 ,0000863,PHOT,10.3935,0,0,14.55
00227 ,0000864,PHOT,9.99375,0,0,13.99
00227 ,0000865,PHOT,6.77525,0,0,9.48
00227 ,0000866,PHOT,3.8335,0,0,5.37
00227 ,0000868,PHOT,24.53,0,0,34.34
00227 ,0000870,PHOT,10.4345,0,0,14.61
00227 ,0000872,MARI,10.42425,0,0,14.59
00227 ,0000873,MARI,7.24675,0,0,10.14
00227 ,0000882,SCI ,3.61,0,0,5.05
00227 ,0000886,SCI ,3.7411885,0,0,5.24
00227 ,0000889,SCI ,7.18417,0,0,10.06
00227 ,0000898,PHOT,10.64975,0,0,14.91
00227 ,0000901,PHOT,5.1455,0,0,7.2
00227 ,0000902,PHOT,4.715,0,0,6.6
00227 ,0000903,PHOT,4.469,0,0,6.26
00227 ,0000904,PHOT,4.8995,0,0,6.86
00227 ,0000908,PHOT,4.56125,0,0,6.39
00227 ,0000910,PHOT,6.57,0,0,9.2
00227 ,0000914,PHOT,6.7855,0,0,9.5
00227 ,0000916,PHOT,1.5785,0,0,2.21
00227 ,0000920,PHOT,6.0885,0,0,8.52
00227 ,0000921,SCI ,8.4665,0,0,11.85
00227 ,0000922,PHOT,8.446,0,0,11.82
00227 ,0000924,PHOT,2.83925,0,0,3.98
00227 ,0000925,PHOT,13.54025,0,0,18.96
00227 ,0000926,PHOT,2.132,0,0,2.98
00227 ,0000927,PHOT,10.578,0,0,14.81
00227 ,0000928,PHOT,4.37675,0,0,6.13
00227 ,0000929,PHOT,7.6875,0,0,10.76
00227 ,0000930,PHOT,3.65925,0,0,5.12
00227 ,0000931,PHOT,4.43825,0,0,6.21
00227 ,0000932,PHOT,51.6805,0,0,72.35
00227 ,0000934,PHOT,6.18075,0,0,8.65
00227 ,0000935,PHOT,1.5785,0,0,2.21
00227 ,0000936,PHOT,2.501,0,0,3.5
00227 ,0000938,PHOT,4.90975,0,0,6.87
00227 ,0000940,SCI ,2.14225,0,0,3
00227 ,0000941,PHOT,2.3985,0,0,3.36
00227 ,0000942,PHOT,3.78225,0,0,5.29
00227 ,0000950,PHOT,6.5102875,0,0,9.11
00227 ,0000952,STTV,7.2538225,0,0,10.15
00227 ,0000963,MIN ,2.28375,0,0,3.2
00227 ,0000964,PHOT,6.0885,0,0,8.52
00227 ,0000967,SCI ,37.97,0,0,53.16
00227 ,0000981,PHOT,3.567,0,0,4.99
00227 ,0000982,PHOT,3.567,0,0,4.99
00227 ,0000985,PHOT,3.567,0,0,4.99
00227 ,0000986,PHOT,3.321,0,0,4.65
00227 ,0001001,SCI ,46.89375,76.25,0,65.65
00227 ,0001003,MIN ,2.30625,0,0,3.23
00227 ,0001006,PHOT,27.64425,7,0,7
00227 ,0001021,MIN ,7.37296,0,0,10.32
00227 ,0001022,MIN ,2.42925,0,0,3.4
00227 ,0001024,MIN ,3.76175,0,0,5.27
00227 ,0001028,PHOT,16.00025,0,0,22.4
00227 ,0001036,SCI ,10.11,0,0,14.15
00227 ,0001043,MIN ,2.10125,6.75,6.75,6.75
00227 ,0001045,MIN ,3.4645,0,0,4.85
00227 ,0001046,MIN ,1.9475,1.99,0,1.99
00227 ,0001048,MIN ,2.3165,0,0,3.24
00227 ,0001051,MIN ,3.29025,0,0,4.61
00227 ,0001069,SCI ,10.23,0,0,14.32
00227 ,0001073,SCI ,6.98,0,0,9.77
00227 ,0001074,SCI ,13.05,0,0,18.27
00227 ,0001087,SCI ,14.44225,0,0,20.22
00227 ,0001089,PHOT,10.21925,0,0,14.31
00227 ,0001090,SCI ,0.97,0,0,1.36
00227 ,0001111,PHOT,18.583635,27.5,0,26.02
00227 ,0001112,PHOT,25.625,0,0,35.88
00227 ,0001125,PHOT,29.71475,0,0,41.6
00227 ,0001128,STTV,11.521,0,0,16.13
00227 ,0001129,STTV,13.31475,0,0,18.64
00227 ,0001130,STTV,14.72925,0,0,20.62
00227 ,0001133,STTV,12.6485,0,0,17.71
00227 ,0001134,STTV,14.33975,0,0,20.08
00227 ,0001137,STTV,14.72925,0,0,20.62
00227 ,0001138,STTV,12.6485,0,0,17.71
00227 ,0001141,PHOT,14.33975,0,0,20.08
00311 ,0000102,DEUT,414.1,0,0,621.15
00311 ,0000105,VISI,189.625,0,0,284.44
00311 ,0000106,DEUT,442.8,0,0,664.2
00311 ,0000110,DEUT,455.1,0,0,682.65
00311 ,0000115,DEUT,533,0,0,799.5
00311 ,0000116,DEUT,533,0,0,799.5
00311 ,0000122,SCI ,133.7625,0,0,200.64
00311 ,0000123,DEUT,290.9975,0,0,436.5
00311 ,0000124,PHOT,4.88,0,0,7.32
00311 ,0000125,PHOT,10.3935,0,0,15.59
00311 ,0000128,DEUT,599.625,0,0,899.44
00311 ,0000130,DEUT,442.8,0,0,664.2
00311 ,0000131,DEUT,350.55,759,0,525.83
00311 ,0000133,DEUT,423.325,916,0,634.99
00311 ,0000134,DEUT,313.65,0,0,470.48
00311 ,0000150,GERM,24.28225,0,0,36.42
00311 ,0000156,GERM,9.9835,0,0,14.97
00311 ,0000157,GERM,5.41,0,0,8.12
00311 ,0000161,SCI ,40.07,0,0,60.1
00311 ,0000163,GERM,19.5,0,0,29.25
00311 ,0000179,GERM,25.61475,0,0,38.42
00311 ,0000183,GERM,6.806,0,0,10.21
00311 ,0000184,GERM,1.92,0,0,2.88
00311 ,0000187,GERM,36.31,0,0,54.47
00311 ,0000192,GERM,6.0475,0,0,9.07
00311 ,0000194,GERM,4.85,9,0,7.28
00311 ,0000195,GERM,6.4985,9.24,0,9.24
00311 ,0000226,GERM,6.88,0,0,10.32
00311 ,0000230,GERM,3.53625,0,0,5.3
00311 ,0000233,GERM,6.36525,0,0,9.55
00311 ,0000234,GERM,11.07,0,0,16.61
00311 ,0000235,GERM,8.35,0,0,12.53
00311 ,0000242,SCI ,234,0,0,351
00311 ,0000246,DEUT,598.6,0,0,897.9
00311 ,0000247,DEUT,455.1,0,0,682.65
00311 ,0000249,SCI ,198.86025,0,0,298.29
00311 ,0000250,SCI ,222.57875,0,0,333.87
00311 ,0000253,DEUT,521.2125,0,0,781.82
00311 ,0000255,DEUT,442.8,0,0,664.2
00311 ,0000256,SCI ,91.225,0,0,136.84
00311 ,0000257,SCI ,91.225,0,0,136.84
00311 ,0000259,SCI ,261.375,0,0,392.06
00311 ,0000262,SCI ,311.6,0,0,467.4
00311 ,0000265,SCI ,321.85,0,0,482.77
00311 ,0000266,SCI ,429.475,0,0,644.21
00311 ,0000267,SCI ,166.05,0,0,249.07
00311 ,0000268,SCI ,94.3,0,0,141.45
00311 ,0000269,SCI ,94.3,0,0,141.45
00311 ,0000270,SCI ,316.725,0,0,475.09
00311 ,0000292,SCI ,281.875,0,0,422.81
00311 ,0000293,SCI ,79.089,0,0,118.63
00311 ,0000294,SCI ,93.7055,0,0,140.56
00311 ,0000295,SCI ,172.2,0,0,258.3
00311 ,0000296,SCI ,171.175,0,0,256.76
00311 ,0000298,SCI ,283.925,0,0,425.89
00311 ,0000299,SCI ,281.875,0,0,422.81
00311 ,0000300,SCI ,120.95,0,0,181.43
00311 ,0000301,SCI ,176.874,0,0,265.31
00311 ,0000302,SCI ,284.9705,0,0,427.46
00311 ,0000319,SCI ,1.148,0,0,1.72
00311 ,0000323,MIN ,22.24,0,0,33.36
00311 ,0000324,SCI ,56.76,72.25,0,72.25
00311 ,0000340,SCI ,102.3975,166.5,0,153.6
00311 ,0000342,SCI ,35.34,0,0,53.01
00311 ,0000343,SCI ,32.92,0,0,49.38
00311 ,0000345,SCI ,81.18,132,0,121.77
00311 ,0000346,SCI ,46.27875,75.25,0,69.42
00311 ,0000348,SCI ,62.94,0,0,94.41
00311 ,0000349,SCI ,48.12375,0,0,72.19
00311 ,0000350,SCI ,91.47,144.5,0,137.21
00311 ,0000351,SCI ,146.37,238,0,219.56
00311 ,0000352,SCI ,17.51,20,0,20
00311 ,0000353,SCI ,17.2,19.25,0,19.25
00311 ,0000354,SCI ,41.72,0,0,62.58
00311 ,0000355,SCI ,30.04,0,0,45.06
00311 ,0000356,SCI ,191.88,271,0,271
00311 ,0000357,SCI ,49.2,74.75,0,73.8
00311 ,0000361,SCI ,24.16,0,0,36.24
00311 ,0000362,SCI ,28.75125,42.5,0,42.5
00311 ,0000364,SCI ,61.51,0,0,92.27
00311 ,0000365,SCI ,116.235,189,0,174.35
00311 ,0000367,SCI ,54.4275,88.5,0,81.64
00311 ,0000389,SCI ,2.85,0,0,4.28
00311 ,0000399,SCI ,461.56,0,0,692.34
00311 ,0000413,STTV,13.6490025,0,0,20.47
00311 ,0000422,L L ,11.30862,0,0,16.96
00311 ,0000486,PHOT,0.97,0,0,1.46
00311 ,0000555,SCI ,2,0,0,3
00311 ,0000574,PHOT,11.07999375,12.99,0,12.99
00311 ,0000584,PHOT,15.78,0,0,23.67
00311 ,0000595,PHOT,3.49525,0,0,5.24
00311 ,0000604,MARI,18.928735,19,0,19
00311 ,0000615,PHOT,8.75,0,0,13.13
00311 ,0000623,PHOT,2.583,0,0,3.88
00311 ,0000637,SCI ,8.97,0,0,13.46
00311 ,0000645,STTV,8.74955375,8.99,0,8.99
00311 ,0000650,SCI ,12.63,0,0,18.95
00311 ,0000652,I R ,30.13738,0,0,45.21
00311 ,0000660,SCI ,9.05,0,0,13.57
00311 ,0000677,PHOT,26.18,0,0,39.27
00311 ,0000678,SCI ,15.83,0,0,23.75
00311 ,0000679,PHOT,13.5717175,0,0,20.36
00311 ,0000682,PHOT,3.6,0,0,5.4
00311 ,0000686,SCI ,12.55,0,0,18.82
00311 ,0000803,SCI ,29.53,0,0,44.3
00311 ,0000805,PHOT,12.13,0,0,18.2
00311 ,0000808,PHOT,5.79125,0,0,8.69
00311 ,0000829,PHOT,3.2595,0,0,4.89
00311 ,0000841,MIN ,2.57275,0,0,3.86
00311 ,0000844,MIN ,1.4965,0,0,2.25
00311 ,0000846,MIN ,1.2095,0,0,1.81
00311 ,0000847,MIN ,1.353,0,0,2.03
00311 ,0000849,MIN ,1.353,0,0,2.03
00311 ,0000850,MIN ,3.38,0,0,5.07
00311 ,0000851,MIN ,3.8976,0,0,5.85
00311 ,0000853,MIN ,3.4645,0,0,5.2
00311 ,0000855,MIN ,3.4645,0,0,5.2
00311 ,0000856,MIN ,5.87,0,0,8.8
00311 ,0000859,PHOT,1.42475,0,0,2.14
00311 ,0000860,PHOT,5.11475,0,0,7.67
00311 ,0000861,PHOT,1.148,0,0,1.72
00311 ,0000862,PHOT,12.12575,0,0,18.19
00311 ,0000863,PHOT,10.3935,0,0,15.59
00311 ,0000864,PHOT,9.99375,0,0,14.99
00311 ,0000865,PHOT,6.77525,0,0,10.16
00311 ,0000866,PHOT,3.8335,0,0,5.75
00311 ,0000868,PHOT,24.53,0,0,36.8
00311 ,0000870,PHOT,10.4345,0,0,15.65
00311 ,0000872,MARI,10.42425,0,0,15.64
00311 ,0000873,MARI,7.24675,0,0,10.87
00311 ,0000882,SCI ,3.61,0,0,5.42
00311 ,0000886,SCI ,3.7411885,0,0,5.61
00311 ,0000889,SCI ,7.18417,0,0,10.78
00311 ,0000898,PHOT,10.64975,0,0,15.97
00311 ,0000901,PHOT,5.1455,0,0,7.72
00311 ,0000902,PHOT,4.715,0,0,7.07
00311 ,0000903,PHOT,4.469,0,0,6.7
00311 ,0000904,PHOT,4.8995,0,0,7.35
00311 ,0000908,PHOT,4.56125,0,0,6.84
00311 ,0000910,PHOT,6.57,0,0,9.86
00311 ,0000914,PHOT,6.7855,0,0,10.18
00311 ,0000916,PHOT,1.5785,0,0,2.37
00311 ,0000920,PHOT,6.0885,0,0,9.13
00311 ,0000921,SCI ,8.4665,0,0,12.7
00311 ,0000922,PHOT,8.446,0,0,12.67
00311 ,0000924,PHOT,2.83925,0,0,4.26
00311 ,0000925,PHOT,13.54025,0,0,20.31
00311 ,0000926,PHOT,2.132,0,0,3.2
00311 ,0000927,PHOT,10.578,0,0,15.87
00311 ,0000928,PHOT,4.37675,0,0,6.57
00311 ,0000929,PHOT,7.6875,0,0,11.53
00311 ,0000930,PHOT,3.65925,0,0,5.49
00311 ,0000931,PHOT,4.43825,0,0,6.66
00311 ,0000932,PHOT,51.6805,0,0,77.52
00311 ,0000934,PHOT,6.18075,0,0,9.27
00311 ,0000935,PHOT,1.5785,0,0,2.37
00311 ,0000936,PHOT,2.501,0,0,3.75
00311 ,0000938,PHOT,4.90975,0,0,7.37
00311 ,0000940,SCI ,2.14225,0,0,3.21
00311 ,0000941,PHOT,2.3985,0,0,3.6
00311 ,0000942,PHOT,3.78225,0,0,5.67
00311 ,0000950,PHOT,6.5102875,0,0,9.77
00311 ,0000952,STTV,7.2538225,0,0,10.88
00311 ,0000963,MIN ,2.28375,0,0,3.43
00311 ,0000964,PHOT,6.0885,0,0,9.13
00311 ,0000967,SCI ,37.97,0,0,56.95
00311 ,0000981,PHOT,3.567,0,0,5.35
00311 ,0000982,PHOT,3.567,0,0,5.35
00311 ,0000985,PHOT,3.567,0,0,5.35
00311 ,0000986,PHOT,3.321,0,0,4.98
00311 ,0001001,SCI ,46.89375,76.25,0,70.34
00311 ,0001003,MIN ,2.30625,0,0,3.46
00311 ,0001006,PHOT,27.64425,7,0,7
00311 ,0001021,MIN ,7.37296,0,0,11.06
00311 ,0001022,MIN ,2.42925,0,0,3.64
00311 ,0001024,MIN ,3.76175,0,0,5.64
00311 ,0001028,PHOT,16.00025,0,0,24
00311 ,0001036,SCI ,10.11,0,0,15.16
00311 ,0001043,MIN ,2.10125,6.75,6.75,6.75
00311 ,0001045,MIN ,3.4645,0,0,5.2
00311 ,0001046,MIN ,1.9475,1.99,0,1.99
00311 ,0001048,MIN ,2.3165,0,0,3.48
00311 ,0001051,MIN ,3.29025,0,0,4.93
00311 ,0001069,SCI ,10.23,0,0,15.35
00311 ,0001073,SCI ,6.98,0,0,10.47
00311 ,0001074,SCI ,13.05,0,0,19.57
00311 ,0001087,SCI ,14.44225,0,0,21.66
00311 ,0001089,PHOT,10.21925,0,0,15.33
00311 ,0001090,SCI ,0.97,0,0,1.46
00311 ,0001111,PHOT,18.583635,27.5,0,27.5
00311 ,0001112,PHOT,25.625,0,0,38.44
00311 ,0001125,PHOT,29.71475,0,0,44.57
00311 ,0001128,STTV,11.521,0,0,17.28
00311 ,0001129,STTV,13.31475,0,0,19.97
00311 ,0001130,STTV,14.72925,0,0,22.09
00311 ,0001133,STTV,12.6485,0,0,18.97
00311 ,0001134,STTV,14.33975,0,0,21.51
00311 ,0001137,STTV,14.72925,0,0,22.09
00311 ,0001138,STTV,12.6485,0,0,18.97
00311 ,0001141,PHOT,14.33975,0,0,21.51
00357 ,0000102,DEUT,414.1,0,0,662.56
00357 ,0000105,VISI,189.625,0,0,303.4
00357 ,0000106,DEUT,442.8,0,0,708.48
00357 ,0000110,DEUT,455.1,0,0,728.16
00357 ,0000115,DEUT,533,0,0,852.8
00357 ,0000116,DEUT,533,0,0,852.8
00357 ,0000122,SCI ,133.7625,0,0,214.02
00357 ,0000123,DEUT,290.9975,0,0,465.6
00357 ,0000124,PHOT,4.88,0,0,7.81
00357 ,0000125,PHOT,10.3935,0,0,16.63
00357 ,0000128,DEUT,599.625,0,0,959.4
00357 ,0000130,DEUT,442.8,0,0,708.48
00357 ,0000131,DEUT,350.55,759,0,560.88
00357 ,0000133,DEUT,423.325,916,0,677.32
00357 ,0000134,DEUT,313.65,0,0,501.84
00357 ,0000150,GERM,24.28225,0,0,38.85
00357 ,0000156,GERM,9.9835,0,0,15.97
00357 ,0000157,GERM,5.41,0,0,8.66
00357 ,0000161,SCI ,40.07,0,0,64.11
00357 ,0000163,GERM,19.5,0,0,31.2
00357 ,0000179,GERM,25.61475,0,0,40.98
00357 ,0000183,GERM,6.806,0,0,10.89
00357 ,0000184,GERM,1.92,0,0,3.07
00357 ,0000187,GERM,36.31,0,0,58.1
00357 ,0000192,GERM,6.0475,0,0,9.68
00357 ,0000194,GERM,4.85,9,0,7.76
00357 ,0000195,GERM,6.4985,9.24,0,9.24
00357 ,0000226,GERM,6.88,0,0,11.01
00357 ,0000230,GERM,3.53625,0,0,5.66
00357 ,0000233,GERM,6.36525,0,0,10.18
00357 ,0000234,GERM,11.07,0,0,17.71
00357 ,0000235,GERM,8.35,0,0,13.36
00357 ,0000242,SCI ,234,0,0,374.4
00357 ,0000246,DEUT,598.6,0,0,957.76
00357 ,0000247,DEUT,455.1,0,0,728.16
00357 ,0000249,SCI ,198.86025,0,0,318.18
00357 ,0000250,SCI ,222.57875,0,0,356.13
00357 ,0000253,DEUT,521.2125,0,0,833.94
00357 ,0000255,DEUT,442.8,0,0,708.48
00357 ,0000256,SCI ,91.225,0,0,145.96
00357 ,0000257,SCI ,91.225,0,0,145.96
00357 ,0000259,SCI ,261.375,0,0,418.2
00357 ,0000262,SCI ,311.6,0,0,498.56
00357 ,0000265,SCI ,321.85,0,0,514.96
00357 ,0000266,SCI ,429.475,0,0,687.16
00357 ,0000267,SCI ,166.05,0,0,265.68
00357 ,0000268,SCI ,94.3,0,0,150.88
00357 ,0000269,SCI ,94.3,0,0,150.88
00357 ,0000270,SCI ,316.725,0,0,506.76
00357 ,0000292,SCI ,281.875,0,0,451
00357 ,0000293,SCI ,79.089,0,0,126.54
00357 ,0000294,SCI ,93.7055,0,0,149.93
00357 ,0000295,SCI ,172.2,0,0,275.52
00357 ,0000296,SCI ,171.175,0,0,273.88
00357 ,0000298,SCI ,283.925,0,0,454.28
00357 ,0000299,SCI ,281.875,0,0,451
00357 ,0000300,SCI ,120.95,0,0,193.52
00357 ,0000301,SCI ,176.874,0,0,283
00357 ,0000302,SCI ,284.9705,0,0,455.95
00357 ,0000319,SCI ,1.148,0,0,1.84
00357 ,0000323,MIN ,22.24,0,0,35.58
00357 ,0000324,SCI ,56.76,72.25,0,72.25
00357 ,0000340,SCI ,102.3975,166.5,0,163.84
00357 ,0000342,SCI ,35.34,0,0,56.54
00357 ,0000343,SCI ,32.92,0,0,52.67
00357 ,0000345,SCI ,81.18,132,0,129.89
00357 ,0000346,SCI ,46.27875,75.25,0,74.05
00357 ,0000348,SCI ,62.94,0,0,100.7
00357 ,0000349,SCI ,48.12375,0,0,77
00357 ,0000350,SCI ,91.47,144.5,0,144.5
00357 ,0000351,SCI ,146.37,238,0,234.19
00357 ,0000352,SCI ,17.51,20,0,20
00357 ,0000353,SCI ,17.2,19.25,0,19.25
00357 ,0000354,SCI ,41.72,0,0,66.75
00357 ,0000355,SCI ,30.04,0,0,48.06
00357 ,0000356,SCI ,191.88,271,0,271
00357 ,0000357,SCI ,49.2,74.75,0,74.75
00357 ,0000361,SCI ,24.16,0,0,38.66
00357 ,0000362,SCI ,28.75125,42.5,0,42.5
00357 ,0000364,SCI ,61.51,0,0,98.42
00357 ,0000365,SCI ,116.235,189,0,185.98
00357 ,0000367,SCI ,54.4275,88.5,0,87.08
00357 ,0000389,SCI ,2.85,0,0,4.56
00357 ,0000399,SCI ,461.56,0,0,738.5
00357 ,0000413,STTV,13.6490025,0,0,21.84
00357 ,0000422,L L ,11.30862,0,0,18.09
00357 ,0000486,PHOT,0.97,0,0,1.55
00357 ,0000555,SCI ,2,0,0,3.2
00357 ,0000574,PHOT,11.07999375,12.99,0,12.99
00357 ,0000584,PHOT,15.78,0,0,25.25
00357 ,0000595,PHOT,3.49525,0,0,5.59
00357 ,0000604,MARI,18.928735,19,0,19
00357 ,0000615,PHOT,8.75,0,0,14
00357 ,0000623,PHOT,2.583,0,0,4.13
00357 ,0000637,SCI ,8.97,0,0,14.35
00357 ,0000645,STTV,8.74955375,8.99,0,8.99
00357 ,0000650,SCI ,12.63,0,0,20.21
00357 ,0000652,I R ,30.13738,0,0,48.22
00357 ,0000660,SCI ,9.05,0,0,14.48
00357 ,0000677,PHOT,26.18,0,0,41.89
00357 ,0000678,SCI ,15.83,0,0,25.33
00357 ,0000679,PHOT,13.5717175,0,0,21.71
00357 ,0000682,PHOT,3.6,0,0,5.76
00357 ,0000686,SCI ,12.55,0,0,20.08
00357 ,0000803,SCI ,29.53,0,0,47.25
00357 ,0000805,PHOT,12.13,0,0,19.41
00357 ,0000808,PHOT,5.79125,0,0,9.27
00357 ,0000829,PHOT,3.2595,0,0,5.21
00357 ,0000841,MIN ,2.57275,0,0,4.12
00357 ,0000844,MIN ,1.4965,0,0,2.39
00357 ,0000846,MIN ,1.2095,0,0,1.94
00357 ,0000847,MIN ,1.353,0,0,2.17
00357 ,0000849,MIN ,1.353,0,0,2.17
00357 ,0000850,MIN ,3.38,0,0,5.41
00357 ,0000851,MIN ,3.8976,0,0,6.24
00357 ,0000853,MIN ,3.4645,0,0,5.54
00357 ,0000855,MIN ,3.4645,0,0,5.54
00357 ,0000856,MIN ,5.87,0,0,9.39
00357 ,0000859,PHOT,1.42475,0,0,2.28
00357 ,0000860,PHOT,5.11475,0,0,8.18
00357 ,0000861,PHOT,1.148,0,0,1.84
00357 ,0000862,PHOT,12.12575,0,0,19.4
00357 ,0000863,PHOT,10.3935,0,0,16.63
00357 ,0000864,PHOT,9.99375,0,0,15.99
00357 ,0000865,PHOT,6.77525,0,0,10.84
00357 ,0000866,PHOT,3.8335,0,0,6.13
00357 ,0000868,PHOT,24.53,0,0,39.25
00357 ,0000870,PHOT,10.4345,0,0,16.7
00357 ,0000872,MARI,10.42425,0,0,16.68
00357 ,0000873,MARI,7.24675,0,0,11.6
00357 ,0000882,SCI ,3.61,0,0,5.78
00357 ,0000886,SCI ,3.7411885,0,0,5.99
00357 ,0000889,SCI ,7.18417,0,0,11.49
00357 ,0000898,PHOT,10.64975,0,0,17.04
00357 ,0000901,PHOT,5.1455,0,0,8.23
00357 ,0000902,PHOT,4.715,0,0,7.54
00357 ,0000903,PHOT,4.469,0,0,7.15
00357 ,0000904,PHOT,4.8995,0,0,7.84
00357 ,0000908,PHOT,4.56125,0,0,7.3
00357 ,0000910,PHOT,6.57,0,0,10.51
00357 ,0000914,PHOT,6.7855,0,0,10.86
00357 ,0000916,PHOT,1.5785,0,0,2.53
00357 ,0000920,PHOT,6.0885,0,0,9.74
00357 ,0000921,SCI ,8.4665,0,0,13.55
00357 ,0000922,PHOT,8.446,0,0,13.51
00357 ,0000924,PHOT,2.83925,0,0,4.54
00357 ,0000925,PHOT,13.54025,0,0,21.66
00357 ,0000926,PHOT,2.132,0,0,3.41
00357 ,0000927,PHOT,10.578,0,0,16.93
00357 ,0000928,PHOT,4.37675,0,0,7
00357 ,0000929,PHOT,7.6875,0,0,12.3
00357 ,0000930,PHOT,3.65925,0,0,5.86
00357 ,0000931,PHOT,4.43825,0,0,7.1
00357 ,0000932,PHOT,51.6805,0,0,82.69
00357 ,0000934,PHOT,6.18075,0,0,9.89
00357 ,0000935,PHOT,1.5785,0,0,2.53
00357 ,0000936,PHOT,2.501,0,0,4
00357 ,0000938,PHOT,4.90975,0,0,7.86
00357 ,0000940,SCI ,2.14225,0,0,3.43
00357 ,0000941,PHOT,2.3985,0,0,3.84
00357 ,0000942,PHOT,3.78225,0,0,6.05
00357 ,0000950,PHOT,6.5102875,0,0,10.42
00357 ,0000952,STTV,7.2538225,0,0,11.61
00357 ,0000963,MIN ,2.28375,0,0,3.65
00357 ,0000964,PHOT,6.0885,0,0,9.74
00357 ,0000967,SCI ,37.97,0,0,60.75
00357 ,0000981,PHOT,3.567,0,0,5.71
00357 ,0000982,PHOT,3.567,0,0,5.71
00357 ,0000985,PHOT,3.567,0,0,5.71
00357 ,0000986,PHOT,3.321,0,0,5.31
00357 ,0001001,SCI ,46.89375,76.25,0,75.03
00357 ,0001003,MIN ,2.30625,0,0,3.69
00357 ,0001006,PHOT,27.64425,7,0,7
00357 ,0001021,MIN ,7.37296,0,0,11.8
00357 ,0001022,MIN ,2.42925,0,0,3.89
00357 ,0001024,MIN ,3.76175,0,0,6.02
00357 ,0001028,PHOT,16.00025,0,0,25.6
00357 ,0001036,SCI ,10.11,0,0,16.18
00357 ,0001043,MIN ,2.10125,6.75,6.75,6.75
00357 ,0001045,MIN ,3.4645,0,0,5.54
00357 ,0001046,MIN ,1.9475,1.99,0,1.99
00357 ,0001048,MIN ,2.3165,0,0,3.71
00357 ,0001051,MIN ,3.29025,0,0,5.26
00357 ,0001069,SCI ,10.23,0,0,16.37
00357 ,0001073,SCI ,6.98,0,0,11.17
00357 ,0001074,SCI ,13.05,0,0,20.88
00357 ,0001087,SCI ,14.44225,0,0,23.11
00357 ,0001089,PHOT,10.21925,0,0,16.35
00357 ,0001090,SCI ,0.97,0,0,1.55
00357 ,0001111,PHOT,18.583635,27.5,0,27.5
00357 ,0001112,PHOT,25.625,0,0,41
00357 ,0001125,PHOT,29.71475,0,0,47.54
00357 ,0001128,STTV,11.521,0,0,18.43
00357 ,0001129,STTV,13.31475,0,0,21.3
00357 ,0001130,STTV,14.72925,0,0,23.57
00357 ,0001133,STTV,12.6485,0,0,20.24
00357 ,0001134,STTV,14.33975,0,0,22.94
00357 ,0001137,STTV,14.72925,0,0,23.57
00357 ,0001138,STTV,12.6485,0,0,20.24
00357 ,0001141,PHOT,14.33975,0,0,22.94
00378 ,0000102,DEUT,414.1,0,0,579.74
00378 ,0000105,VISI,189.625,0,0,265.48
00378 ,0000106,DEUT,442.8,0,0,619.92
00378 ,0000110,DEUT,455.1,0,0,637.14
00378 ,0000115,DEUT,533,0,0,746.2
00378 ,0000116,DEUT,533,0,0,746.2
00378 ,0000122,SCI ,133.7625,0,0,187.27
00378 ,0000123,DEUT,290.9975,0,0,407.4
00378 ,0000124,PHOT,4.88,0,0,6.83
00378 ,0000125,PHOT,10.3935,0,0,14.55
00378 ,0000128,DEUT,599.625,0,0,839.48
00378 ,0000130,DEUT,442.8,0,0,619.92
00378 ,0000131,DEUT,350.55,759,0,490.77
00378 ,0000133,DEUT,423.325,916,0,592.65
00378 ,0000134,DEUT,313.65,0,0,439.11
00378 ,0000150,GERM,24.28225,0,0,33.99
00378 ,0000156,GERM,9.9835,0,0,13.98
00378 ,0000157,GERM,5.41,0,0,7.57
00378 ,0000161,SCI ,40.07,0,0,56.1
00378 ,0000163,GERM,19.5,0,0,27.3
00378 ,0000179,GERM,25.61475,0,0,35.86
00378 ,0000183,GERM,6.806,0,0,9.53
00378 ,0000184,GERM,1.92,0,0,2.69
00378 ,0000187,GERM,36.31,0,0,50.83
00378 ,0000192,GERM,6.0475,0,0,8.47
00378 ,0000194,GERM,4.85,9,0,6.79
00378 ,0000195,GERM,6.4985,9.24,0,9.1
00378 ,0000226,GERM,6.88,0,0,9.63
00378 ,0000230,GERM,3.53625,0,0,4.95
00378 ,0000233,GERM,6.36525,0,0,8.91
00378 ,0000234,GERM,11.07,0,0,15.5
00378 ,0000235,GERM,8.35,0,0,11.69
00378 ,0000242,SCI ,234,0,0,327.6
00378 ,0000246,DEUT,598.6,0,0,838.04
00378 ,0000247,DEUT,455.1,0,0,637.14
00378 ,0000249,SCI ,198.86025,0,0,278.4
00378 ,0000250,SCI ,222.57875,0,0,311.61
00378 ,0000253,DEUT,521.2125,0,0,729.7
00378 ,0000255,DEUT,442.8,0,0,619.92
00378 ,0000256,SCI ,91.225,0,0,127.72
00378 ,0000257,SCI ,91.225,0,0,127.72
00378 ,0000259,SCI ,261.375,0,0,365.93
00378 ,0000262,SCI ,311.6,0,0,436.24
00378 ,0000265,SCI ,321.85,0,0,450.59
00378 ,0000266,SCI ,429.475,0,0,601.26
00378 ,0000267,SCI ,166.05,0,0,232.47
00378 ,0000268,SCI ,94.3,0,0,132.02
00378 ,0000269,SCI ,94.3,0,0,132.02
00378 ,0000270,SCI ,316.725,0,0,443.42
00378 ,0000292,SCI ,281.875,0,0,394.63
00378 ,0000293,SCI ,79.089,0,0,110.72
00378 ,0000294,SCI ,93.7055,0,0,131.19
00378 ,0000295,SCI ,172.2,0,0,241.08
00378 ,0000296,SCI ,171.175,0,0,239.65
00378 ,0000298,SCI ,283.925,0,0,397.5
00378 ,0000299,SCI ,281.875,0,0,394.63
00378 ,0000300,SCI ,120.95,0,0,169.33
00378 ,0000301,SCI ,176.874,0,0,247.62
00378 ,0000302,SCI ,284.9705,0,0,398.96
00378 ,0000319,SCI ,1.148,0,0,1.61
00378 ,0000323,MIN ,22.24,0,0,31.14
00378 ,0000324,SCI ,56.76,72.25,0,72.25
00378 ,0000340,SCI ,102.3975,166.5,0,143.36
00378 ,0000342,SCI ,35.34,0,0,49.48
00378 ,0000343,SCI ,32.92,0,0,46.09
00378 ,0000345,SCI ,81.18,132,0,113.65
00378 ,0000346,SCI ,46.27875,75.25,0,64.79
00378 ,0000348,SCI ,62.94,0,0,88.12
00378 ,0000349,SCI ,48.12375,0,0,67.37
00378 ,0000350,SCI ,91.47,144.5,0,128.06
00378 ,0000351,SCI ,146.37,238,0,204.92
00378 ,0000352,SCI ,17.51,20,0,20
00378 ,0000353,SCI ,17.2,19.25,0,19.25
00378 ,0000354,SCI ,41.72,0,0,58.41
00378 ,0000355,SCI ,30.04,0,0,42.06
00378 ,0000356,SCI ,191.88,271,0,268.63
00378 ,0000357,SCI ,49.2,74.75,0,68.88
00378 ,0000361,SCI ,24.16,0,0,33.82
00378 ,0000362,SCI ,28.75125,42.5,0,40.25
00378 ,0000364,SCI ,61.51,0,0,86.11
00378 ,0000365,SCI ,116.235,189,0,162.73
00378 ,0000367,SCI ,54.4275,88.5,0,76.2
00378 ,0000389,SCI ,2.85,0,0,3.99
00378 ,0000399,SCI ,461.56,0,0,646.18
00378 ,0000413,STTV,13.6490025,0,0,19.11
00378 ,0000422,L L ,11.30862,0,0,15.83
00378 ,0000486,PHOT,0.97,0,0,1.36
00378 ,0000555,SCI ,2,0,0,2.8
00378 ,0000574,PHOT,11.07999375,12.99,0,12.99
00378 ,0000584,PHOT,15.78,0,0,22.09
00378 ,0000595,PHOT,3.49525,0,0,4.89
00378 ,0000604,MARI,18.928735,19,0,19
00378 ,0000615,PHOT,8.75,0,0,12.25
00378 ,0000623,PHOT,2.583,0,0,3.62
00378 ,0000637,SCI ,8.97,0,0,12.56
00378 ,0000645,STTV,8.74955375,8.99,0,8.99
00378 ,0000650,SCI ,12.63,0,0,17.68
00378 ,0000652,I R ,30.13738,0,0,42.19
00378 ,0000660,SCI ,9.05,0,0,12.67
00378 ,0000677,PHOT,26.18,0,0,36.65
00378 ,0000678,SCI ,15.83,0,0,22.16
00378 ,0000679,PHOT,13.5717175,0,0,19
00378 ,0000682,PHOT,3.6,0,0,5.04
00378 ,0000686,SCI ,12.55,0,0,17.57
00378 ,0000803,SCI ,29.53,0,0,41.34
00378 ,0000805,PHOT,12.13,0,0,16.98
00378 ,0000808,PHOT,5.79125,0,0,8.11
00378 ,0000829,PHOT,3.2595,0,0,4.56
00378 ,0000841,MIN ,2.57275,0,0,3.6
00378 ,0000844,MIN ,1.4965,0,0,2.1
00378 ,0000846,MIN ,1.2095,0,0,1.69
00378 ,0000847,MIN ,1.353,0,0,1.89
00378 ,0000849,MIN ,1.353,0,0,1.89
00378 ,0000850,MIN ,3.38,0,0,4.73
00378 ,0000851,MIN ,3.8976,0,0,5.46
00378 ,0000853,MIN ,3.4645,0,0,4.85
00378 ,0000855,MIN ,3.4645,0,0,4.85
00378 ,0000856,MIN ,5.87,0,0,8.22
00378 ,0000859,PHOT,1.42475,0,0,2
00378 ,0000860,PHOT,5.11475,0,0,7.16
00378 ,0000861,PHOT,1.148,0,0,1.61
00378 ,0000862,PHOT,12.12575,0,0,16.98
00378 ,0000863,PHOT,10.3935,0,0,14.55
00378 ,0000864,PHOT,9.99375,0,0,13.99
00378 ,0000865,PHOT,6.77525,0,0,9.48
00378 ,0000866,PHOT,3.8335,0,0,5.37
00378 ,0000868,PHOT,24.53,0,0,34.34
00378 ,0000870,PHOT,10.4345,0,0,14.61
00378 ,0000872,MARI,10.42425,0,0,14.59
00378 ,0000873,MARI,7.24675,0,0,10.14
00378 ,0000882,SCI ,3.61,0,0,5.05
00378 ,0000886,SCI ,3.7411885,0,0,5.24
00378 ,0000889,SCI ,7.18417,0,0,10.06
00378 ,0000898,PHOT,10.64975,0,0,14.91
00378 ,0000901,PHOT,5.1455,0,0,7.2
00378 ,0000902,PHOT,4.715,0,0,6.6
00378 ,0000903,PHOT,4.469,0,0,6.26
00378 ,0000904,PHOT,4.8995,0,0,6.86
00378 ,0000908,PHOT,4.56125,0,0,6.39
00378 ,0000910,PHOT,6.57,0,0,9.2
00378 ,0000914,PHOT,6.7855,0,0,9.5
00378 ,0000916,PHOT,1.5785,0,0,2.21
00378 ,0000920,PHOT,6.0885,0,0,8.52
00378 ,0000921,SCI ,8.4665,0,0,11.85
00378 ,0000922,PHOT,8.446,0,0,11.82
00378 ,0000924,PHOT,2.83925,0,0,3.98
00378 ,0000925,PHOT,13.54025,0,0,18.96
00378 ,0000926,PHOT,2.132,0,0,2.98
00378 ,0000927,PHOT,10.578,0,0,14.81
00378 ,0000928,PHOT,4.37675,0,0,6.13
00378 ,0000929,PHOT,7.6875,0,0,10.76
00378 ,0000930,PHOT,3.65925,0,0,5.12
00378 ,0000931,PHOT,4.43825,0,0,6.21
00378 ,0000932,PHOT,51.6805,0,0,72.35
00378 ,0000934,PHOT,6.18075,0,0,8.65
00378 ,0000935,PHOT,1.5785,0,0,2.21
00378 ,0000936,PHOT,2.501,0,0,3.5
00378 ,0000938,PHOT,4.90975,0,0,6.87
00378 ,0000940,SCI ,2.14225,0,0,3
00378 ,0000941,PHOT,2.3985,0,0,3.36
00378 ,0000942,PHOT,3.78225,0,0,5.29
00378 ,0000950,PHOT,6.5102875,0,0,9.11
00378 ,0000952,STTV,7.2538225,0,0,10.15
00378 ,0000963,MIN ,2.28375,0,0,3.2
00378 ,0000964,PHOT,6.0885,0,0,8.52
00378 ,0000967,SCI ,37.97,0,0,53.16
00378 ,0000981,PHOT,3.567,0,0,4.99
00378 ,0000982,PHOT,3.567,0,0,4.99
00378 ,0000985,PHOT,3.567,0,0,4.99
00378 ,0000986,PHOT,3.321,0,0,4.65
00378 ,0001001,SCI ,46.89375,76.25,0,65.65
00378 ,0001003,MIN ,2.30625,0,0,3.23
00378 ,0001006,PHOT,27.64425,7,0,7
00378 ,0001021,MIN ,7.37296,0,0,10.32
00378 ,0001022,MIN ,2.42925,0,0,3.4
00378 ,0001024,MIN ,3.76175,0,0,5.27
00378 ,0001028,PHOT,16.00025,0,0,22.4
00378 ,0001036,SCI ,10.11,0,0,14.15
00378 ,0001043,MIN ,2.10125,6.75,6.75,6.75
00378 ,0001045,MIN ,3.4645,0,0,4.85
00378 ,0001046,MIN ,1.9475,1.99,0,1.99
00378 ,0001048,MIN ,2.3165,0,0,3.24
00378 ,0001051,MIN ,3.29025,0,0,4.61
00378 ,0001069,SCI ,10.23,0,0,14.32
00378 ,0001073,SCI ,6.98,0,0,9.77
00378 ,0001074,SCI ,13.05,0,0,18.27
00378 ,0001087,SCI ,14.44225,0,0,20.22
00378 ,0001089,PHOT,10.21925,0,0,14.31
00378 ,0001090,SCI ,0.97,0,0,1.36
00378 ,0001111,PHOT,18.583635,27.5,0,26.02
00378 ,0001112,PHOT,25.625,0,0,35.88
00378 ,0001125,PHOT,29.71475,0,0,41.6
00378 ,0001128,STTV,11.521,0,0,16.13
00378 ,0001129,STTV,13.31475,0,0,18.64
00378 ,0001130,STTV,14.72925,0,0,20.62
00378 ,0001133,STTV,12.6485,0,0,17.71
00378 ,0001134,STTV,14.33975,0,0,20.08
00378 ,0001137,STTV,14.72925,0,0,20.62
00378 ,0001138,STTV,12.6485,0,0,17.71
00378 ,0001141,PHOT,14.33975,0,0,20.08
00396 ,0000102,DEUT,414.1,0,0,579.74
00396 ,0000105,VISI,189.625,0,0,265.48
00396 ,0000106,DEUT,442.8,0,0,619.92
00396 ,0000110,DEUT,455.1,0,0,637.14
00396 ,0000115,DEUT,533,0,0,746.2
00396 ,0000116,DEUT,533,0,0,746.2
00396 ,0000122,SCI ,133.7625,0,0,187.27
00396 ,0000123,DEUT,290.9975,0,0,407.4
00396 ,0000124,PHOT,4.88,0,0,6.83
00396 ,0000125,PHOT,10.3935,0,0,14.55
00396 ,0000128,DEUT,599.625,0,0,839.48
00396 ,0000130,DEUT,442.8,0,0,619.92
00396 ,0000131,DEUT,350.55,759,0,490.77
00396 ,0000133,DEUT,423.325,916,0,592.65
00396 ,0000134,DEUT,313.65,0,0,439.11
00396 ,0000150,GERM,24.28225,0,0,33.99
00396 ,0000156,GERM,9.9835,0,0,13.98
00396 ,0000157,GERM,5.41,0,0,7.57
00396 ,0000161,SCI ,40.07,0,0,56.1
00396 ,0000163,GERM,19.5,0,0,27.3
00396 ,0000179,GERM,25.61475,0,0,35.86
00396 ,0000183,GERM,6.806,0,0,9.53
00396 ,0000184,GERM,1.92,0,0,2.69
00396 ,0000187,GERM,36.31,0,0,50.83
00396 ,0000192,GERM,6.0475,0,0,8.47
00396 ,0000194,GERM,4.85,9,0,6.79
00396 ,0000195,GERM,6.4985,9.24,0,9.1
00396 ,0000226,GERM,6.88,0,0,9.63
00396 ,0000230,GERM,3.53625,0,0,4.95
00396 ,0000233,GERM,6.36525,0,0,8.91
00396 ,0000234,GERM,11.07,0,0,15.5
00396 ,0000235,GERM,8.35,0,0,11.69
00396 ,0000242,SCI ,234,0,0,327.6
00396 ,0000246,DEUT,598.6,0,0,838.04
00396 ,0000247,DEUT,455.1,0,0,637.14
00396 ,0000249,SCI ,198.86025,0,0,278.4
00396 ,0000250,SCI ,222.57875,0,0,311.61
00396 ,0000253,DEUT,521.2125,0,0,729.7
00396 ,0000255,DEUT,442.8,0,0,619.92
00396 ,0000256,SCI ,91.225,0,0,127.72
00396 ,0000257,SCI ,91.225,0,0,127.72
00396 ,0000259,SCI ,261.375,0,0,365.93
00396 ,0000262,SCI ,311.6,0,0,436.24
00396 ,0000265,SCI ,321.85,0,0,450.59
00396 ,0000266,SCI ,429.475,0,0,601.26
00396 ,0000267,SCI ,166.05,0,0,232.47
00396 ,0000268,SCI ,94.3,0,0,132.02
00396 ,0000269,SCI ,94.3,0,0,132.02
00396 ,0000270,SCI ,316.725,0,0,443.42
00396 ,0000292,SCI ,281.875,0,0,394.63
00396 ,0000293,SCI ,79.089,0,0,110.72
00396 ,0000294,SCI ,93.7055,0,0,131.19
00396 ,0000295,SCI ,172.2,0,0,241.08
00396 ,0000296,SCI ,171.175,0,0,239.65
00396 ,0000298,SCI ,283.925,0,0,397.5
00396 ,0000299,SCI ,281.875,0,0,394.63
00396 ,0000300,SCI ,120.95,0,0,169.33
00396 ,0000301,SCI ,176.874,0,0,247.62
00396 ,0000302,SCI ,284.9705,0,0,398.96
00396 ,0000319,SCI ,1.148,0,0,1.61
00396 ,0000323,MIN ,22.24,0,0,31.14
00396 ,0000324,SCI ,56.76,72.25,0,72.25
00396 ,0000340,SCI ,102.3975,166.5,0,143.36
00396 ,0000342,SCI ,35.34,0,0,49.48
00396 ,0000343,SCI ,32.92,0,0,46.09
00396 ,0000345,SCI ,81.18,132,0,113.65
00396 ,0000346,SCI ,46.27875,75.25,0,64.79
00396 ,0000348,SCI ,62.94,0,0,88.12
00396 ,0000349,SCI ,48.12375,0,0,67.37
00396 ,0000350,SCI ,91.47,144.5,0,128.06
00396 ,0000351,SCI ,146.37,238,0,204.92
00396 ,0000352,SCI ,17.51,20,0,20
00396 ,0000353,SCI ,17.2,19.25,0,19.25
00396 ,0000354,SCI ,41.72,0,0,58.41
00396 ,0000355,SCI ,30.04,0,0,42.06
00396 ,0000356,SCI ,191.88,271,0,268.63
00396 ,0000357,SCI ,49.2,74.75,0,68.88
00396 ,0000361,SCI ,24.16,0,0,33.82
00396 ,0000362,SCI ,28.75125,42.5,0,40.25
00396 ,0000364,SCI ,61.51,0,0,86.11
00396 ,0000365,SCI ,116.235,189,0,162.73
00396 ,0000367,SCI ,54.4275,88.5,0,76.2
00396 ,0000389,SCI ,2.85,0,0,3.99
00396 ,0000399,SCI ,461.56,0,0,646.18
00396 ,0000413,STTV,13.6490025,0,0,19.11
00396 ,0000422,L L ,11.30862,0,0,15.83
00396 ,0000486,PHOT,0.97,0,0,1.36
00396 ,0000555,SCI ,2,0,0,2.8
00396 ,0000574,PHOT,11.07999375,12.99,0,12.99
00396 ,0000584,PHOT,15.78,0,0,22.09
00396 ,0000595,PHOT,3.49525,0,0,4.89
00396 ,0000604,MARI,18.928735,19,0,19
00396 ,0000615,PHOT,8.75,0,0,12.25
00396 ,0000623,PHOT,2.583,0,0,3.62
00396 ,0000637,SCI ,8.97,0,0,12.56
00396 ,0000645,STTV,8.74955375,8.99,0,8.99
00396 ,0000650,SCI ,12.63,0,0,17.68
00396 ,0000652,I R ,30.13738,0,0,42.19
00396 ,0000660,SCI ,9.05,0,0,12.67
00396 ,0000677,PHOT,26.18,0,0,36.65
00396 ,0000678,SCI ,15.83,0,0,22.16
00396 ,0000679,PHOT,13.5717175,0,0,19
00396 ,0000682,PHOT,3.6,0,0,5.04
00396 ,0000686,SCI ,12.55,0,0,17.57
00396 ,0000803,SCI ,29.53,0,0,41.34
00396 ,0000805,PHOT,12.13,0,0,16.98
00396 ,0000808,PHOT,5.79125,0,0,8.11
00396 ,0000829,PHOT,3.2595,0,0,4.56
00396 ,0000841,MIN ,2.57275,0,0,3.6
00396 ,0000844,MIN ,1.4965,0,0,2.1
00396 ,0000846,MIN ,1.2095,0,0,1.69
00396 ,0000847,MIN ,1.353,0,0,1.89
00396 ,0000849,MIN ,1.353,0,0,1.89
00396 ,0000850,MIN ,3.38,0,0,4.73
00396 ,0000851,MIN ,3.8976,0,0,5.46
00396 ,0000853,MIN ,3.4645,0,0,4.85
00396 ,0000855,MIN ,3.4645,0,0,4.85
00396 ,0000856,MIN ,5.87,0,0,8.22
00396 ,0000859,PHOT,1.42475,0,0,2
00396 ,0000860,PHOT,5.11475,0,0,7.16
00396 ,0000861,PHOT,1.148,0,0,1.61
00396 ,0000862,PHOT,12.12575,0,0,16.98
00396 ,0000863,PHOT,10.3935,0,0,14.55
00396 ,0000864,PHOT,9.99375,0,0,13.99
00396 ,0000865,PHOT,6.77525,0,0,9.48
00396 ,0000866,PHOT,3.8335,0,0,5.37
00396 ,0000868,PHOT,24.53,0,0,34.34
00396 ,0000870,PHOT,10.4345,0,0,14.61
00396 ,0000872,MARI,10.42425,0,0,14.59
00396 ,0000873,MARI,7.24675,0,0,10.14
00396 ,0000882,SCI ,3.61,0,0,5.05
00396 ,0000886,SCI ,3.7411885,0,0,5.24
00396 ,0000889,SCI ,7.18417,0,0,10.06
00396 ,0000898,PHOT,10.64975,0,0,14.91
00396 ,0000901,PHOT,5.1455,0,0,7.2
00396 ,0000902,PHOT,4.715,0,0,6.6
00396 ,0000903,PHOT,4.469,0,0,6.26
00396 ,0000904,PHOT,4.8995,0,0,6.86
00396 ,0000908,PHOT,4.56125,0,0,6.39
00396 ,0000910,PHOT,6.57,0,0,9.2
00396 ,0000914,PHOT,6.7855,0,0,9.5
00396 ,0000916,PHOT,1.5785,0,0,2.21
00396 ,0000920,PHOT,6.0885,0,0,8.52
00396 ,0000921,SCI ,8.4665,0,0,11.85
00396 ,0000922,PHOT,8.446,0,0,11.82
00396 ,0000924,PHOT,2.83925,0,0,3.98
00396 ,0000925,PHOT,13.54025,0,0,18.96
00396 ,0000926,PHOT,2.132,0,0,2.98
00396 ,0000927,PHOT,10.578,0,0,14.81
00396 ,0000928,PHOT,4.37675,0,0,6.13
00396 ,0000929,PHOT,7.6875,0,0,10.76
00396 ,0000930,PHOT,3.65925,0,0,5.12
00396 ,0000931,PHOT,4.43825,0,0,6.21
00396 ,0000932,PHOT,51.6805,0,0,72.35
00396 ,0000934,PHOT,6.18075,0,0,8.65
00396 ,0000935,PHOT,1.5785,0,0,2.21
00396 ,0000936,PHOT,2.501,0,0,3.5
00396 ,0000938,PHOT,4.90975,0,0,6.87
00396 ,0000940,SCI ,2.14225,0,0,3
00396 ,0000941,PHOT,2.3985,0,0,3.36
00396 ,0000942,PHOT,3.78225,0,0,5.29
00396 ,0000950,PHOT,6.5102875,0,0,9.11
00396 ,0000952,STTV,7.2538225,0,0,10.15
00396 ,0000963,MIN ,2.28375,0,0,3.2
00396 ,0000964,PHOT,6.0885,0,0,8.52
00396 ,0000967,SCI ,37.97,0,0,53.16
00396 ,0000981,PHOT,3.567,0,0,4.99
00396 ,0000982,PHOT,3.567,0,0,4.99
00396 ,0000985,PHOT,3.567,0,0,4.99
00396 ,0000986,PHOT,3.321,0,0,4.65
00396 ,0001001,SCI ,46.89375,76.25,0,65.65
00396 ,0001003,MIN ,2.30625,0,0,3.23
00396 ,0001006,PHOT,27.64425,7,0,7
00396 ,0001021,MIN ,7.37296,0,0,10.32
00396 ,0001022,MIN ,2.42925,0,0,3.4
00396 ,0001024,MIN ,3.76175,0,0,5.27
00396 ,0001028,PHOT,16.00025,0,0,22.4
00396 ,0001036,SCI ,10.11,0,0,14.15
00396 ,0001043,MIN ,2.10125,6.75,6.75,6.75
00396 ,0001045,MIN ,3.4645,0,0,4.85
00396 ,0001046,MIN ,1.9475,1.99,0,1.99
00396 ,0001048,MIN ,2.3165,0,0,3.24
00396 ,0001051,MIN ,3.29025,0,0,4.61
00396 ,0001069,SCI ,10.23,0,0,14.32
00396 ,0001073,SCI ,6.98,0,0,9.77
00396 ,0001074,SCI ,13.05,0,0,18.27
00396 ,0001087,SCI ,14.44225,0,0,20.22
00396 ,0001089,PHOT,10.21925,0,0,14.31
00396 ,0001090,SCI ,0.97,0,0,1.36
00396 ,0001111,PHOT,18.583635,27.5,0,26.02
00396 ,0001112,PHOT,25.625,0,0,35.88
00396 ,0001125,PHOT,29.71475,0,0,41.6
00396 ,0001128,STTV,11.521,0,0,16.13
00396 ,0001129,STTV,13.31475,0,0,18.64
00396 ,0001130,STTV,14.72925,0,0,20.62
00396 ,0001133,STTV,12.6485,0,0,17.71
00396 ,0001134,STTV,14.33975,0,0,20.08
00396 ,0001137,STTV,14.72925,0,0,20.62
00396 ,0001138,STTV,12.6485,0,0,17.71
00396 ,0001141,PHOT,14.33975,0,0,20.08
00406 ,0000102,DEUT,414.1,0,0,621.15
00406 ,0000105,VISI,189.625,0,0,284.44
00406 ,0000106,DEUT,442.8,0,0,664.2
00406 ,0000110,DEUT,455.1,0,0,682.65
00406 ,0000115,DEUT,533,0,0,799.5
00406 ,0000116,DEUT,533,0,0,799.5
00406 ,0000122,SCI ,133.7625,0,0,200.64
00406 ,0000123,DEUT,290.9975,0,0,436.5
00406 ,0000124,PHOT,4.88,0,0,7.32
00406 ,0000125,PHOT,10.3935,0,0,15.59
00406 ,0000128,DEUT,599.625,0,0,899.44
00406 ,0000130,DEUT,442.8,0,0,664.2
00406 ,0000131,DEUT,350.55,759,0,525.83
00406 ,0000133,DEUT,423.325,916,0,634.99
00406 ,0000134,DEUT,313.65,0,0,470.48
00406 ,0000150,GERM,24.28225,0,0,36.42
00406 ,0000156,GERM,9.9835,0,0,14.97
00406 ,0000157,GERM,5.41,0,0,8.12
00406 ,0000161,SCI ,40.07,0,0,60.1
00406 ,0000163,GERM,19.5,0,0,29.25
00406 ,0000179,GERM,25.61475,0,0,38.42
00406 ,0000183,GERM,6.806,0,0,10.21
00406 ,0000184,GERM,1.92,0,0,2.88
00406 ,0000187,GERM,36.31,0,0,54.47
00406 ,0000192,GERM,6.0475,0,0,9.07
00406 ,0000194,GERM,4.85,9,0,7.28
00406 ,0000195,GERM,6.4985,9.24,0,9.24
00406 ,0000226,GERM,6.88,0,0,10.32
00406 ,0000230,GERM,3.53625,0,0,5.3
00406 ,0000233,GERM,6.36525,0,0,9.55
00406 ,0000234,GERM,11.07,0,0,16.61
00406 ,0000235,GERM,8.35,0,0,12.53
00406 ,0000242,SCI ,234,0,0,351
00406 ,0000246,DEUT,598.6,0,0,897.9
00406 ,0000247,DEUT,455.1,0,0,682.65
00406 ,0000249,SCI ,198.86025,0,0,298.29
00406 ,0000250,SCI ,222.57875,0,0,333.87
00406 ,0000253,DEUT,521.2125,0,0,781.82
00406 ,0000255,DEUT,442.8,0,0,664.2
00406 ,0000256,SCI ,91.225,0,0,136.84
00406 ,0000257,SCI ,91.225,0,0,136.84
00406 ,0000259,SCI ,261.375,0,0,392.06
00406 ,0000262,SCI ,311.6,0,0,467.4
00406 ,0000265,SCI ,321.85,0,0,482.77
00406 ,0000266,SCI ,429.475,0,0,644.21
00406 ,0000267,SCI ,166.05,0,0,249.07
00406 ,0000268,SCI ,94.3,0,0,141.45
00406 ,0000269,SCI ,94.3,0,0,141.45
00406 ,0000270,SCI ,316.725,0,0,475.09
00406 ,0000292,SCI ,281.875,0,0,422.81
00406 ,0000293,SCI ,79.089,0,0,118.63
00406 ,0000294,SCI ,93.7055,0,0,140.56
00406 ,0000295,SCI ,172.2,0,0,258.3
00406 ,0000296,SCI ,171.175,0,0,256.76
00406 ,0000298,SCI ,283.925,0,0,425.89
00406 ,0000299,SCI ,281.875,0,0,422.81
00406 ,0000300,SCI ,120.95,0,0,181.43
00406 ,0000301,SCI ,176.874,0,0,265.31
00406 ,0000302,SCI ,284.9705,0,0,427.46
00406 ,0000319,SCI ,1.148,0,0,1.72
00406 ,0000323,MIN ,22.24,0,0,33.36
00406 ,0000324,SCI ,56.76,72.25,0,72.25
00406 ,0000340,SCI ,102.3975,166.5,0,153.6
00406 ,0000342,SCI ,35.34,0,0,53.01
00406 ,0000343,SCI ,32.92,0,0,49.38
00406 ,0000345,SCI ,81.18,132,0,121.77
00406 ,0000346,SCI ,46.27875,75.25,0,69.42
00406 ,0000348,SCI ,62.94,0,0,94.41
00406 ,0000349,SCI ,48.12375,0,0,72.19
00406 ,0000350,SCI ,91.47,144.5,0,137.21
00406 ,0000351,SCI ,146.37,238,0,219.56
00406 ,0000352,SCI ,17.51,20,0,20
00406 ,0000353,SCI ,17.2,19.25,0,19.25
00406 ,0000354,SCI ,41.72,0,0,62.58
00406 ,0000355,SCI ,30.04,0,0,45.06
00406 ,0000356,SCI ,191.88,271,0,271
00406 ,0000357,SCI ,49.2,74.75,0,73.8
00406 ,0000361,SCI ,24.16,0,0,36.24
00406 ,0000362,SCI ,28.75125,42.5,0,42.5
00406 ,0000364,SCI ,61.51,0,0,92.27
00406 ,0000365,SCI ,116.235,189,0,174.35
00406 ,0000367,SCI ,54.4275,88.5,0,81.64
00406 ,0000389,SCI ,2.85,0,0,4.28
00406 ,0000399,SCI ,461.56,0,0,692.34
00406 ,0000413,STTV,13.6490025,0,0,20.47
00406 ,0000422,L L ,11.30862,0,0,16.96
00406 ,0000486,PHOT,0.97,0,0,1.46
00406 ,0000555,SCI ,2,0,0,3
00406 ,0000574,PHOT,11.07999375,12.99,0,12.99
00406 ,0000584,PHOT,15.78,0,0,23.67
00406 ,0000595,PHOT,3.49525,0,0,5.24
00406 ,0000604,MARI,18.928735,19,0,19
00406 ,0000615,PHOT,8.75,0,0,13.13
00406 ,0000623,PHOT,2.583,0,0,3.88
00406 ,0000637,SCI ,8.97,0,0,13.46
00406 ,0000645,STTV,8.74955375,8.99,0,8.99
00406 ,0000650,SCI ,12.63,0,0,18.95
00406 ,0000652,I R ,30.13738,0,0,45.21
00406 ,0000660,SCI ,9.05,0,0,13.57
00406 ,0000677,PHOT,26.18,0,0,39.27
00406 ,0000678,SCI ,15.83,0,0,23.75
00406 ,0000679,PHOT,13.5717175,0,0,20.36
00406 ,0000682,PHOT,3.6,0,0,5.4
00406 ,0000686,SCI ,12.55,0,0,18.82
00406 ,0000803,SCI ,29.53,0,0,44.3
00406 ,0000805,PHOT,12.13,0,0,18.2
00406 ,0000808,PHOT,5.79125,0,0,8.69
00406 ,0000829,PHOT,3.2595,0,0,4.89
00406 ,0000841,MIN ,2.57275,0,0,3.86
00406 ,0000844,MIN ,1.4965,0,0,2.25
00406 ,0000846,MIN ,1.2095,0,0,1.81
00406 ,0000847,MIN ,1.353,0,0,2.03
00406 ,0000849,MIN ,1.353,0,0,2.03
00406 ,0000850,MIN ,3.38,0,0,5.07
00406 ,0000851,MIN ,3.8976,0,0,5.85
00406 ,0000853,MIN ,3.4645,0,0,5.2
00406 ,0000855,MIN ,3.4645,0,0,5.2
00406 ,0000856,MIN ,5.87,0,0,8.8
00406 ,0000859,PHOT,1.42475,0,0,2.14
00406 ,0000860,PHOT,5.11475,0,0,7.67
00406 ,0000861,PHOT,1.148,0,0,1.72
00406 ,0000862,PHOT,12.12575,0,0,18.19
00406 ,0000863,PHOT,10.3935,0,0,15.59
00406 ,0000864,PHOT,9.99375,0,0,14.99
00406 ,0000865,PHOT,6.77525,0,0,10.16
00406 ,0000866,PHOT,3.8335,0,0,5.75
00406 ,0000868,PHOT,24.53,0,0,36.8
00406 ,0000870,PHOT,10.4345,0,0,15.65
00406 ,0000872,MARI,10.42425,0,0,15.64
00406 ,0000873,MARI,7.24675,0,0,10.87
00406 ,0000882,SCI ,3.61,0,0,5.42
00406 ,0000886,SCI ,3.7411885,0,0,5.61
00406 ,0000889,SCI ,7.18417,0,0,10.78
00406 ,0000898,PHOT,10.64975,0,0,15.97
00406 ,0000901,PHOT,5.1455,0,0,7.72
00406 ,0000902,PHOT,4.715,0,0,7.07
00406 ,0000903,PHOT,4.469,0,0,6.7
00406 ,0000904,PHOT,4.8995,0,0,7.35
00406 ,0000908,PHOT,4.56125,0,0,6.84
00406 ,0000910,PHOT,6.57,0,0,9.86
00406 ,0000914,PHOT,6.7855,0,0,10.18
00406 ,0000916,PHOT,1.5785,0,0,2.37
00406 ,0000920,PHOT,6.0885,0,0,9.13
00406 ,0000921,SCI ,8.4665,0,0,12.7
00406 ,0000922,PHOT,8.446,0,0,12.67
00406 ,0000924,PHOT,2.83925,0,0,4.26
00406 ,0000925,PHOT,13.54025,0,0,20.31
00406 ,0000926,PHOT,2.132,0,0,3.2
00406 ,0000927,PHOT,10.578,0,0,15.87
00406 ,0000928,PHOT,4.37675,0,0,6.57
00406 ,0000929,PHOT,7.6875,0,0,11.53
00406 ,0000930,PHOT,3.65925,0,0,5.49
00406 ,0000931,PHOT,4.43825,0,0,6.66
00406 ,0000932,PHOT,51.6805,0,0,77.52
00406 ,0000934,PHOT,6.18075,0,0,9.27
00406 ,0000935,PHOT,1.5785,0,0,2.37
00406 ,0000936,PHOT,2.501,0,0,3.75
00406 ,0000938,PHOT,4.90975,0,0,7.37
00406 ,0000940,SCI ,2.14225,0,0,3.21
00406 ,0000941,PHOT,2.3985,0,0,3.6
00406 ,0000942,PHOT,3.78225,0,0,5.67
00406 ,0000950,PHOT,6.5102875,0,0,9.77
00406 ,0000952,STTV,7.2538225,0,0,10.88
00406 ,0000963,MIN ,2.28375,0,0,3.43
00406 ,0000964,PHOT,6.0885,0,0,9.13
00406 ,0000967,SCI ,37.97,0,0,56.95
00406 ,0000981,PHOT,3.567,0,0,5.35
00406 ,0000982,PHOT,3.567,0,0,5.35
00406 ,0000985,PHOT,3.567,0,0,5.35
00406 ,0000986,PHOT,3.321,0,0,4.98
00406 ,0001001,SCI ,46.89375,76.25,0,70.34
00406 ,0001003,MIN ,2.30625,0,0,3.46
00406 ,0001006,PHOT,27.64425,7,0,7
00406 ,0001021,MIN ,7.37296,0,0,11.06
00406 ,0001022,MIN ,2.42925,0,0,3.64
00406 ,0001024,MIN ,3.76175,0,0,5.64
00406 ,0001028,PHOT,16.00025,0,0,24
00406 ,0001036,SCI ,10.11,0,0,15.16
00406 ,0001043,MIN ,2.10125,6.75,6.75,6.75
00406 ,0001045,MIN ,3.4645,0,0,5.2
00406 ,0001046,MIN ,1.9475,1.99,0,1.99
00406 ,0001048,MIN ,2.3165,0,0,3.48
00406 ,0001051,MIN ,3.29025,0,0,4.93
00406 ,0001069,SCI ,10.23,0,0,15.35
00406 ,0001073,SCI ,6.98,0,0,10.47
00406 ,0001074,SCI ,13.05,0,0,19.57
00406 ,0001087,SCI ,14.44225,0,0,21.66
00406 ,0001089,PHOT,10.21925,0,0,15.33
00406 ,0001090,SCI ,0.97,0,0,1.46
00406 ,0001111,PHOT,18.583635,27.5,0,27.5
00406 ,0001112,PHOT,25.625,0,0,38.44
00406 ,0001125,PHOT,29.71475,0,0,44.57
00406 ,0001128,STTV,11.521,0,0,17.28
00406 ,0001129,STTV,13.31475,0,0,19.97
00406 ,0001130,STTV,14.72925,0,0,22.09
00406 ,0001133,STTV,12.6485,0,0,18.97
00406 ,0001134,STTV,14.33975,0,0,21.51
00406 ,0001137,STTV,14.72925,0,0,22.09
00406 ,0001138,STTV,12.6485,0,0,18.97
00406 ,0001141,PHOT,14.33975,0,0,21.51
00613 ,0000102,DEUT,414.1,0,0,579.74
00613 ,0000105,VISI,189.625,0,0,265.48
00613 ,0000106,DEUT,442.8,0,0,619.92
00613 ,0000110,DEUT,455.1,0,0,637.14
00613 ,0000115,DEUT,533,0,0,746.2
00613 ,0000116,DEUT,533,0,0,746.2
00613 ,0000122,SCI ,133.7625,0,0,187.27
00613 ,0000123,DEUT,290.9975,0,0,407.4
00613 ,0000124,PHOT,4.88,0,0,6.83
00613 ,0000125,PHOT,10.3935,0,0,14.55
00613 ,0000128,DEUT,599.625,0,0,839.48
00613 ,0000130,DEUT,442.8,0,0,619.92
00613 ,0000131,DEUT,350.55,759,0,490.77
00613 ,0000133,DEUT,423.325,916,0,592.65
00613 ,0000134,DEUT,313.65,0,0,439.11
00613 ,0000150,GERM,24.28225,0,0,33.99
00613 ,0000156,GERM,9.9835,0,0,13.98
00613 ,0000157,GERM,5.41,0,0,7.57
00613 ,0000161,SCI ,40.07,0,0,56.1
00613 ,0000163,GERM,19.5,0,0,27.3
00613 ,0000179,GERM,25.61475,0,0,35.86
00613 ,0000183,GERM,6.806,0,0,9.53
00613 ,0000184,GERM,1.92,0,0,2.69
00613 ,0000187,GERM,36.31,0,0,50.83
00613 ,0000192,GERM,6.0475,0,0,8.47
00613 ,0000194,GERM,4.85,9,0,6.79
00613 ,0000195,GERM,6.4985,9.24,0,9.1
00613 ,0000226,GERM,6.88,0,0,9.63
00613 ,0000230,GERM,3.53625,0,0,4.95
00613 ,0000233,GERM,6.36525,0,0,8.91
00613 ,0000234,GERM,11.07,0,0,15.5
00613 ,0000235,GERM,8.35,0,0,11.69
00613 ,0000242,SCI ,234,0,0,327.6
00613 ,0000246,DEUT,598.6,0,0,838.04
00613 ,0000247,DEUT,455.1,0,0,637.14
00613 ,0000249,SCI ,198.86025,0,0,278.4
00613 ,0000250,SCI ,222.57875,0,0,311.61
00613 ,0000253,DEUT,521.2125,0,0,729.7
00613 ,0000255,DEUT,442.8,0,0,619.92
00613 ,0000256,SCI ,91.225,0,0,127.72
00613 ,0000257,SCI ,91.225,0,0,127.72
00613 ,0000259,SCI ,261.375,0,0,365.93
00613 ,0000262,SCI ,311.6,0,0,436.24
00613 ,0000265,SCI ,321.85,0,0,450.59
00613 ,0000266,SCI ,429.475,0,0,601.26
00613 ,0000267,SCI ,166.05,0,0,232.47
00613 ,0000268,SCI ,94.3,0,0,132.02
00613 ,0000269,SCI ,94.3,0,0,132.02
00613 ,0000270,SCI ,316.725,0,0,443.42
00613 ,0000292,SCI ,281.875,0,0,394.63
00613 ,0000293,SCI ,79.089,0,0,110.72
00613 ,0000294,SCI ,93.7055,0,0,131.19
00613 ,0000295,SCI ,172.2,0,0,241.08
00613 ,0000296,SCI ,171.175,0,0,239.65
00613 ,0000298,SCI ,283.925,0,0,397.5
00613 ,0000299,SCI ,281.875,0,0,394.63
00613 ,0000300,SCI ,120.95,0,0,169.33
00613 ,0000301,SCI ,176.874,0,0,247.62
00613 ,0000302,SCI ,284.9705,0,0,398.96
00613 ,0000319,SCI ,1.148,0,0,1.61
00613 ,0000323,MIN ,22.24,0,0,31.14
00613 ,0000324,SCI ,56.76,72.25,0,72.25
00613 ,0000340,SCI ,102.3975,166.5,0,143.36
00613 ,0000342,SCI ,35.34,0,0,49.48
00613 ,0000343,SCI ,32.92,0,0,46.09
00613 ,0000345,SCI ,81.18,132,0,113.65
00613 ,0000346,SCI ,46.27875,75.25,0,64.79
00613 ,0000348,SCI ,62.94,0,0,88.12
00613 ,0000349,SCI ,48.12375,0,0,67.37
00613 ,0000350,SCI ,91.47,144.5,0,128.06
00613 ,0000351,SCI ,146.37,238,0,204.92
00613 ,0000352,SCI ,17.51,20,0,20
00613 ,0000353,SCI ,17.2,19.25,0,19.25
00613 ,0000354,SCI ,41.72,0,0,58.41
00613 ,0000355,SCI ,30.04,0,0,42.06
00613 ,0000356,SCI ,191.88,271,0,268.63
00613 ,0000357,SCI ,49.2,74.75,0,68.88
00613 ,0000361,SCI ,24.16,0,0,33.82
00613 ,0000362,SCI ,28.75125,42.5,0,40.25
00613 ,0000364,SCI ,61.51,0,0,86.11
00613 ,0000365,SCI ,116.235,189,0,162.73
00613 ,0000367,SCI ,54.4275,88.5,0,76.2
00613 ,0000389,SCI ,2.85,0,0,3.99
00613 ,0000399,SCI ,461.56,0,0,646.18
00613 ,0000413,STTV,13.6490025,0,0,19.11
00613 ,0000422,L L ,11.30862,0,0,15.83
00613 ,0000486,PHOT,0.97,0,0,1.36
00613 ,0000555,SCI ,2,0,0,2.8
00613 ,0000574,PHOT,11.07999375,12.99,0,12.99
00613 ,0000584,PHOT,15.78,0,0,22.09
00613 ,0000595,PHOT,3.49525,0,0,4.89
00613 ,0000604,MARI,18.928735,19,0,19
00613 ,0000615,PHOT,8.75,0,0,12.25
00613 ,0000623,PHOT,2.583,0,0,3.62
00613 ,0000637,SCI ,8.97,0,0,12.56
00613 ,0000645,STTV,8.74955375,8.99,0,8.99
00613 ,0000650,SCI ,12.63,0,0,17.68
00613 ,0000652,I R ,30.13738,0,0,42.19
00613 ,0000660,SCI ,9.05,0,0,12.67
00613 ,0000677,PHOT,26.18,0,0,36.65
00613 ,0000678,SCI ,15.83,0,0,22.16
00613 ,0000679,PHOT,13.5717175,0,0,19
00613 ,0000682,PHOT,3.6,0,0,5.04
00613 ,0000686,SCI ,12.55,0,0,17.57
00613 ,0000803,SCI ,29.53,0,0,41.34
00613 ,0000805,PHOT,12.13,0,0,16.98
00613 ,0000808,PHOT,5.79125,0,0,8.11
00613 ,0000829,PHOT,3.2595,0,0,4.56
00613 ,0000841,MIN ,2.57275,0,0,3.6
00613 ,0000844,MIN ,1.4965,0,0,2.1
00613 ,0000846,MIN ,1.2095,0,0,1.69
00613 ,0000847,MIN ,1.353,0,0,1.89
00613 ,0000849,MIN ,1.353,0,0,1.89
00613 ,0000850,MIN ,3.38,0,0,4.73
00613 ,0000851,MIN ,3.8976,0,0,5.46
00613 ,0000853,MIN ,3.4645,0,0,4.85
00613 ,0000855,MIN ,3.4645,0,0,4.85
00613 ,0000856,MIN ,5.87,0,0,8.22
00613 ,0000859,PHOT,1.42475,0,0,2
00613 ,0000860,PHOT,5.11475,0,0,7.16
00613 ,0000861,PHOT,1.148,0,0,1.61
00613 ,0000862,PHOT,12.12575,0,0,16.98
00613 ,0000863,PHOT,10.3935,0,0,14.55
00613 ,0000864,PHOT,9.99375,0,0,13.99
00613 ,0000865,PHOT,6.77525,0,0,9.48
00613 ,0000866,PHOT,3.8335,0,0,5.37
00613 ,0000868,PHOT,24.53,0,0,34.34
00613 ,0000870,PHOT,10.4345,0,0,14.61
00613 ,0000872,MARI,10.42425,0,0,14.59
00613 ,0000873,MARI,7.24675,0,0,10.14
00613 ,0000882,SCI ,3.61,0,0,5.05
00613 ,0000886,SCI ,3.7411885,0,0,5.24
00613 ,0000889,SCI ,7.18417,0,0,10.06
00613 ,0000898,PHOT,10.64975,0,0,14.91
00613 ,0000901,PHOT,5.1455,0,0,7.2
00613 ,0000902,PHOT,4.715,0,0,6.6
00613 ,0000903,PHOT,4.469,0,0,6.26
00613 ,0000904,PHOT,4.8995,0,0,6.86
00613 ,0000908,PHOT,4.56125,0,0,6.39
00613 ,0000910,PHOT,6.57,0,0,9.2
00613 ,0000914,PHOT,6.7855,0,0,9.5
00613 ,0000916,PHOT,1.5785,0,0,2.21
00613 ,0000920,PHOT,6.0885,0,0,8.52
00613 ,0000921,SCI ,8.4665,0,0,11.85
00613 ,0000922,PHOT,8.446,0,0,11.82
00613 ,0000924,PHOT,2.83925,0,0,3.98
00613 ,0000925,PHOT,13.54025,0,0,18.96
00613 ,0000926,PHOT,2.132,0,0,2.98
00613 ,0000927,PHOT,10.578,0,0,14.81
00613 ,0000928,PHOT,4.37675,0,0,6.13
00613 ,0000929,PHOT,7.6875,0,0,10.76
00613 ,0000930,PHOT,3.65925,0,0,5.12
00613 ,0000931,PHOT,4.43825,0,0,6.21
00613 ,0000932,PHOT,51.6805,0,0,72.35
00613 ,0000934,PHOT,6.18075,0,0,8.65
00613 ,0000935,PHOT,1.5785,0,0,2.21
00613 ,0000936,PHOT,2.501,0,0,3.5
00613 ,0000938,PHOT,4.90975,0,0,6.87
00613 ,0000940,SCI ,2.14225,0,0,3
00613 ,0000941,PHOT,2.3985,0,0,3.36
00613 ,0000942,PHOT,3.78225,0,0,5.29
00613 ,0000950,PHOT,6.5102875,0,0,9.11
00613 ,0000952,STTV,7.2538225,0,0,10.15
00613 ,0000963,MIN ,2.28375,0,0,3.2
00613 ,0000964,PHOT,6.0885,0,0,8.52
00613 ,0000967,SCI ,37.97,0,0,53.16
00613 ,0000981,PHOT,3.567,0,0,4.99
00613 ,0000982,PHOT,3.567,0,0,4.99
00613 ,0000985,PHOT,3.567,0,0,4.99
00613 ,0000986,PHOT,3.321,0,0,4.65
00613 ,0001001,SCI ,46.89375,76.25,0,65.65
00613 ,0001003,MIN ,2.30625,0,0,3.23
00613 ,0001006,PHOT,27.64425,7,0,7
00613 ,0001021,MIN ,7.37296,0,0,10.32
00613 ,0001022,MIN ,2.42925,0,0,3.4
00613 ,0001024,MIN ,3.76175,0,0,5.27
00613 ,0001028,PHOT,16.00025,0,0,22.4
00613 ,0001036,SCI ,10.11,0,0,14.15
00613 ,0001043,MIN ,2.10125,6.75,6.75,6.75
00613 ,0001045,MIN ,3.4645,0,0,4.85
00613 ,0001046,MIN ,1.9475,1.99,0,1.99
00613 ,0001048,MIN ,2.3165,0,0,3.24
00613 ,0001051,MIN ,3.29025,0,0,4.61
00613 ,0001069,SCI ,10.23,0,0,14.32
00613 ,0001073,SCI ,6.98,0,0,9.77
00613 ,0001074,SCI ,13.05,0,0,18.27
00613 ,0001087,SCI ,14.44225,0,0,20.22
00613 ,0001089,PHOT,10.21925,0,0,14.31
00613 ,0001090,SCI ,0.97,0,0,1.36
00613 ,0001111,PHOT,18.583635,27.5,0,26.02
00613 ,0001112,PHOT,25.625,0,0,35.88
00613 ,0001125,PHOT,29.71475,0,0,41.6
00613 ,0001128,STTV,11.521,0,0,16.13
00613 ,0001129,STTV,13.31475,0,0,18.64
00613 ,0001130,STTV,14.72925,0,0,20.62
00613 ,0001133,STTV,12.6485,0,0,17.71
00613 ,0001134,STTV,14.33975,0,0,20.08
00613 ,0001137,STTV,14.72925,0,0,20.62
00613 ,0001138,STTV,12.6485,0,0,17.71
00613 ,0001141,PHOT,14.33975,0,0,20.08
00640 ,0000102,DEUT,414.1,0,0,621.15
00640 ,0000105,VISI,189.625,0,0,284.44
00640 ,0000106,DEUT,442.8,0,0,664.2
00640 ,0000110,DEUT,455.1,0,0,682.65
00640 ,0000115,DEUT,533,0,0,799.5
00640 ,0000116,DEUT,533,0,0,799.5
00640 ,0000122,SCI ,133.7625,0,0,200.64
00640 ,0000123,DEUT,290.9975,0,0,436.5
00640 ,0000124,PHOT,4.88,0,0,7.32
00640 ,0000125,PHOT,10.3935,0,0,15.59
00640 ,0000128,DEUT,599.625,0,0,899.44
00640 ,0000130,DEUT,442.8,0,0,664.2
00640 ,0000131,DEUT,350.55,759,0,525.83
00640 ,0000133,DEUT,423.325,916,0,634.99
00640 ,0000134,DEUT,313.65,0,0,470.48
00640 ,0000150,GERM,24.28225,0,0,36.42
00640 ,0000156,GERM,9.9835,0,0,14.97
00640 ,0000157,GERM,5.41,0,0,8.12
00640 ,0000161,SCI ,40.07,0,0,60.1
00640 ,0000163,GERM,19.5,0,0,29.25
00640 ,0000179,GERM,25.61475,0,0,38.42
00640 ,0000183,GERM,6.806,0,0,10.21
00640 ,0000184,GERM,1.92,0,0,2.88
00640 ,0000187,GERM,36.31,0,0,54.47
00640 ,0000192,GERM,6.0475,0,0,9.07
00640 ,0000194,GERM,4.85,9,0,7.28
00640 ,0000195,GERM,6.4985,9.24,0,9.24
00640 ,0000226,GERM,6.88,0,0,10.32
00640 ,0000230,GERM,3.53625,0,0,5.3
00640 ,0000233,GERM,6.36525,0,0,9.55
00640 ,0000234,GERM,11.07,0,0,16.61
00640 ,0000235,GERM,8.35,0,0,12.53
00640 ,0000242,SCI ,234,0,0,351
00640 ,0000246,DEUT,598.6,0,0,897.9
00640 ,0000247,DEUT,455.1,0,0,682.65
00640 ,0000249,SCI ,198.86025,0,0,298.29
00640 ,0000250,SCI ,222.57875,0,0,333.87
00640 ,0000253,DEUT,521.2125,0,0,781.82
00640 ,0000255,DEUT,442.8,0,0,664.2
00640 ,0000256,SCI ,91.225,0,0,136.84
00640 ,0000257,SCI ,91.225,0,0,136.84
00640 ,0000259,SCI ,261.375,0,0,392.06
00640 ,0000262,SCI ,311.6,0,0,467.4
00640 ,0000265,SCI ,321.85,0,0,482.77
00640 ,0000266,SCI ,429.475,0,0,644.21
00640 ,0000267,SCI ,166.05,0,0,249.07
00640 ,0000268,SCI ,94.3,0,0,141.45
00640 ,0000269,SCI ,94.3,0,0,141.45
00640 ,0000270,SCI ,316.725,0,0,475.09
00640 ,0000292,SCI ,281.875,0,0,422.81
00640 ,0000293,SCI ,79.089,0,0,118.63
00640 ,0000294,SCI ,93.7055,0,0,140.56
00640 ,0000295,SCI ,172.2,0,0,258.3
00640 ,0000296,SCI ,171.175,0,0,256.76
00640 ,0000298,SCI ,283.925,0,0,425.89
00640 ,0000299,SCI ,281.875,0,0,422.81
00640 ,0000300,SCI ,120.95,0,0,181.43
00640 ,0000301,SCI ,176.874,0,0,265.31
00640 ,0000302,SCI ,284.9705,0,0,427.46
00640 ,0000319,SCI ,1.148,0,0,1.72
00640 ,0000323,MIN ,22.24,0,0,33.36
00640 ,0000324,SCI ,56.76,72.25,0,72.25
00640 ,0000340,SCI ,102.3975,166.5,0,153.6
00640 ,0000342,SCI ,35.34,0,0,53.01
00640 ,0000343,SCI ,32.92,0,0,49.38
00640 ,0000345,SCI ,81.18,132,0,121.77
00640 ,0000346,SCI ,46.27875,75.25,0,69.42
00640 ,0000348,SCI ,62.94,0,0,94.41
00640 ,0000349,SCI ,48.12375,0,0,72.19
00640 ,0000350,SCI ,91.47,144.5,0,137.21
00640 ,0000351,SCI ,146.37,238,0,219.56
00640 ,0000352,SCI ,17.51,20,0,20
00640 ,0000353,SCI ,17.2,19.25,0,19.25
00640 ,0000354,SCI ,41.72,0,0,62.58
00640 ,0000355,SCI ,30.04,0,0,45.06
00640 ,0000356,SCI ,191.88,271,0,271
00640 ,0000357,SCI ,49.2,74.75,0,73.8
00640 ,0000361,SCI ,24.16,0,0,36.24
00640 ,0000362,SCI ,28.75125,42.5,0,42.5
00640 ,0000364,SCI ,61.51,0,0,92.27
00640 ,0000365,SCI ,116.235,189,0,174.35
00640 ,0000367,SCI ,54.4275,88.5,0,81.64
00640 ,0000389,SCI ,2.85,0,0,4.28
00640 ,0000399,SCI ,461.56,0,0,692.34
00640 ,0000413,STTV,13.6490025,0,0,20.47
00640 ,0000422,L L ,11.30862,0,0,16.96
00640 ,0000486,PHOT,0.97,0,0,1.46
00640 ,0000555,SCI ,2,0,0,3
00640 ,0000574,PHOT,11.07999375,12.99,0,12.99
00640 ,0000584,PHOT,15.78,0,0,23.67
00640 ,0000595,PHOT,3.49525,0,0,5.24
00640 ,0000604,MARI,18.928735,19,0,19
00640 ,0000615,PHOT,8.75,0,0,13.13
00640 ,0000623,PHOT,2.583,0,0,3.88
00640 ,0000637,SCI ,8.97,0,0,13.46
00640 ,0000645,STTV,8.74955375,8.99,0,8.99
00640 ,0000650,SCI ,12.63,0,0,18.95
00640 ,0000652,I R ,30.13738,0,0,45.21
00640 ,0000660,SCI ,9.05,0,0,13.57
00640 ,0000677,PHOT,26.18,0,0,39.27
00640 ,0000678,SCI ,15.83,0,0,23.75
00640 ,0000679,PHOT,13.5717175,0,0,20.36
00640 ,0000682,PHOT,3.6,0,0,5.4
00640 ,0000686,SCI ,12.55,0,0,18.82
00640 ,0000803,SCI ,29.53,0,0,44.3
00640 ,0000805,PHOT,12.13,0,0,18.2
00640 ,0000808,PHOT,5.79125,0,0,8.69
00640 ,0000829,PHOT,3.2595,0,0,4.89
00640 ,0000841,MIN ,2.57275,0,0,3.86
00640 ,0000844,MIN ,1.4965,0,0,2.25
00640 ,0000846,MIN ,1.2095,0,0,1.81
00640 ,0000847,MIN ,1.353,0,0,2.03
00640 ,0000849,MIN ,1.353,0,0,2.03
00640 ,0000850,MIN ,3.38,0,0,5.07
00640 ,0000851,MIN ,3.8976,0,0,5.85
00640 ,0000853,MIN ,3.4645,0,0,5.2
00640 ,0000855,MIN ,3.4645,0,0,5.2
00640 ,0000856,MIN ,5.87,0,0,8.8
00640 ,0000859,PHOT,1.42475,0,0,2.14
00640 ,0000860,PHOT,5.11475,0,0,7.67
00640 ,0000861,PHOT,1.148,0,0,1.72
00640 ,0000862,PHOT,12.12575,0,0,18.19
00640 ,0000863,PHOT,10.3935,0,0,15.59
00640 ,0000864,PHOT,9.99375,0,0,14.99
00640 ,0000865,PHOT,6.77525,0,0,10.16
00640 ,0000866,PHOT,3.8335,0,0,5.75
00640 ,0000868,PHOT,24.53,0,0,36.8
00640 ,0000870,PHOT,10.4345,0,0,15.65
00640 ,0000872,MARI,10.42425,0,0,15.64
00640 ,0000873,MARI,7.24675,0,0,10.87
00640 ,0000882,SCI ,3.61,0,0,5.42
00640 ,0000886,SCI ,3.7411885,0,0,5.61
00640 ,0000889,SCI ,7.18417,0,0,10.78
00640 ,0000898,PHOT,10.64975,0,0,15.97
00640 ,0000901,PHOT,5.1455,0,0,7.72
00640 ,0000902,PHOT,4.715,0,0,7.07
00640 ,0000903,PHOT,4.469,0,0,6.7
00640 ,0000904,PHOT,4.8995,0,0,7.35
00640 ,0000908,PHOT,4.56125,0,0,6.84
00640 ,0000910,PHOT,6.57,0,0,9.86
00640 ,0000914,PHOT,6.7855,0,0,10.18
00640 ,0000916,PHOT,1.5785,0,0,2.37
00640 ,0000920,PHOT,6.0885,0,0,9.13
00640 ,0000921,SCI ,8.4665,0,0,12.7
00640 ,0000922,PHOT,8.446,0,0,12.67
00640 ,0000924,PHOT,2.83925,0,0,4.26
00640 ,0000925,PHOT,13.54025,0,0,20.31
00640 ,0000926,PHOT,2.132,0,0,3.2
00640 ,0000927,PHOT,10.578,0,0,15.87
00640 ,0000928,PHOT,4.37675,0,0,6.57
00640 ,0000929,PHOT,7.6875,0,0,11.53
00640 ,0000930,PHOT,3.65925,0,0,5.49
00640 ,0000931,PHOT,4.43825,0,0,6.66
00640 ,0000932,PHOT,51.6805,0,0,77.52
00640 ,0000934,PHOT,6.18075,0,0,9.27
00640 ,0000935,PHOT,1.5785,0,0,2.37
00640 ,0000936,PHOT,2.501,0,0,3.75
00640 ,0000938,PHOT,4.90975,0,0,7.37
00640 ,0000940,SCI ,2.14225,0,0,3.21
00640 ,0000941,PHOT,2.3985,0,0,3.6
00640 ,0000942,PHOT,3.78225,0,0,5.67
00640 ,0000950,PHOT,6.5102875,0,0,9.77
00640 ,0000952,STTV,7.2538225,0,0,10.88
00640 ,0000963,MIN ,2.28375,0,0,3.43
00640 ,0000964,PHOT,6.0885,0,0,9.13
00640 ,0000967,SCI ,37.97,0,0,56.95
00640 ,0000981,PHOT,3.567,0,0,5.35
00640 ,0000982,PHOT,3.567,0,0,5.35
00640 ,0000985,PHOT,3.567,0,0,5.35
00640 ,0000986,PHOT,3.321,0,0,4.98
00640 ,0001001,SCI ,46.89375,76.25,0,70.34
00640 ,0001003,MIN ,2.30625,0,0,3.46
00640 ,0001006,PHOT,27.64425,7,0,7
00640 ,0001021,MIN ,7.37296,0,0,11.06
00640 ,0001022,MIN ,2.42925,0,0,3.64
00640 ,0001024,MIN ,3.76175,0,0,5.64
00640 ,0001028,PHOT,16.00025,0,0,24
00640 ,0001036,SCI ,10.11,0,0,15.16
00640 ,0001043,MIN ,2.10125,6.75,6.75,6.75
00640 ,0001045,MIN ,3.4645,0,0,5.2
00640 ,0001046,MIN ,1.9475,1.99,0,1.99
00640 ,0001048,MIN ,2.3165,0,0,3.48
00640 ,0001051,MIN ,3.29025,0,0,4.93
00640 ,0001069,SCI ,10.23,0,0,15.35
00640 ,0001073,SCI ,6.98,0,0,10.47
00640 ,0001074,SCI ,13.05,0,0,19.57
00640 ,0001087,SCI ,14.44225,0,0,21.66
00640 ,0001089,PHOT,10.21925,0,0,15.33
00640 ,0001090,SCI ,0.97,0,0,1.46
00640 ,0001111,PHOT,18.583635,27.5,0,27.5
00640 ,0001112,PHOT,25.625,0,0,38.44
00640 ,0001125,PHOT,29.71475,0,0,44.57
00640 ,0001128,STTV,11.521,0,0,17.28
00640 ,0001129,STTV,13.31475,0,0,19.97
00640 ,0001130,STTV,14.72925,0,0,22.09
00640 ,0001133,STTV,12.6485,0,0,18.97
00640 ,0001134,STTV,14.33975,0,0,21.51
00640 ,0001137,STTV,14.72925,0,0,22.09
00640 ,0001138,STTV,12.6485,0,0,18.97
00640 ,0001141,PHOT,14.33975,0,0,21.51
00643 ,0000102,DEUT,414.1,0,0,662.56
00643 ,0000105,VISI,189.625,0,0,303.4
00643 ,0000106,DEUT,442.8,0,0,708.48
00643 ,0000110,DEUT,455.1,0,0,728.16
00643 ,0000115,DEUT,533,0,0,852.8
00643 ,0000116,DEUT,533,0,0,852.8
00643 ,0000122,SCI ,133.7625,0,0,214.02
00643 ,0000123,DEUT,290.9975,0,0,465.6
00643 ,0000124,PHOT,4.88,0,0,7.81
00643 ,0000125,PHOT,10.3935,0,0,16.63
00643 ,0000128,DEUT,599.625,0,0,959.4
00643 ,0000130,DEUT,442.8,0,0,708.48
00643 ,0000131,DEUT,350.55,759,0,560.88
00643 ,0000133,DEUT,423.325,916,0,677.32
00643 ,0000134,DEUT,313.65,0,0,501.84
00643 ,0000150,GERM,24.28225,0,0,38.85
00643 ,0000156,GERM,9.9835,0,0,15.97
00643 ,0000157,GERM,5.41,0,0,8.66
00643 ,0000161,SCI ,40.07,0,0,64.11
00643 ,0000163,GERM,19.5,0,0,31.2
00643 ,0000179,GERM,25.61475,0,0,40.98
00643 ,0000183,GERM,6.806,0,0,10.89
00643 ,0000184,GERM,1.92,0,0,3.07
00643 ,0000187,GERM,36.31,0,0,58.1
00643 ,0000192,GERM,6.0475,0,0,9.68
00643 ,0000194,GERM,4.85,9,0,7.76
00643 ,0000195,GERM,6.4985,9.24,0,9.24
00643 ,0000226,GERM,6.88,0,0,11.01
00643 ,0000230,GERM,3.53625,0,0,5.66
00643 ,0000233,GERM,6.36525,0,0,10.18
00643 ,0000234,GERM,11.07,0,0,17.71
00643 ,0000235,GERM,8.35,0,0,13.36
00643 ,0000242,SCI ,234,0,0,374.4
00643 ,0000246,DEUT,598.6,0,0,957.76
00643 ,0000247,DEUT,455.1,0,0,728.16
00643 ,0000249,SCI ,198.86025,0,0,318.18
00643 ,0000250,SCI ,222.57875,0,0,356.13
00643 ,0000253,DEUT,521.2125,0,0,833.94
00643 ,0000255,DEUT,442.8,0,0,708.48
00643 ,0000256,SCI ,91.225,0,0,145.96
00643 ,0000257,SCI ,91.225,0,0,145.96
00643 ,0000259,SCI ,261.375,0,0,418.2
00643 ,0000262,SCI ,311.6,0,0,498.56
00643 ,0000265,SCI ,321.85,0,0,514.96
00643 ,0000266,SCI ,429.475,0,0,687.16
00643 ,0000267,SCI ,166.05,0,0,265.68
00643 ,0000268,SCI ,94.3,0,0,150.88
00643 ,0000269,SCI ,94.3,0,0,150.88
00643 ,0000270,SCI ,316.725,0,0,506.76
00643 ,0000292,SCI ,281.875,0,0,451
00643 ,0000293,SCI ,79.089,0,0,126.54
00643 ,0000294,SCI ,93.7055,0,0,149.93
00643 ,0000295,SCI ,172.2,0,0,275.52
00643 ,0000296,SCI ,171.175,0,0,273.88
00643 ,0000298,SCI ,283.925,0,0,454.28
00643 ,0000299,SCI ,281.875,0,0,451
00643 ,0000300,SCI ,120.95,0,0,193.52
00643 ,0000301,SCI ,176.874,0,0,283
00643 ,0000302,SCI ,284.9705,0,0,455.95
00643 ,0000319,SCI ,1.148,0,0,1.84
00643 ,0000323,MIN ,22.24,0,0,35.58
00643 ,0000324,SCI ,56.76,72.25,0,72.25
00643 ,0000340,SCI ,102.3975,166.5,0,163.84
00643 ,0000342,SCI ,35.34,0,0,56.54
00643 ,0000343,SCI ,32.92,0,0,52.67
00643 ,0000345,SCI ,81.18,132,0,129.89
00643 ,0000346,SCI ,46.27875,75.25,0,74.05
00643 ,0000348,SCI ,62.94,0,0,100.7
00643 ,0000349,SCI ,48.12375,0,0,77
00643 ,0000350,SCI ,91.47,144.5,0,144.5
00643 ,0000351,SCI ,146.37,238,0,234.19
00643 ,0000352,SCI ,17.51,20,0,20
00643 ,0000353,SCI ,17.2,19.25,0,19.25
00643 ,0000354,SCI ,41.72,0,0,66.75
00643 ,0000355,SCI ,30.04,0,0,48.06
00643 ,0000356,SCI ,191.88,271,0,271
00643 ,0000357,SCI ,49.2,74.75,0,74.75
00643 ,0000361,SCI ,24.16,0,0,38.66
00643 ,0000362,SCI ,28.75125,42.5,0,42.5
00643 ,0000364,SCI ,61.51,0,0,98.42
00643 ,0000365,SCI ,116.235,189,0,185.98
00643 ,0000367,SCI ,54.4275,88.5,0,87.08
00643 ,0000389,SCI ,2.85,0,0,4.56
00643 ,0000399,SCI ,461.56,0,0,738.5
00643 ,0000413,STTV,13.6490025,0,0,21.84
00643 ,0000422,L L ,11.30862,0,0,18.09
00643 ,0000486,PHOT,0.97,0,0,1.55
00643 ,0000555,SCI ,2,0,0,3.2
00643 ,0000574,PHOT,11.07999375,12.99,0,12.99
00643 ,0000584,PHOT,15.78,0,0,25.25
00643 ,0000595,PHOT,3.49525,0,0,5.59
00643 ,0000604,MARI,18.928735,19,0,19
00643 ,0000615,PHOT,8.75,0,0,14
00643 ,0000623,PHOT,2.583,0,0,4.13
00643 ,0000637,SCI ,8.97,0,0,14.35
00643 ,0000645,STTV,8.74955375,8.99,0,8.99
00643 ,0000650,SCI ,12.63,0,0,20.21
00643 ,0000652,I R ,30.13738,0,0,46.71
00643 ,0000660,SCI ,9.05,0,0,14.48
00643 ,0000677,PHOT,26.18,0,0,41.89
00643 ,0000678,SCI ,15.83,0,0,25.33
00643 ,0000679,PHOT,13.5717175,0,0,21.71
00643 ,0000682,PHOT,3.6,0,0,5.76
00643 ,0000686,SCI ,12.55,0,0,20.08
00643 ,0000803,SCI ,29.53,0,0,47.25
00643 ,0000805,PHOT,12.13,0,0,19.41
00643 ,0000808,PHOT,5.79125,0,0,9.27
00643 ,0000829,PHOT,3.2595,0,0,5.21
00643 ,0000841,MIN ,2.57275,0,0,4.12
00643 ,0000844,MIN ,1.4965,0,0,2.39
00643 ,0000846,MIN ,1.2095,0,0,1.94
00643 ,0000847,MIN ,1.353,0,0,2.17
00643 ,0000849,MIN ,1.353,0,0,2.17
00643 ,0000850,MIN ,3.38,0,0,5.41
00643 ,0000851,MIN ,3.8976,0,0,6.24
00643 ,0000853,MIN ,3.4645,0,0,5.54
00643 ,0000855,MIN ,3.4645,0,0,5.54
00643 ,0000856,MIN ,5.87,0,0,9.39
00643 ,0000859,PHOT,1.42475,0,0,2.28
00643 ,0000860,PHOT,5.11475,0,0,8.18
00643 ,0000861,PHOT,1.148,0,0,1.84
00643 ,0000862,PHOT,12.12575,0,0,19.4
00643 ,0000863,PHOT,10.3935,0,0,16.63
00643 ,0000864,PHOT,9.99375,0,0,15.99
00643 ,0000865,PHOT,6.77525,0,0,10.84
00643 ,0000866,PHOT,3.8335,0,0,6.13
00643 ,0000868,PHOT,24.53,0,0,39.25
00643 ,0000870,PHOT,10.4345,0,0,16.7
00643 ,0000872,MARI,10.42425,0,0,16.68
00643 ,0000873,MARI,7.24675,0,0,11.6
00643 ,0000882,SCI ,3.61,0,0,5.78
00643 ,0000886,SCI ,3.7411885,0,0,5.99
00643 ,0000889,SCI ,7.18417,0,0,11.49
00643 ,0000898,PHOT,10.64975,0,0,17.04
00643 ,0000901,PHOT,5.1455,0,0,8.23
00643 ,0000902,PHOT,4.715,0,0,7.54
00643 ,0000903,PHOT,4.469,0,0,7.15
00643 ,0000904,PHOT,4.8995,0,0,7.84
00643 ,0000908,PHOT,4.56125,0,0,7.3
00643 ,0000910,PHOT,6.57,0,0,10.51
00643 ,0000914,PHOT,6.7855,0,0,10.86
00643 ,0000916,PHOT,1.5785,0,0,2.53
00643 ,0000920,PHOT,6.0885,0,0,9.74
00643 ,0000921,SCI ,8.4665,0,0,13.55
00643 ,0000922,PHOT,8.446,0,0,13.51
00643 ,0000924,PHOT,2.83925,0,0,4.54
00643 ,0000925,PHOT,13.54025,0,0,21.66
00643 ,0000926,PHOT,2.132,0,0,3.41
00643 ,0000927,PHOT,10.578,0,0,16.93
00643 ,0000928,PHOT,4.37675,0,0,7
00643 ,0000929,PHOT,7.6875,0,0,12.3
00643 ,0000930,PHOT,3.65925,0,0,5.86
00643 ,0000931,PHOT,4.43825,0,0,7.1
00643 ,0000932,PHOT,51.6805,0,0,82.69
00643 ,0000934,PHOT,6.18075,0,0,9.89
00643 ,0000935,PHOT,1.5785,0,0,2.53
00643 ,0000936,PHOT,2.501,0,0,4
00643 ,0000938,PHOT,4.90975,0,0,7.86
00643 ,0000940,SCI ,2.14225,0,0,3.43
00643 ,0000941,PHOT,2.3985,0,0,3.84
00643 ,0000942,PHOT,3.78225,0,0,6.05
00643 ,0000950,PHOT,6.5102875,0,0,10.42
00643 ,0000952,STTV,7.2538225,0,0,11.61
00643 ,0000963,MIN ,2.28375,0,0,3.65
00643 ,0000964,PHOT,6.0885,0,0,9.74
00643 ,0000967,SCI ,37.97,0,0,60.75
00643 ,0000981,PHOT,3.567,0,0,5.71
00643 ,0000982,PHOT,3.567,0,0,5.71
00643 ,0000985,PHOT,3.567,0,0,5.71
00643 ,0000986,PHOT,3.321,0,0,5.31
00643 ,0001001,SCI ,46.89375,76.25,0,75.03
00643 ,0001003,MIN ,2.30625,0,0,3.69
00643 ,0001006,PHOT,27.64425,7,0,7
00643 ,0001021,MIN ,7.37296,0,0,11.8
00643 ,0001022,MIN ,2.42925,0,0,3.89
00643 ,0001024,MIN ,3.76175,0,0,6.02
00643 ,0001028,PHOT,16.00025,0,0,25.6
00643 ,0001036,SCI ,10.11,0,0,16.18
00643 ,0001043,MIN ,2.10125,6.75,6.75,6.75
00643 ,0001045,MIN ,3.4645,0,0,5.54
00643 ,0001046,MIN ,1.9475,1.99,0,1.99
00643 ,0001048,MIN ,2.3165,0,0,3.71
00643 ,0001051,MIN ,3.29025,0,0,5.26
00643 ,0001069,SCI ,10.23,0,0,16.37
00643 ,0001073,SCI ,6.98,0,0,11.17
00643 ,0001074,SCI ,13.05,0,0,20.88
00643 ,0001087,SCI ,14.44225,0,0,23.11
00643 ,0001089,PHOT,10.21925,0,0,16.35
00643 ,0001090,SCI ,0.97,0,0,1.55
00643 ,0001111,PHOT,18.583635,27.5,0,27.5
00643 ,0001112,PHOT,25.625,0,0,41
00643 ,0001125,PHOT,29.71475,0,0,47.54
00643 ,0001128,STTV,11.521,0,0,18.43
00643 ,0001129,STTV,13.31475,0,0,21.3
00643 ,0001130,STTV,14.72925,0,0,23.57
00643 ,0001133,STTV,12.6485,0,0,20.24
00643 ,0001134,STTV,14.33975,0,0,22.94
00643 ,0001137,STTV,14.72925,0,0,23.57
00643 ,0001138,STTV,12.6485,0,0,20.24
00643 ,0001141,PHOT,14.33975,0,0,22.94
00712 ,0000102,DEUT,414.1,0,0,621.15
00712 ,0000105,VISI,189.625,0,0,284.44
00712 ,0000106,DEUT,442.8,0,0,664.2
00712 ,0000110,DEUT,455.1,0,0,682.65
00712 ,0000115,DEUT,533,0,0,799.5
00712 ,0000116,DEUT,533,0,0,799.5
00712 ,0000122,SCI ,133.7625,0,0,200.64
00712 ,0000123,DEUT,290.9975,0,0,436.5
00712 ,0000124,PHOT,4.88,0,0,7.32
00712 ,0000125,PHOT,10.3935,0,0,15.59
00712 ,0000128,DEUT,599.625,0,0,899.44
00712 ,0000130,DEUT,442.8,0,0,664.2
00712 ,0000131,DEUT,350.55,759,0,525.83
00712 ,0000133,DEUT,423.325,916,0,634.99
00712 ,0000134,DEUT,313.65,0,0,470.48
00712 ,0000150,GERM,24.28225,0,0,36.42
00712 ,0000156,GERM,9.9835,0,0,14.97
00712 ,0000157,GERM,5.41,0,0,8.12
00712 ,0000161,SCI ,40.07,0,0,60.1
00712 ,0000163,GERM,19.5,0,0,29.25
00712 ,0000179,GERM,25.61475,0,0,38.42
00712 ,0000183,GERM,6.806,0,0,10.21
00712 ,0000184,GERM,1.92,0,0,2.88
00712 ,0000187,GERM,36.31,0,0,54.47
00712 ,0000192,GERM,6.0475,0,0,9.07
00712 ,0000194,GERM,4.85,9,0,7.28
00712 ,0000195,GERM,6.4985,9.24,0,9.24
00712 ,0000226,GERM,6.88,0,0,10.32
00712 ,0000230,GERM,3.53625,0,0,5.3
00712 ,0000233,GERM,6.36525,0,0,9.55
00712 ,0000234,GERM,11.07,0,0,16.61
00712 ,0000235,GERM,8.35,0,0,12.53
00712 ,0000242,SCI ,234,0,0,351
00712 ,0000246,DEUT,598.6,0,0,897.9
00712 ,0000247,DEUT,455.1,0,0,682.65
00712 ,0000249,SCI ,198.86025,0,0,298.29
00712 ,0000250,SCI ,222.57875,0,0,333.87
00712 ,0000253,DEUT,521.2125,0,0,781.82
00712 ,0000255,DEUT,442.8,0,0,664.2
00712 ,0000256,SCI ,91.225,0,0,136.84
00712 ,0000257,SCI ,91.225,0,0,136.84
00712 ,0000259,SCI ,261.375,0,0,392.06
00712 ,0000262,SCI ,311.6,0,0,467.4
00712 ,0000265,SCI ,321.85,0,0,482.77
00712 ,0000266,SCI ,429.475,0,0,644.21
00712 ,0000267,SCI ,166.05,0,0,249.07
00712 ,0000268,SCI ,94.3,0,0,141.45
00712 ,0000269,SCI ,94.3,0,0,141.45
00712 ,0000270,SCI ,316.725,0,0,475.09
00712 ,0000292,SCI ,281.875,0,0,422.81
00712 ,0000293,SCI ,79.089,0,0,118.63
00712 ,0000294,SCI ,93.7055,0,0,140.56
00712 ,0000295,SCI ,172.2,0,0,258.3
00712 ,0000296,SCI ,171.175,0,0,256.76
00712 ,0000298,SCI ,283.925,0,0,425.89
00712 ,0000299,SCI ,281.875,0,0,422.81
00712 ,0000300,SCI ,120.95,0,0,181.43
00712 ,0000301,SCI ,176.874,0,0,265.31
00712 ,0000302,SCI ,284.9705,0,0,427.46
00712 ,0000319,SCI ,1.148,0,0,1.72
00712 ,0000323,MIN ,22.24,0,0,33.36
00712 ,0000324,SCI ,56.76,72.25,0,72.25
00712 ,0000340,SCI ,102.3975,166.5,0,153.6
00712 ,0000342,SCI ,35.34,0,0,53.01
00712 ,0000343,SCI ,32.92,0,0,49.38
00712 ,0000345,SCI ,81.18,132,0,121.77
00712 ,0000346,SCI ,46.27875,75.25,0,69.42
00712 ,0000348,SCI ,62.94,0,0,94.41
00712 ,0000349,SCI ,48.12375,0,0,72.19
00712 ,0000350,SCI ,91.47,144.5,0,137.21
00712 ,0000351,SCI ,146.37,238,0,219.56
00712 ,0000352,SCI ,17.51,20,0,20
00712 ,0000353,SCI ,17.2,19.25,0,19.25
00712 ,0000354,SCI ,41.72,0,0,62.58
00712 ,0000355,SCI ,30.04,0,0,45.06
00712 ,0000356,SCI ,191.88,271,0,271
00712 ,0000357,SCI ,49.2,74.75,0,73.8
00712 ,0000361,SCI ,24.16,0,0,36.24
00712 ,0000362,SCI ,28.75125,42.5,0,42.5
00712 ,0000364,SCI ,61.51,0,0,92.27
00712 ,0000365,SCI ,116.235,189,0,174.35
00712 ,0000367,SCI ,54.4275,88.5,0,81.64
00712 ,0000389,SCI ,2.85,0,0,4.28
00712 ,0000399,SCI ,461.56,0,0,692.34
00712 ,0000413,STTV,13.6490025,0,0,20.47
00712 ,0000422,L L ,11.30862,0,0,16.96
00712 ,0000486,PHOT,0.97,0,0,1.46
00712 ,0000555,SCI ,2,0,0,3
00712 ,0000574,PHOT,11.07999375,12.99,0,12.99
00712 ,0000584,PHOT,15.78,0,0,23.67
00712 ,0000595,PHOT,3.49525,0,0,5.24
00712 ,0000604,MARI,18.928735,19,0,19
00712 ,0000615,PHOT,8.75,0,0,13.13
00712 ,0000623,PHOT,2.583,0,0,3.88
00712 ,0000637,SCI ,8.97,0,0,13.46
00712 ,0000645,STTV,8.74955375,8.99,0,8.99
00712 ,0000650,SCI ,12.63,0,0,18.95
00712 ,0000652,I R ,30.13738,0,0,45.21
00712 ,0000660,SCI ,9.05,0,0,13.57
00712 ,0000677,PHOT,26.18,0,0,39.27
00712 ,0000678,SCI ,15.83,0,0,23.75
00712 ,0000679,PHOT,13.5717175,0,0,20.36
00712 ,0000682,PHOT,3.6,0,0,5.4
00712 ,0000686,SCI ,12.55,0,0,18.82
00712 ,0000803,SCI ,29.53,0,0,44.3
00712 ,0000805,PHOT,12.13,0,0,18.2
00712 ,0000808,PHOT,5.79125,0,0,8.69
00712 ,0000829,PHOT,3.2595,0,0,4.89
00712 ,0000841,MIN ,2.57275,0,0,3.86
00712 ,0000844,MIN ,1.4965,0,0,2.25
00712 ,0000846,MIN ,1.2095,0,0,1.81
00712 ,0000847,MIN ,1.353,0,0,2.03
00712 ,0000849,MIN ,1.353,0,0,2.03
00712 ,0000850,MIN ,3.38,0,0,5.07
00712 ,0000851,MIN ,3.8976,0,0,5.85
00712 ,0000853,MIN ,3.4645,0,0,5.2
00712 ,0000855,MIN ,3.4645,0,0,5.2
00712 ,0000856,MIN ,5.87,0,0,8.8
00712 ,0000859,PHOT,1.42475,0,0,2.14
00712 ,0000860,PHOT,5.11475,0,0,7.67
00712 ,0000861,PHOT,1.148,0,0,1.72
00712 ,0000862,PHOT,12.12575,0,0,18.19
00712 ,0000863,PHOT,10.3935,0,0,15.59
00712 ,0000864,PHOT,9.99375,0,0,14.99
00712 ,0000865,PHOT,6.77525,0,0,10.16
00712 ,0000866,PHOT,3.8335,0,0,5.75
00712 ,0000868,PHOT,24.53,0,0,36.8
00712 ,0000870,PHOT,10.4345,0,0,15.65
00712 ,0000872,MARI,10.42425,0,0,15.64
00712 ,0000873,MARI,7.24675,0,0,10.87
00712 ,0000882,SCI ,3.61,0,0,5.42
00712 ,0000886,SCI ,3.7411885,0,0,5.61
00712 ,0000889,SCI ,7.18417,0,0,10.78
00712 ,0000898,PHOT,10.64975,0,0,15.97
00712 ,0000901,PHOT,5.1455,0,0,7.72
00712 ,0000902,PHOT,4.715,0,0,7.07
00712 ,0000903,PHOT,4.469,0,0,6.7
00712 ,0000904,PHOT,4.8995,0,0,7.35
00712 ,0000908,PHOT,4.56125,0,0,6.84
00712 ,0000910,PHOT,6.57,0,0,9.86
00712 ,0000914,PHOT,6.7855,0,0,10.18
00712 ,0000916,PHOT,1.5785,0,0,2.37
00712 ,0000920,PHOT,6.0885,0,0,9.13
00712 ,0000921,SCI ,8.4665,0,0,12.7
00712 ,0000922,PHOT,8.446,0,0,12.67
00712 ,0000924,PHOT,2.83925,0,0,4.26
00712 ,0000925,PHOT,13.54025,0,0,20.31
00712 ,0000926,PHOT,2.132,0,0,3.2
00712 ,0000927,PHOT,10.578,0,0,15.87
00712 ,0000928,PHOT,4.37675,0,0,6.57
00712 ,0000929,PHOT,7.6875,0,0,11.53
00712 ,0000930,PHOT,3.65925,0,0,5.49
00712 ,0000931,PHOT,4.43825,0,0,6.66
00712 ,0000932,PHOT,51.6805,0,0,77.52
00712 ,0000934,PHOT,6.18075,0,0,9.27
00712 ,0000935,PHOT,1.5785,0,0,2.37
00712 ,0000936,PHOT,2.501,0,0,3.75
00712 ,0000938,PHOT,4.90975,0,0,7.37
00712 ,0000940,SCI ,2.14225,0,0,3.21
00712 ,0000941,PHOT,2.3985,0,0,3.6
00712 ,0000942,PHOT,3.78225,0,0,5.67
00712 ,0000950,PHOT,6.5102875,0,0,9.77
00712 ,0000952,STTV,7.2538225,0,0,10.88
00712 ,0000963,MIN ,2.28375,0,0,3.43
00712 ,0000964,PHOT,6.0885,0,0,9.13
00712 ,0000967,SCI ,37.97,0,0,56.95
00712 ,0000981,PHOT,3.567,0,0,5.35
00712 ,0000982,PHOT,3.567,0,0,5.35
00712 ,0000985,PHOT,3.567,0,0,5.35
00712 ,0000986,PHOT,3.321,0,0,4.98
00712 ,0001001,SCI ,46.89375,76.25,0,70.34
00712 ,0001003,MIN ,2.30625,0,0,3.46
00712 ,0001006,PHOT,27.64425,7,0,7
00712 ,0001021,MIN ,7.37296,0,0,11.06
00712 ,0001022,MIN ,2.42925,0,0,3.64
00712 ,0001024,MIN ,3.76175,0,0,5.64
00712 ,0001028,PHOT,16.00025,0,0,24
00712 ,0001036,SCI ,10.11,0,0,15.16
00712 ,0001043,MIN ,2.10125,6.75,6.75,6.75
00712 ,0001045,MIN ,3.4645,0,0,5.2
00712 ,0001046,MIN ,1.9475,1.99,0,1.99
00712 ,0001048,MIN ,2.3165,0,0,3.48
00712 ,0001051,MIN ,3.29025,0,0,4.93
00712 ,0001069,SCI ,10.23,0,0,15.35
00712 ,0001073,SCI ,6.98,0,0,10.47
00712 ,0001074,SCI ,13.05,0,0,19.57
00712 ,0001087,SCI ,14.44225,0,0,21.66
00712 ,0001089,PHOT,10.21925,0,0,15.33
00712 ,0001090,SCI ,0.97,0,0,1.46
00712 ,0001111,PHOT,18.583635,27.5,0,27.5
00712 ,0001112,PHOT,25.625,0,0,38.44
00712 ,0001125,PHOT,29.71475,0,0,44.57
00712 ,0001128,STTV,11.521,0,0,17.28
00712 ,0001129,STTV,13.31475,0,0,19.97
00712 ,0001130,STTV,14.72925,0,0,22.09
00712 ,0001133,STTV,12.6485,0,0,18.97
00712 ,0001134,STTV,14.33975,0,0,21.51
00712 ,0001137,STTV,14.72925,0,0,22.09
00712 ,0001138,STTV,12.6485,0,0,18.97
00712 ,0001141,PHOT,14.33975,0,0,21.51
00803 ,0000102,DEUT,414.1,0,0,579.74
00803 ,0000105,VISI,189.625,0,0,265.48
00803 ,0000106,DEUT,442.8,0,0,619.92
00803 ,0000110,DEUT,455.1,0,0,637.14
00803 ,0000115,DEUT,533,0,0,746.2
00803 ,0000116,DEUT,533,0,0,746.2
00803 ,0000122,SCI ,133.7625,0,0,187.27
00803 ,0000123,DEUT,290.9975,0,0,407.4
00803 ,0000124,PHOT,4.88,0,0,6.83
00803 ,0000125,PHOT,10.3935,0,0,14.55
00803 ,0000128,DEUT,599.625,0,0,839.48
00803 ,0000130,DEUT,442.8,0,0,619.92
00803 ,0000131,DEUT,350.55,759,0,490.77
00803 ,0000133,DEUT,423.325,916,0,592.65
00803 ,0000134,DEUT,313.65,0,0,439.11
00803 ,0000150,GERM,24.28225,0,0,33.99
00803 ,0000156,GERM,9.9835,0,0,13.98
00803 ,0000157,GERM,5.41,0,0,7.57
00803 ,0000161,SCI ,40.07,0,0,56.1
00803 ,0000163,GERM,19.5,0,0,27.3
00803 ,0000179,GERM,25.61475,0,0,35.86
00803 ,0000183,GERM,6.806,0,0,9.53
00803 ,0000184,GERM,1.92,0,0,2.69
00803 ,0000187,GERM,36.31,0,0,50.83
00803 ,0000192,GERM,6.0475,0,0,8.47
00803 ,0000194,GERM,4.85,9,0,6.79
00803 ,0000195,GERM,6.4985,9.24,0,9.1
00803 ,0000226,GERM,6.88,0,0,9.63
00803 ,0000230,GERM,3.53625,0,0,4.95
00803 ,0000233,GERM,6.36525,0,0,8.91
00803 ,0000234,GERM,11.07,0,0,15.5
00803 ,0000235,GERM,8.35,0,0,11.69
00803 ,0000242,SCI ,234,0,0,327.6
00803 ,0000246,DEUT,598.6,0,0,838.04
00803 ,0000247,DEUT,455.1,0,0,637.14
00803 ,0000249,SCI ,198.86025,0,0,278.4
00803 ,0000250,SCI ,222.57875,0,0,311.61
00803 ,0000253,DEUT,521.2125,0,0,729.7
00803 ,0000255,DEUT,442.8,0,0,619.92
00803 ,0000256,SCI ,91.225,0,0,127.72
00803 ,0000257,SCI ,91.225,0,0,127.72
00803 ,0000259,SCI ,261.375,0,0,365.93
00803 ,0000262,SCI ,311.6,0,0,436.24
00803 ,0000265,SCI ,321.85,0,0,450.59
00803 ,0000266,SCI ,429.475,0,0,601.26
00803 ,0000267,SCI ,166.05,0,0,232.47
00803 ,0000268,SCI ,94.3,0,0,132.02
00803 ,0000269,SCI ,94.3,0,0,132.02
00803 ,0000270,SCI ,316.725,0,0,443.42
00803 ,0000292,SCI ,281.875,0,0,394.63
00803 ,0000293,SCI ,79.089,0,0,110.72
00803 ,0000294,SCI ,93.7055,0,0,131.19
00803 ,0000295,SCI ,172.2,0,0,241.08
00803 ,0000296,SCI ,171.175,0,0,239.65
00803 ,0000298,SCI ,283.925,0,0,397.5
00803 ,0000299,SCI ,281.875,0,0,394.63
00803 ,0000300,SCI ,120.95,0,0,169.33
00803 ,0000301,SCI ,176.874,0,0,247.62
00803 ,0000302,SCI ,284.9705,0,0,398.96
00803 ,0000319,SCI ,1.148,0,0,1.61
00803 ,0000323,MIN ,22.24,0,0,31.14
00803 ,0000324,SCI ,56.76,72.25,0,72.25
00803 ,0000340,SCI ,102.3975,166.5,0,143.36
00803 ,0000342,SCI ,35.34,0,0,49.48
00803 ,0000343,SCI ,32.92,0,0,46.09
00803 ,0000345,SCI ,81.18,132,0,113.65
00803 ,0000346,SCI ,46.27875,75.25,0,64.79
00803 ,0000348,SCI ,62.94,0,0,88.12
00803 ,0000349,SCI ,48.12375,0,0,67.37
00803 ,0000350,SCI ,91.47,144.5,0,128.06
00803 ,0000351,SCI ,146.37,238,0,204.92
00803 ,0000352,SCI ,17.51,20,0,20
00803 ,0000353,SCI ,17.2,19.25,0,19.25
00803 ,0000354,SCI ,41.72,0,0,58.41
00803 ,0000355,SCI ,30.04,0,0,42.06
00803 ,0000356,SCI ,191.88,271,0,268.63
00803 ,0000357,SCI ,49.2,74.75,0,68.88
00803 ,0000361,SCI ,24.16,0,0,33.82
00803 ,0000362,SCI ,28.75125,42.5,0,40.25
00803 ,0000364,SCI ,61.51,0,0,86.11
00803 ,0000365,SCI ,116.235,189,0,162.73
00803 ,0000367,SCI ,54.4275,88.5,0,76.2
00803 ,0000389,SCI ,2.85,0,0,3.99
00803 ,0000399,SCI ,461.56,0,0,646.18
00803 ,0000413,STTV,13.6490025,0,0,19.11
00803 ,0000422,L L ,11.30862,0,0,15.83
00803 ,0000486,PHOT,0.97,0,0,1.36
00803 ,0000555,SCI ,2,0,0,2.8
00803 ,0000574,PHOT,11.07999375,12.99,0,12.99
00803 ,0000584,PHOT,15.78,0,0,22.09
00803 ,0000595,PHOT,3.49525,0,0,4.89
00803 ,0000604,MARI,18.928735,19,0,19
00803 ,0000615,PHOT,8.75,0,0,12.25
00803 ,0000623,PHOT,2.583,0,0,3.62
00803 ,0000637,SCI ,8.97,0,0,12.56
00803 ,0000645,STTV,8.74955375,8.99,0,8.99
00803 ,0000650,SCI ,12.63,0,0,17.68
00803 ,0000652,I R ,30.13738,0,0,42.19
00803 ,0000660,SCI ,9.05,0,0,12.67
00803 ,0000677,PHOT,26.18,0,0,36.65
00803 ,0000678,SCI ,15.83,0,0,22.16
00803 ,0000679,PHOT,13.5717175,0,0,19
00803 ,0000682,PHOT,3.6,0,0,5.04
00803 ,0000686,SCI ,12.55,0,0,17.57
00803 ,0000803,SCI ,29.53,0,0,41.34
00803 ,0000805,PHOT,12.13,0,0,16.98
00803 ,0000808,PHOT,5.79125,0,0,8.11
00803 ,0000829,PHOT,3.2595,0,0,4.56
00803 ,0000841,MIN ,2.57275,0,0,3.6
00803 ,0000844,MIN ,1.4965,0,0,2.1
00803 ,0000846,MIN ,1.2095,0,0,1.69
00803 ,0000847,MIN ,1.353,0,0,1.89
00803 ,0000849,MIN ,1.353,0,0,1.89
00803 ,0000850,MIN ,3.38,0,0,4.73
00803 ,0000851,MIN ,3.8976,0,0,5.46
00803 ,0000853,MIN ,3.4645,0,0,4.85
00803 ,0000855,MIN ,3.4645,0,0,4.85
00803 ,0000856,MIN ,5.87,0,0,8.22
00803 ,0000859,PHOT,1.42475,0,0,2
00803 ,0000860,PHOT,5.11475,0,0,7.16
00803 ,0000861,PHOT,1.148,0,0,1.61
00803 ,0000862,PHOT,12.12575,0,0,16.98
00803 ,0000863,PHOT,10.3935,0,0,14.55
00803 ,0000864,PHOT,9.99375,0,0,13.99
00803 ,0000865,PHOT,6.77525,0,0,9.48
00803 ,0000866,PHOT,3.8335,0,0,5.37
00803 ,0000868,PHOT,24.53,0,0,34.34
00803 ,0000870,PHOT,10.4345,0,0,14.61
00803 ,0000872,MARI,10.42425,0,0,14.59
00803 ,0000873,MARI,7.24675,0,0,10.14
00803 ,0000882,SCI ,3.61,0,0,5.05
00803 ,0000886,SCI ,3.7411885,0,0,5.24
00803 ,0000889,SCI ,7.18417,0,0,10.06
00803 ,0000898,PHOT,10.64975,0,0,14.91
00803 ,0000901,PHOT,5.1455,0,0,7.2
00803 ,0000902,PHOT,4.715,0,0,6.6
00803 ,0000903,PHOT,4.469,0,0,6.26
00803 ,0000904,PHOT,4.8995,0,0,6.86
00803 ,0000908,PHOT,4.56125,0,0,6.39
00803 ,0000910,PHOT,6.57,0,0,9.2
00803 ,0000914,PHOT,6.7855,0,0,9.5
00803 ,0000916,PHOT,1.5785,0,0,2.21
00803 ,0000920,PHOT,6.0885,0,0,8.52
00803 ,0000921,SCI ,8.4665,0,0,11.85
00803 ,0000922,PHOT,8.446,0,0,11.82
00803 ,0000924,PHOT,2.83925,0,0,3.98
00803 ,0000925,PHOT,13.54025,0,0,18.96
00803 ,0000926,PHOT,2.132,0,0,2.98
00803 ,0000927,PHOT,10.578,0,0,14.81
00803 ,0000928,PHOT,4.37675,0,0,6.13
00803 ,0000929,PHOT,7.6875,0,0,10.76
00803 ,0000930,PHOT,3.65925,0,0,5.12
00803 ,0000931,PHOT,4.43825,0,0,6.21
00803 ,0000932,PHOT,51.6805,0,0,72.35
00803 ,0000934,PHOT,6.18075,0,0,8.65
00803 ,0000935,PHOT,1.5785,0,0,2.21
00803 ,0000936,PHOT,2.501,0,0,3.5
00803 ,0000938,PHOT,4.90975,0,0,6.87
00803 ,0000940,SCI ,2.14225,0,0,3
00803 ,0000941,PHOT,2.3985,0,0,3.36
00803 ,0000942,PHOT,3.78225,0,0,5.29
00803 ,0000950,PHOT,6.5102875,0,0,9.11
00803 ,0000952,STTV,7.2538225,0,0,10.15
00803 ,0000963,MIN ,2.28375,0,0,3.2
00803 ,0000964,PHOT,6.0885,0,0,8.52
00803 ,0000967,SCI ,37.97,0,0,53.16
00803 ,0000981,PHOT,3.567,0,0,4.99
00803 ,0000982,PHOT,3.567,0,0,4.99
00803 ,0000985,PHOT,3.567,0,0,4.99
00803 ,0000986,PHOT,3.321,0,0,4.65
00803 ,0001001,SCI ,46.89375,76.25,0,65.65
00803 ,0001003,MIN ,2.30625,0,0,3.23
00803 ,0001006,PHOT,27.64425,7,0,7
00803 ,0001021,MIN ,7.37296,0,0,10.32
00803 ,0001022,MIN ,2.42925,0,0,3.4
00803 ,0001024,MIN ,3.76175,0,0,5.27
00803 ,0001028,PHOT,16.00025,0,0,22.4
00803 ,0001036,SCI ,10.11,0,0,14.15
00803 ,0001043,MIN ,2.10125,6.75,6.75,6.75
00803 ,0001045,MIN ,3.4645,0,0,4.85
00803 ,0001046,MIN ,1.9475,1.99,0,1.99
00803 ,0001048,MIN ,2.3165,0,0,3.24
00803 ,0001051,MIN ,3.29025,0,0,4.61
00803 ,0001069,SCI ,10.23,0,0,14.32
00803 ,0001073,SCI ,6.98,0,0,9.77
00803 ,0001074,SCI ,13.05,0,0,18.27
00803 ,0001087,SCI ,14.44225,0,0,20.22
00803 ,0001089,PHOT,10.21925,0,0,14.31
00803 ,0001090,SCI ,0.97,0,0,1.36
00803 ,0001111,PHOT,18.583635,27.5,0,26.02
00803 ,0001112,PHOT,25.625,0,0,35.88
00803 ,0001125,PHOT,29.71475,0,0,41.6
00803 ,0001128,STTV,11.521,0,0,16.13
00803 ,0001129,STTV,13.31475,0,0,18.64
00803 ,0001130,STTV,14.72925,0,0,20.62
00803 ,0001133,STTV,12.6485,0,0,17.71
00803 ,0001134,STTV,14.33975,0,0,20.08
00803 ,0001137,STTV,14.72925,0,0,20.62
00803 ,0001138,STTV,12.6485,0,0,17.71
00803 ,0001141,PHOT,14.33975,0,0,20.08
00808 ,0000102,DEUT,414.1,0,0,579.74
00808 ,0000105,VISI,189.625,0,0,265.48
00808 ,0000106,DEUT,442.8,0,0,619.92
00808 ,0000110,DEUT,455.1,0,0,637.14
00808 ,0000115,DEUT,533,0,0,746.2
00808 ,0000116,DEUT,533,0,0,746.2
00808 ,0000122,SCI ,133.7625,0,0,187.27
00808 ,0000123,DEUT,290.9975,0,0,407.4
00808 ,0000124,PHOT,4.88,0,0,6.83
00808 ,0000125,PHOT,10.3935,0,0,14.55
00808 ,0000128,DEUT,599.625,0,0,839.48
00808 ,0000130,DEUT,442.8,0,0,619.92
00808 ,0000131,DEUT,350.55,759,0,490.77
00808 ,0000133,DEUT,423.325,916,0,592.65
00808 ,0000134,DEUT,313.65,0,0,439.11
00808 ,0000150,GERM,24.28225,0,0,33.99
00808 ,0000156,GERM,9.9835,0,0,13.98
00808 ,0000157,GERM,5.41,0,0,7.57
00808 ,0000161,SCI ,40.07,0,0,56.1
00808 ,0000163,GERM,19.5,0,0,27.3
00808 ,0000179,GERM,25.61475,0,0,35.86
00808 ,0000183,GERM,6.806,0,0,9.53
00808 ,0000184,GERM,1.92,0,0,2.69
00808 ,0000187,GERM,36.31,0,0,50.83
00808 ,0000192,GERM,6.0475,0,0,8.47
00808 ,0000194,GERM,4.85,9,0,6.79
00808 ,0000195,GERM,6.4985,9.24,0,9.1
00808 ,0000226,GERM,6.88,0,0,9.63
00808 ,0000230,GERM,3.53625,0,0,4.95
00808 ,0000233,GERM,6.36525,0,0,8.91
00808 ,0000234,GERM,11.07,0,0,15.5
00808 ,0000235,GERM,8.35,0,0,11.69
00808 ,0000242,SCI ,234,0,0,327.6
00808 ,0000246,DEUT,598.6,0,0,838.04
00808 ,0000247,DEUT,455.1,0,0,637.14
00808 ,0000249,SCI ,198.86025,0,0,278.4
00808 ,0000250,SCI ,222.57875,0,0,311.61
00808 ,0000253,DEUT,521.2125,0,0,729.7
00808 ,0000255,DEUT,442.8,0,0,619.92
00808 ,0000256,SCI ,91.225,0,0,127.72
00808 ,0000257,SCI ,91.225,0,0,127.72
00808 ,0000259,SCI ,261.375,0,0,365.93
00808 ,0000262,SCI ,311.6,0,0,436.24
00808 ,0000265,SCI ,321.85,0,0,450.59
00808 ,0000266,SCI ,429.475,0,0,601.26
00808 ,0000267,SCI ,166.05,0,0,232.47
00808 ,0000268,SCI ,94.3,0,0,132.02
00808 ,0000269,SCI ,94.3,0,0,132.02
00808 ,0000270,SCI ,316.725,0,0,443.42
00808 ,0000292,SCI ,281.875,0,0,394.63
00808 ,0000293,SCI ,79.089,0,0,110.72
00808 ,0000294,SCI ,93.7055,0,0,131.19
00808 ,0000295,SCI ,172.2,0,0,241.08
00808 ,0000296,SCI ,171.175,0,0,239.65
00808 ,0000298,SCI ,283.925,0,0,397.5
00808 ,0000299,SCI ,281.875,0,0,394.63
00808 ,0000300,SCI ,120.95,0,0,169.33
00808 ,0000301,SCI ,176.874,0,0,247.62
00808 ,0000302,SCI ,284.9705,0,0,398.96
00808 ,0000319,SCI ,1.148,0,0,1.61
00808 ,0000323,MIN ,22.24,0,0,31.14
00808 ,0000324,SCI ,56.76,72.25,0,72.25
00808 ,0000340,SCI ,102.3975,166.5,0,143.36
00808 ,0000342,SCI ,35.34,0,0,49.48
00808 ,0000343,SCI ,32.92,0,0,46.09
00808 ,0000345,SCI ,81.18,132,0,113.65
00808 ,0000346,SCI ,46.27875,75.25,0,64.79
00808 ,0000348,SCI ,62.94,0,0,88.12
00808 ,0000349,SCI ,48.12375,0,0,67.37
00808 ,0000350,SCI ,91.47,144.5,0,128.06
00808 ,0000351,SCI ,146.37,238,0,204.92
00808 ,0000352,SCI ,17.51,20,0,20
00808 ,0000353,SCI ,17.2,19.25,0,19.25
00808 ,0000354,SCI ,41.72,0,0,58.41
00808 ,0000355,SCI ,30.04,0,0,42.06
00808 ,0000356,SCI ,191.88,271,0,268.63
00808 ,0000357,SCI ,49.2,74.75,0,68.88
00808 ,0000361,SCI ,24.16,0,0,33.82
00808 ,0000362,SCI ,28.75125,42.5,0,40.25
00808 ,0000364,SCI ,61.51,0,0,86.11
00808 ,0000365,SCI ,116.235,189,0,162.73
00808 ,0000367,SCI ,54.4275,88.5,0,76.2
00808 ,0000389,SCI ,2.85,0,0,3.99
00808 ,0000399,SCI ,461.56,0,0,646.18
00808 ,0000413,STTV,13.6490025,0,0,19.11
00808 ,0000422,L L ,11.30862,0,0,15.83
00808 ,0000486,PHOT,0.97,0,0,1.36
00808 ,0000555,SCI ,2,0,0,2.8
00808 ,0000574,PHOT,11.07999375,12.99,0,12.99
00808 ,0000584,PHOT,15.78,0,0,22.09
00808 ,0000595,PHOT,3.49525,0,0,4.89
00808 ,0000604,MARI,18.928735,19,0,19
00808 ,0000615,PHOT,8.75,0,0,12.25
00808 ,0000623,PHOT,2.583,0,0,3.62
00808 ,0000637,SCI ,8.97,0,0,12.56
00808 ,0000645,STTV,8.74955375,8.99,0,8.99
00808 ,0000650,SCI ,12.63,0,0,17.68
00808 ,0000652,I R ,30.13738,0,0,42.19
00808 ,0000660,SCI ,9.05,0,0,12.67
00808 ,0000677,PHOT,26.18,0,0,36.65
00808 ,0000678,SCI ,15.83,0,0,22.16
00808 ,0000679,PHOT,13.5717175,0,0,19
00808 ,0000682,PHOT,3.6,0,0,5.04
00808 ,0000686,SCI ,12.55,0,0,17.57
00808 ,0000803,SCI ,29.53,0,0,41.34
00808 ,0000805,PHOT,12.13,0,0,16.98
00808 ,0000808,PHOT,5.79125,0,0,8.11
00808 ,0000829,PHOT,3.2595,0,0,4.56
00808 ,0000841,MIN ,2.57275,0,0,3.6
00808 ,0000844,MIN ,1.4965,0,0,2.1
00808 ,0000846,MIN ,1.2095,0,0,1.69
00808 ,0000847,MIN ,1.353,0,0,1.89
00808 ,0000849,MIN ,1.353,0,0,1.89
00808 ,0000850,MIN ,3.38,0,0,4.73
00808 ,0000851,MIN ,3.8976,0,0,5.46
00808 ,0000853,MIN ,3.4645,0,0,4.85
00808 ,0000855,MIN ,3.4645,0,0,4.85
00808 ,0000856,MIN ,5.87,0,0,8.22
00808 ,0000859,PHOT,1.42475,0,0,2
00808 ,0000860,PHOT,5.11475,0,0,7.16
00808 ,0000861,PHOT,1.148,0,0,1.61
00808 ,0000862,PHOT,12.12575,0,0,16.98
00808 ,0000863,PHOT,10.3935,0,0,14.55
00808 ,0000864,PHOT,9.99375,0,0,13.99
00808 ,0000865,PHOT,6.77525,0,0,9.48
00808 ,0000866,PHOT,3.8335,0,0,5.37
00808 ,0000868,PHOT,24.53,0,0,34.34
00808 ,0000870,PHOT,10.4345,0,0,14.61
00808 ,0000872,MARI,10.42425,0,0,14.59
00808 ,0000873,MARI,7.24675,0,0,10.14
00808 ,0000882,SCI ,3.61,0,0,5.05
00808 ,0000886,SCI ,3.7411885,0,0,5.24
00808 ,0000889,SCI ,7.18417,0,0,10.06
00808 ,0000898,PHOT,10.64975,0,0,14.91
00808 ,0000901,PHOT,5.1455,0,0,7.2
00808 ,0000902,PHOT,4.715,0,0,6.6
00808 ,0000903,PHOT,4.469,0,0,6.26
00808 ,0000904,PHOT,4.8995,0,0,6.86
00808 ,0000908,PHOT,4.56125,0,0,6.39
00808 ,0000910,PHOT,6.57,0,0,9.2
00808 ,0000914,PHOT,6.7855,0,0,9.5
00808 ,0000916,PHOT,1.5785,0,0,2.21
00808 ,0000920,PHOT,6.0885,0,0,8.52
00808 ,0000921,SCI ,8.4665,0,0,11.85
00808 ,0000922,PHOT,8.446,0,0,11.82
00808 ,0000924,PHOT,2.83925,0,0,3.98
00808 ,0000925,PHOT,13.54025,0,0,18.96
00808 ,0000926,PHOT,2.132,0,0,2.98
00808 ,0000927,PHOT,10.578,0,0,14.81
00808 ,0000928,PHOT,4.37675,0,0,6.13
00808 ,0000929,PHOT,7.6875,0,0,10.76
00808 ,0000930,PHOT,3.65925,0,0,5.12
00808 ,0000931,PHOT,4.43825,0,0,6.21
00808 ,0000932,PHOT,51.6805,0,0,72.35
00808 ,0000934,PHOT,6.18075,0,0,8.65
00808 ,0000935,PHOT,1.5785,0,0,2.21
00808 ,0000936,PHOT,2.501,0,0,3.5
00808 ,0000938,PHOT,4.90975,0,0,6.87
00808 ,0000940,SCI ,2.14225,0,0,3
00808 ,0000941,PHOT,2.3985,0,0,3.36
00808 ,0000942,PHOT,3.78225,0,0,5.29
00808 ,0000950,PHOT,6.5102875,0,0,9.11
00808 ,0000952,STTV,7.2538225,0,0,10.15
00808 ,0000963,MIN ,2.28375,0,0,3.2
00808 ,0000964,PHOT,6.0885,0,0,8.52
00808 ,0000967,SCI ,37.97,0,0,53.16
00808 ,0000981,PHOT,3.567,0,0,4.99
00808 ,0000982,PHOT,3.567,0,0,4.99
00808 ,0000985,PHOT,3.567,0,0,4.99
00808 ,0000986,PHOT,3.321,0,0,4.65
00808 ,0001001,SCI ,46.89375,76.25,0,65.65
00808 ,0001003,MIN ,2.30625,0,0,3.23
00808 ,0001006,PHOT,27.64425,7,0,7
00808 ,0001021,MIN ,7.37296,0,0,10.32
00808 ,0001022,MIN ,2.42925,0,0,3.4
00808 ,0001024,MIN ,3.76175,0,0,5.27
00808 ,0001028,PHOT,16.00025,0,0,22.4
00808 ,0001036,SCI ,10.11,0,0,14.15
00808 ,0001043,MIN ,2.10125,6.75,6.75,6.75
00808 ,0001045,MIN ,3.4645,0,0,4.85
00808 ,0001046,MIN ,1.9475,1.99,0,1.99
00808 ,0001048,MIN ,2.3165,0,0,3.24
00808 ,0001051,MIN ,3.29025,0,0,4.61
00808 ,0001069,SCI ,10.23,0,0,14.32
00808 ,0001073,SCI ,6.98,0,0,9.77
00808 ,0001074,SCI ,13.05,0,0,18.27
00808 ,0001087,SCI ,14.44225,0,0,20.22
00808 ,0001089,PHOT,10.21925,0,0,14.31
00808 ,0001090,SCI ,0.97,0,0,1.36
00808 ,0001111,PHOT,18.583635,27.5,0,26.02
00808 ,0001112,PHOT,25.625,0,0,35.88
00808 ,0001125,PHOT,29.71475,0,0,41.6
00808 ,0001128,STTV,11.521,0,0,16.13
00808 ,0001129,STTV,13.31475,0,0,18.64
00808 ,0001130,STTV,14.72925,0,0,20.62
00808 ,0001133,STTV,12.6485,0,0,17.71
00808 ,0001134,STTV,14.33975,0,0,20.08
00808 ,0001137,STTV,14.72925,0,0,20.62
00808 ,0001138,STTV,12.6485,0,0,17.71
00808 ,0001141,PHOT,14.33975,0,0,20.08
00845 ,0000102,DEUT,414.1,0,0,662.56
00845 ,0000105,VISI,189.625,0,0,303.4
00845 ,0000106,DEUT,442.8,0,0,708.48
00845 ,0000110,DEUT,455.1,0,0,728.16
00845 ,0000115,DEUT,533,0,0,852.8
00845 ,0000116,DEUT,533,0,0,852.8
00845 ,0000122,SCI ,133.7625,0,0,214.02
00845 ,0000123,DEUT,290.9975,0,0,465.6
00845 ,0000124,PHOT,4.88,0,0,7.81
00845 ,0000125,PHOT,10.3935,0,0,16.63
00845 ,0000128,DEUT,599.625,0,0,959.4
00845 ,0000130,DEUT,442.8,0,0,708.48
00845 ,0000131,DEUT,350.55,759,0,560.88
00845 ,0000133,DEUT,423.325,916,0,677.32
00845 ,0000134,DEUT,313.65,0,0,501.84
00845 ,0000150,GERM,24.28225,0,0,38.85
00845 ,0000156,GERM,9.9835,0,0,15.97
00845 ,0000157,GERM,5.41,0,0,8.66
00845 ,0000161,SCI ,40.07,0,0,64.11
00845 ,0000163,GERM,19.5,0,0,31.2
00845 ,0000179,GERM,25.61475,0,0,40.98
00845 ,0000183,GERM,6.806,0,0,10.89
00845 ,0000184,GERM,1.92,0,0,3.07
00845 ,0000187,GERM,36.31,0,0,58.1
00845 ,0000192,GERM,6.0475,0,0,9.68
00845 ,0000194,GERM,4.85,9,0,7.76
00845 ,0000195,GERM,6.4985,9.24,0,9.24
00845 ,0000226,GERM,6.88,0,0,11.01
00845 ,0000230,GERM,3.53625,0,0,5.66
00845 ,0000233,GERM,6.36525,0,0,10.18
00845 ,0000234,GERM,11.07,0,0,17.71
00845 ,0000235,GERM,8.35,0,0,13.36
00845 ,0000242,SCI ,234,0,0,374.4
00845 ,0000246,DEUT,598.6,0,0,957.76
00845 ,0000247,DEUT,455.1,0,0,728.16
00845 ,0000249,SCI ,198.86025,0,0,318.18
00845 ,0000250,SCI ,222.57875,0,0,356.13
00845 ,0000253,DEUT,521.2125,0,0,833.94
00845 ,0000255,DEUT,442.8,0,0,708.48
00845 ,0000256,SCI ,91.225,0,0,145.96
00845 ,0000257,SCI ,91.225,0,0,145.96
00845 ,0000259,SCI ,261.375,0,0,418.2
00845 ,0000262,SCI ,311.6,0,0,498.56
00845 ,0000265,SCI ,321.85,0,0,514.96
00845 ,0000266,SCI ,429.475,0,0,687.16
00845 ,0000267,SCI ,166.05,0,0,265.68
00845 ,0000268,SCI ,94.3,0,0,150.88
00845 ,0000269,SCI ,94.3,0,0,150.88
00845 ,0000270,SCI ,316.725,0,0,506.76
00845 ,0000292,SCI ,281.875,0,0,451
00845 ,0000293,SCI ,79.089,0,0,126.54
00845 ,0000294,SCI ,93.7055,0,0,149.93
00845 ,0000295,SCI ,172.2,0,0,275.52
00845 ,0000296,SCI ,171.175,0,0,273.88
00845 ,0000298,SCI ,283.925,0,0,454.28
00845 ,0000299,SCI ,281.875,0,0,451
00845 ,0000300,SCI ,120.95,0,0,193.52
00845 ,0000301,SCI ,176.874,0,0,283
00845 ,0000302,SCI ,284.9705,0,0,455.95
00845 ,0000319,SCI ,1.148,0,0,1.84
00845 ,0000323,MIN ,22.24,0,0,35.58
00845 ,0000324,SCI ,56.76,72.25,0,72.25
00845 ,0000340,SCI ,102.3975,166.5,0,163.84
00845 ,0000342,SCI ,35.34,0,0,56.54
00845 ,0000343,SCI ,32.92,0,0,52.67
00845 ,0000345,SCI ,81.18,132,0,129.89
00845 ,0000346,SCI ,46.27875,75.25,0,74.05
00845 ,0000348,SCI ,62.94,0,0,100.7
00845 ,0000349,SCI ,48.12375,0,0,77
00845 ,0000350,SCI ,91.47,144.5,0,144.5
00845 ,0000351,SCI ,146.37,238,0,234.19
00845 ,0000352,SCI ,17.51,20,0,20
00845 ,0000353,SCI ,17.2,19.25,0,19.25
00845 ,0000354,SCI ,41.72,0,0,66.75
00845 ,0000355,SCI ,30.04,0,0,48.06
00845 ,0000356,SCI ,191.88,271,0,271
00845 ,0000357,SCI ,49.2,74.75,0,74.75
00845 ,0000361,SCI ,24.16,0,0,38.66
00845 ,0000362,SCI ,28.75125,42.5,0,42.5
00845 ,0000364,SCI ,61.51,0,0,98.42
00845 ,0000365,SCI ,116.235,189,0,185.98
00845 ,0000367,SCI ,54.4275,88.5,0,87.08
00845 ,0000389,SCI ,2.85,0,0,4.56
00845 ,0000399,SCI ,461.56,0,0,738.5
00845 ,0000413,STTV,13.6490025,0,0,21.84
00845 ,0000422,L L ,11.30862,0,0,18.09
00845 ,0000486,PHOT,0.97,0,0,1.55
00845 ,0000555,SCI ,2,0,0,3.2
00845 ,0000574,PHOT,11.07999375,12.99,0,12.99
00845 ,0000584,PHOT,15.78,0,0,25.25
00845 ,0000595,PHOT,3.49525,0,0,5.59
00845 ,0000604,MARI,18.928735,19,0,19
00845 ,0000615,PHOT,8.75,0,0,14
00845 ,0000623,PHOT,2.583,0,0,4.13
00845 ,0000637,SCI ,8.97,0,0,14.35
00845 ,0000645,STTV,8.74955375,8.99,0,8.99
00845 ,0000650,SCI ,12.63,0,0,20.21
00845 ,0000652,I R ,30.13738,0,0,48.22
00845 ,0000660,SCI ,9.05,0,0,14.48
00845 ,0000677,PHOT,26.18,0,0,41.89
00845 ,0000678,SCI ,15.83,0,0,25.33
00845 ,0000679,PHOT,13.5717175,0,0,21.71
00845 ,0000682,PHOT,3.6,0,0,5.76
00845 ,0000686,SCI ,12.55,0,0,20.08
00845 ,0000803,SCI ,29.53,0,0,47.25
00845 ,0000805,PHOT,12.13,0,0,19.41
00845 ,0000808,PHOT,5.79125,0,0,9.27
00845 ,0000829,PHOT,3.2595,0,0,5.21
00845 ,0000841,MIN ,2.57275,0,0,4.12
00845 ,0000844,MIN ,1.4965,0,0,2.39
00845 ,0000846,MIN ,1.2095,0,0,1.94
00845 ,0000847,MIN ,1.353,0,0,2.17
00845 ,0000849,MIN ,1.353,0,0,2.17
00845 ,0000850,MIN ,3.38,0,0,5.41
00845 ,0000851,MIN ,3.8976,0,0,6.24
00845 ,0000853,MIN ,3.4645,0,0,5.54
00845 ,0000855,MIN ,3.4645,0,0,5.54
00845 ,0000856,MIN ,5.87,0,0,9.39
00845 ,0000859,PHOT,1.42475,0,0,2.28
00845 ,0000860,PHOT,5.11475,0,0,8.18
00845 ,0000861,PHOT,1.148,0,0,1.84
00845 ,0000862,PHOT,12.12575,0,0,19.4
00845 ,0000863,PHOT,10.3935,0,0,16.63
00845 ,0000864,PHOT,9.99375,0,0,15.99
00845 ,0000865,PHOT,6.77525,0,0,10.84
00845 ,0000866,PHOT,3.8335,0,0,6.13
00845 ,0000868,PHOT,24.53,0,0,39.25
00845 ,0000870,PHOT,10.4345,0,0,16.7
00845 ,0000872,MARI,10.42425,0,0,16.68
00845 ,0000873,MARI,7.24675,0,0,11.6
00845 ,0000882,SCI ,3.61,0,0,5.78
00845 ,0000886,SCI ,3.7411885,0,0,5.99
00845 ,0000889,SCI ,7.18417,0,0,11.49
00845 ,0000898,PHOT,10.64975,0,0,17.04
00845 ,0000901,PHOT,5.1455,0,0,8.23
00845 ,0000902,PHOT,4.715,0,0,7.54
00845 ,0000903,PHOT,4.469,0,0,7.15
00845 ,0000904,PHOT,4.8995,0,0,7.84
00845 ,0000908,PHOT,4.56125,0,0,7.3
00845 ,0000910,PHOT,6.57,0,0,10.51
00845 ,0000914,PHOT,6.7855,0,0,10.86
00845 ,0000916,PHOT,1.5785,0,0,2.53
00845 ,0000920,PHOT,6.0885,0,0,9.74
00845 ,0000921,SCI ,8.4665,0,0,13.55
00845 ,0000922,PHOT,8.446,0,0,13.51
00845 ,0000924,PHOT,2.83925,0,0,4.54
00845 ,0000925,PHOT,13.54025,0,0,21.66
00845 ,0000926,PHOT,2.132,0,0,3.41
00845 ,0000927,PHOT,10.578,0,0,16.93
00845 ,0000928,PHOT,4.37675,0,0,7
00845 ,0000929,PHOT,7.6875,0,0,12.3
00845 ,0000930,PHOT,3.65925,0,0,5.86
00845 ,0000931,PHOT,4.43825,0,0,7.1
00845 ,0000932,PHOT,51.6805,0,0,82.69
00845 ,0000934,PHOT,6.18075,0,0,9.89
00845 ,0000935,PHOT,1.5785,0,0,2.53
00845 ,0000936,PHOT,2.501,0,0,4
00845 ,0000938,PHOT,4.90975,0,0,7.86
00845 ,0000940,SCI ,2.14225,0,0,3.43
00845 ,0000941,PHOT,2.3985,0,0,3.84
00845 ,0000942,PHOT,3.78225,0,0,6.05
00845 ,0000950,PHOT,6.5102875,0,0,10.42
00845 ,0000952,STTV,7.2538225,0,0,11.61
00845 ,0000963,MIN ,2.28375,0,0,3.65
00845 ,0000964,PHOT,6.0885,0,0,9.74
00845 ,0000967,SCI ,37.97,0,0,60.75
00845 ,0000981,PHOT,3.567,0,0,5.71
00845 ,0000982,PHOT,3.567,0,0,5.71
00845 ,0000985,PHOT,3.567,0,0,5.71
00845 ,0000986,PHOT,3.321,0,0,5.31
00845 ,0001001,SCI ,46.89375,76.25,0,75.03
00845 ,0001003,MIN ,2.30625,0,0,3.69
00845 ,0001006,PHOT,27.64425,7,0,7
00845 ,0001021,MIN ,7.37296,0,0,11.8
00845 ,0001022,MIN ,2.42925,0,0,3.89
00845 ,0001024,MIN ,3.76175,0,0,6.02
00845 ,0001028,PHOT,16.00025,0,0,25.6
00845 ,0001036,SCI ,10.11,0,0,16.18
00845 ,0001043,MIN ,2.10125,6.75,6.75,6.75
00845 ,0001045,MIN ,3.4645,0,0,5.54
00845 ,0001046,MIN ,1.9475,1.99,0,1.99
00845 ,0001048,MIN ,2.3165,0,0,3.71
00845 ,0001051,MIN ,3.29025,0,0,5.26
00845 ,0001069,SCI ,10.23,0,0,16.37
00845 ,0001073,SCI ,6.98,0,0,11.17
00845 ,0001074,SCI ,13.05,0,0,20.88
00845 ,0001087,SCI ,14.44225,0,0,23.11
00845 ,0001089,PHOT,10.21925,0,0,16.35
00845 ,0001090,SCI ,0.97,0,0,1.55
00845 ,0001111,PHOT,18.583635,27.5,0,27.5
00845 ,0001112,PHOT,25.625,0,0,41
00845 ,0001125,PHOT,29.71475,0,0,47.54
00845 ,0001128,STTV,11.521,0,0,18.43
00845 ,0001129,STTV,13.31475,0,0,21.3
00845 ,0001130,STTV,14.72925,0,0,23.57
00845 ,0001133,STTV,12.6485,0,0,20.24
00845 ,0001134,STTV,14.33975,0,0,22.94
00845 ,0001137,STTV,14.72925,0,0,23.57
00845 ,0001138,STTV,12.6485,0,0,20.24
00845 ,0001141,PHOT,14.33975,0,0,22.94
01050 ,0000102,DEUT,414.1,0,0,621.15
01050 ,0000105,VISI,189.625,0,0,284.44
01050 ,0000106,DEUT,442.8,0,0,664.2
01050 ,0000110,DEUT,455.1,0,0,682.65
01050 ,0000115,DEUT,533,0,0,799.5
01050 ,0000116,DEUT,533,0,0,799.5
01050 ,0000122,SCI ,133.7625,0,0,200.64
01050 ,0000123,DEUT,290.9975,0,0,436.5
01050 ,0000124,PHOT,4.88,0,0,7.32
01050 ,0000125,PHOT,10.3935,0,0,15.59
01050 ,0000128,DEUT,599.625,0,0,899.44
01050 ,0000130,DEUT,442.8,0,0,664.2
01050 ,0000131,DEUT,350.55,759,0,525.83
01050 ,0000133,DEUT,423.325,916,0,634.99
01050 ,0000134,DEUT,313.65,0,0,470.48
01050 ,0000150,GERM,24.28225,0,0,36.42
01050 ,0000156,GERM,9.9835,0,0,14.97
01050 ,0000157,GERM,5.41,0,0,8.12
01050 ,0000161,SCI ,40.07,0,0,60.1
01050 ,0000163,GERM,19.5,0,0,29.25
01050 ,0000179,GERM,25.61475,0,0,38.42
01050 ,0000183,GERM,6.806,0,0,10.21
01050 ,0000184,GERM,1.92,0,0,2.88
01050 ,0000187,GERM,36.31,0,0,54.47
01050 ,0000192,GERM,6.0475,0,0,9.07
01050 ,0000194,GERM,4.85,9,0,7.28
01050 ,0000195,GERM,6.4985,9.24,0,9.24
01050 ,0000226,GERM,6.88,0,0,10.32
01050 ,0000230,GERM,3.53625,0,0,5.3
01050 ,0000233,GERM,6.36525,0,0,9.55
01050 ,0000234,GERM,11.07,0,0,16.61
01050 ,0000235,GERM,8.35,0,0,12.53
01050 ,0000242,SCI ,234,0,0,351
01050 ,0000246,DEUT,598.6,0,0,897.9
01050 ,0000247,DEUT,455.1,0,0,682.65
01050 ,0000249,SCI ,198.86025,0,0,298.29
01050 ,0000250,SCI ,222.57875,0,0,333.87
01050 ,0000253,DEUT,521.2125,0,0,781.82
01050 ,0000255,DEUT,442.8,0,0,664.2
01050 ,0000256,SCI ,91.225,0,0,136.84
01050 ,0000257,SCI ,91.225,0,0,136.84
01050 ,0000259,SCI ,261.375,0,0,392.06
01050 ,0000262,SCI ,311.6,0,0,467.4
01050 ,0000265,SCI ,321.85,0,0,482.77
01050 ,0000266,SCI ,429.475,0,0,644.21
01050 ,0000267,SCI ,166.05,0,0,249.07
01050 ,0000268,SCI ,94.3,0,0,141.45
01050 ,0000269,SCI ,94.3,0,0,141.45
01050 ,0000270,SCI ,316.725,0,0,475.09
01050 ,0000292,SCI ,281.875,0,0,422.81
01050 ,0000293,SCI ,79.089,0,0,118.63
01050 ,0000294,SCI ,93.7055,0,0,140.56
01050 ,0000295,SCI ,172.2,0,0,258.3
01050 ,0000296,SCI ,171.175,0,0,256.76
01050 ,0000298,SCI ,283.925,0,0,425.89
01050 ,0000299,SCI ,281.875,0,0,422.81
01050 ,0000300,SCI ,120.95,0,0,181.43
01050 ,0000301,SCI ,176.874,0,0,265.31
01050 ,0000302,SCI ,284.9705,0,0,427.46
01050 ,0000319,SCI ,1.148,0,0,1.72
01050 ,0000323,MIN ,22.24,0,0,33.36
01050 ,0000324,SCI ,56.76,72.25,0,72.25
01050 ,0000340,SCI ,102.3975,166.5,0,153.6
01050 ,0000342,SCI ,35.34,0,0,53.01
01050 ,0000343,SCI ,32.92,0,0,49.38
01050 ,0000345,SCI ,81.18,132,0,121.77
01050 ,0000346,SCI ,46.27875,75.25,0,69.42
01050 ,0000348,SCI ,62.94,0,0,94.41
01050 ,0000349,SCI ,48.12375,0,0,72.19
01050 ,0000350,SCI ,91.47,144.5,0,137.21
01050 ,0000351,SCI ,146.37,238,0,219.56
01050 ,0000352,SCI ,17.51,20,0,20
01050 ,0000353,SCI ,17.2,19.25,0,19.25
01050 ,0000354,SCI ,41.72,0,0,62.58
01050 ,0000355,SCI ,30.04,0,0,45.06
01050 ,0000356,SCI ,191.88,271,0,271
01050 ,0000357,SCI ,49.2,74.75,0,73.8
01050 ,0000361,SCI ,24.16,0,0,36.24
01050 ,0000362,SCI ,28.75125,42.5,0,42.5
01050 ,0000364,SCI ,61.51,0,0,92.27
01050 ,0000365,SCI ,116.235,189,0,174.35
01050 ,0000367,SCI ,54.4275,88.5,0,81.64
01050 ,0000389,SCI ,2.85,0,0,4.28
01050 ,0000399,SCI ,461.56,0,0,692.34
01050 ,0000413,STTV,13.6490025,0,0,20.47
01050 ,0000422,L L ,11.30862,0,0,16.96
01050 ,0000486,PHOT,0.97,0,0,1.46
01050 ,0000555,SCI ,2,0,0,3
01050 ,0000574,PHOT,11.07999375,12.99,0,12.99
01050 ,0000584,PHOT,15.78,0,0,23.67
01050 ,0000595,PHOT,3.49525,0,0,5.24
01050 ,0000604,MARI,18.928735,19,0,19
01050 ,0000615,PHOT,8.75,0,0,13.13
01050 ,0000623,PHOT,2.583,0,0,3.88
01050 ,0000637,SCI ,8.97,0,0,13.46
01050 ,0000645,STTV,8.74955375,8.99,0,8.99
01050 ,0000650,SCI ,12.63,0,0,18.95
01050 ,0000652,I R ,30.13738,0,0,45.21
01050 ,0000660,SCI ,9.05,0,0,13.57
01050 ,0000677,PHOT,26.18,0,0,39.27
01050 ,0000678,SCI ,15.83,0,0,23.75
01050 ,0000679,PHOT,13.5717175,0,0,20.36
01050 ,0000682,PHOT,3.6,0,0,5.4
01050 ,0000686,SCI ,12.55,0,0,18.82
01050 ,0000803,SCI ,29.53,0,0,44.3
01050 ,0000805,PHOT,12.13,0,0,18.2
01050 ,0000808,PHOT,5.79125,0,0,8.69
01050 ,0000829,PHOT,3.2595,0,0,4.89
01050 ,0000841,MIN ,2.57275,0,0,3.86
01050 ,0000844,MIN ,1.4965,0,0,2.25
01050 ,0000846,MIN ,1.2095,0,0,1.81
01050 ,0000847,MIN ,1.353,0,0,2.03
01050 ,0000849,MIN ,1.353,0,0,2.03
01050 ,0000850,MIN ,3.38,0,0,5.07
01050 ,0000851,MIN ,3.8976,0,0,5.85
01050 ,0000853,MIN ,3.4645,0,0,5.2
01050 ,0000855,MIN ,3.4645,0,0,5.2
01050 ,0000856,MIN ,5.87,0,0,8.8
01050 ,0000859,PHOT,1.42475,0,0,2.14
01050 ,0000860,PHOT,5.11475,0,0,7.67
01050 ,0000861,PHOT,1.148,0,0,1.72
01050 ,0000862,PHOT,12.12575,0,0,18.19
01050 ,0000863,PHOT,10.3935,0,0,15.59
01050 ,0000864,PHOT,9.99375,0,0,14.99
01050 ,0000865,PHOT,6.77525,0,0,10.16
01050 ,0000866,PHOT,3.8335,0,0,5.75
01050 ,0000868,PHOT,24.53,0,0,36.8
01050 ,0000870,PHOT,10.4345,0,0,15.65
01050 ,0000872,MARI,10.42425,0,0,15.64
01050 ,0000873,MARI,7.24675,0,0,10.87
01050 ,0000882,SCI ,3.61,0,0,5.42
01050 ,0000886,SCI ,3.7411885,0,0,5.61
01050 ,0000889,SCI ,7.18417,0,0,10.78
01050 ,0000898,PHOT,10.64975,0,0,15.97
01050 ,0000901,PHOT,5.1455,0,0,7.72
01050 ,0000902,PHOT,4.715,0,0,7.07
01050 ,0000903,PHOT,4.469,0,0,6.7
01050 ,0000904,PHOT,4.8995,0,0,7.35
01050 ,0000908,PHOT,4.56125,0,0,6.84
01050 ,0000910,PHOT,6.57,0,0,9.86
01050 ,0000914,PHOT,6.7855,0,0,10.18
01050 ,0000916,PHOT,1.5785,0,0,2.37
01050 ,0000920,PHOT,6.0885,0,0,9.13
01050 ,0000921,SCI ,8.4665,0,0,12.7
01050 ,0000922,PHOT,8.446,0,0,12.67
01050 ,0000924,PHOT,2.83925,0,0,4.26
01050 ,0000925,PHOT,13.54025,0,0,20.31
01050 ,0000926,PHOT,2.132,0,0,3.2
01050 ,0000927,PHOT,10.578,0,0,15.87
01050 ,0000928,PHOT,4.37675,0,0,6.57
01050 ,0000929,PHOT,7.6875,0,0,11.53
01050 ,0000930,PHOT,3.65925,0,0,5.49
01050 ,0000931,PHOT,4.43825,0,0,6.66
01050 ,0000932,PHOT,51.6805,0,0,77.52
01050 ,0000934,PHOT,6.18075,0,0,9.27
01050 ,0000935,PHOT,1.5785,0,0,2.37
01050 ,0000936,PHOT,2.501,0,0,3.75
01050 ,0000938,PHOT,4.90975,0,0,7.37
01050 ,0000940,SCI ,2.14225,0,0,3.21
01050 ,0000941,PHOT,2.3985,0,0,3.6
01050 ,0000942,PHOT,3.78225,0,0,5.67
01050 ,0000950,PHOT,6.5102875,0,0,9.77
01050 ,0000952,STTV,7.2538225,0,0,10.88
01050 ,0000963,MIN ,2.28375,0,0,3.43
01050 ,0000964,PHOT,6.0885,0,0,9.13
01050 ,0000967,SCI ,37.97,0,0,56.95
01050 ,0000981,PHOT,3.567,0,0,5.35
01050 ,0000982,PHOT,3.567,0,0,5.35
01050 ,0000985,PHOT,3.567,0,0,5.35
01050 ,0000986,PHOT,3.321,0,0,4.98
01050 ,0001001,SCI ,46.89375,76.25,0,70.34
01050 ,0001003,MIN ,2.30625,0,0,3.46
01050 ,0001006,PHOT,27.64425,7,0,7
01050 ,0001021,MIN ,7.37296,0,0,11.06
01050 ,0001022,MIN ,2.42925,0,0,3.64
01050 ,0001024,MIN ,3.76175,0,0,5.64
01050 ,0001028,PHOT,16.00025,0,0,24
01050 ,0001036,SCI ,10.11,0,0,15.16
01050 ,0001043,MIN ,2.10125,6.75,6.75,6.75
01050 ,0001045,MIN ,3.4645,0,0,5.2
01050 ,0001046,MIN ,1.9475,1.99,0,1.99
01050 ,0001048,MIN ,2.3165,0,0,3.48
01050 ,0001051,MIN ,3.29025,0,0,4.93
01050 ,0001069,SCI ,10.23,0,0,15.35
01050 ,0001073,SCI ,6.98,0,0,10.47
01050 ,0001074,SCI ,13.05,0,0,19.57
01050 ,0001087,SCI ,14.44225,0,0,21.66
01050 ,0001089,PHOT,10.21925,0,0,15.33
01050 ,0001090,SCI ,0.97,0,0,1.46
01050 ,0001111,PHOT,18.583635,27.5,0,27.5
01050 ,0001112,PHOT,25.625,0,0,38.44
01050 ,0001125,PHOT,29.71475,0,0,44.57
01050 ,0001128,STTV,11.521,0,0,17.28
01050 ,0001129,STTV,13.31475,0,0,19.97
01050 ,0001130,STTV,14.72925,0,0,22.09
01050 ,0001133,STTV,12.6485,0,0,18.97
01050 ,0001134,STTV,14.33975,0,0,21.51
01050 ,0001137,STTV,14.72925,0,0,22.09
01050 ,0001138,STTV,12.6485,0,0,18.97
01050 ,0001141,PHOT,14.33975,0,0,21.51
01090 ,0000102,DEUT,414.1,0,0,579.74
01090 ,0000105,VISI,189.625,0,0,265.48
01090 ,0000106,DEUT,442.8,0,0,619.92
01090 ,0000110,DEUT,455.1,0,0,637.14
01090 ,0000115,DEUT,533,0,0,746.2
01090 ,0000116,DEUT,533,0,0,746.2
01090 ,0000122,SCI ,133.7625,0,0,187.27
01090 ,0000123,DEUT,290.9975,0,0,407.4
01090 ,0000124,PHOT,4.88,0,0,6.83
01090 ,0000125,PHOT,10.3935,0,0,14.55
01090 ,0000128,DEUT,599.625,0,0,839.48
01090 ,0000130,DEUT,442.8,0,0,619.92
01090 ,0000131,DEUT,350.55,759,0,490.77
01090 ,0000133,DEUT,423.325,916,0,592.65
01090 ,0000134,DEUT,313.65,0,0,439.11
01090 ,0000150,GERM,24.28225,0,0,33.99
01090 ,0000156,GERM,9.9835,0,0,13.98
01090 ,0000157,GERM,5.41,0,0,7.57
01090 ,0000161,SCI ,40.07,0,0,56.1
01090 ,0000163,GERM,19.5,0,0,27.3
01090 ,0000179,GERM,25.61475,0,0,35.86
01090 ,0000183,GERM,6.806,0,0,9.53
01090 ,0000184,GERM,1.92,0,0,2.69
01090 ,0000187,GERM,36.31,0,0,50.83
01090 ,0000192,GERM,6.0475,0,0,8.47
01090 ,0000194,GERM,4.85,9,0,6.79
01090 ,0000195,GERM,6.4985,9.24,0,9.1
01090 ,0000226,GERM,6.88,0,0,9.63
01090 ,0000230,GERM,3.53625,0,0,4.95
01090 ,0000233,GERM,6.36525,0,0,8.91
01090 ,0000234,GERM,11.07,0,0,15.5
01090 ,0000235,GERM,8.35,0,0,11.69
01090 ,0000242,SCI ,234,0,0,327.6
01090 ,0000246,DEUT,598.6,0,0,838.04
01090 ,0000247,DEUT,455.1,0,0,637.14
01090 ,0000249,SCI ,198.86025,0,0,278.4
01090 ,0000250,SCI ,222.57875,0,0,311.61
01090 ,0000253,DEUT,521.2125,0,0,729.7
01090 ,0000255,DEUT,442.8,0,0,619.92
01090 ,0000256,SCI ,91.225,0,0,127.72
01090 ,0000257,SCI ,91.225,0,0,127.72
01090 ,0000259,SCI ,261.375,0,0,365.93
01090 ,0000262,SCI ,311.6,0,0,436.24
01090 ,0000265,SCI ,321.85,0,0,450.59
01090 ,0000266,SCI ,429.475,0,0,601.26
01090 ,0000267,SCI ,166.05,0,0,232.47
01090 ,0000268,SCI ,94.3,0,0,132.02
01090 ,0000269,SCI ,94.3,0,0,132.02
01090 ,0000270,SCI ,316.725,0,0,443.42
01090 ,0000292,SCI ,281.875,0,0,394.63
01090 ,0000293,SCI ,79.089,0,0,110.72
01090 ,0000294,SCI ,93.7055,0,0,131.19
01090 ,0000295,SCI ,172.2,0,0,241.08
01090 ,0000296,SCI ,171.175,0,0,239.65
01090 ,0000298,SCI ,283.925,0,0,397.5
01090 ,0000299,SCI ,281.875,0,0,394.63
01090 ,0000300,SCI ,120.95,0,0,169.33
01090 ,0000301,SCI ,176.874,0,0,247.62
01090 ,0000302,SCI ,284.9705,0,0,398.96
01090 ,0000319,SCI ,1.148,0,0,1.61
01090 ,0000323,MIN ,22.24,0,0,31.14
01090 ,0000324,SCI ,56.76,72.25,0,72.25
01090 ,0000340,SCI ,102.3975,166.5,0,143.36
01090 ,0000342,SCI ,35.34,0,0,49.48
01090 ,0000343,SCI ,32.92,0,0,46.09
01090 ,0000345,SCI ,81.18,132,0,113.65
01090 ,0000346,SCI ,46.27875,75.25,0,64.79
01090 ,0000348,SCI ,62.94,0,0,88.12
01090 ,0000349,SCI ,48.12375,0,0,67.37
01090 ,0000350,SCI ,91.47,144.5,0,128.06
01090 ,0000351,SCI ,146.37,238,0,204.92
01090 ,0000352,SCI ,17.51,20,0,20
01090 ,0000353,SCI ,17.2,19.25,0,19.25
01090 ,0000354,SCI ,41.72,0,0,58.41
01090 ,0000355,SCI ,30.04,0,0,42.06
01090 ,0000356,SCI ,191.88,271,0,268.63
01090 ,0000357,SCI ,49.2,74.75,0,68.88
01090 ,0000361,SCI ,24.16,0,0,33.82
01090 ,0000362,SCI ,28.75125,42.5,0,40.25
01090 ,0000364,SCI ,61.51,0,0,86.11
01090 ,0000365,SCI ,116.235,189,0,162.73
01090 ,0000367,SCI ,54.4275,88.5,0,76.2
01090 ,0000389,SCI ,2.85,0,0,3.99
01090 ,0000399,SCI ,461.56,0,0,646.18
01090 ,0000413,STTV,13.6490025,0,0,19.11
01090 ,0000422,L L ,11.30862,0,0,15.83
01090 ,0000486,PHOT,0.97,0,0,1.36
01090 ,0000555,SCI ,2,0,0,2.8
01090 ,0000574,PHOT,11.07999375,12.99,0,12.99
01090 ,0000584,PHOT,15.78,0,0,22.09
01090 ,0000595,PHOT,3.49525,0,0,4.89
01090 ,0000604,MARI,18.928735,19,0,19
01090 ,0000615,PHOT,8.75,0,0,12.25
01090 ,0000623,PHOT,2.583,0,0,3.62
01090 ,0000637,SCI ,8.97,0,0,12.56
01090 ,0000645,STTV,8.74955375,8.99,0,8.99
01090 ,0000650,SCI ,12.63,0,0,17.68
01090 ,0000652,I R ,30.13738,0,0,42.19
01090 ,0000660,SCI ,9.05,0,0,12.67
01090 ,0000677,PHOT,26.18,0,0,36.65
01090 ,0000678,SCI ,15.83,0,0,22.16
01090 ,0000679,PHOT,13.5717175,0,0,19
01090 ,0000682,PHOT,3.6,0,0,5.04
01090 ,0000686,SCI ,12.55,0,0,17.57
01090 ,0000803,SCI ,29.53,0,0,41.34
01090 ,0000805,PHOT,12.13,0,0,16.98
01090 ,0000808,PHOT,5.79125,0,0,8.11
01090 ,0000829,PHOT,3.2595,0,0,4.56
01090 ,0000841,MIN ,2.57275,0,0,3.6
01090 ,0000844,MIN ,1.4965,0,0,2.1
01090 ,0000846,MIN ,1.2095,0,0,1.69
01090 ,0000847,MIN ,1.353,0,0,1.89
01090 ,0000849,MIN ,1.353,0,0,1.89
01090 ,0000850,MIN ,3.38,0,0,4.73
01090 ,0000851,MIN ,3.8976,0,0,5.46
01090 ,0000853,MIN ,3.4645,0,0,4.85
01090 ,0000855,MIN ,3.4645,0,0,4.85
01090 ,0000856,MIN ,5.87,0,0,8.22
01090 ,0000859,PHOT,1.42475,0,0,2
01090 ,0000860,PHOT,5.11475,0,0,7.16
01090 ,0000861,PHOT,1.148,0,0,1.61
01090 ,0000862,PHOT,12.12575,0,0,16.98
01090 ,0000863,PHOT,10.3935,0,0,14.55
01090 ,0000864,PHOT,9.99375,0,0,13.99
01090 ,0000865,PHOT,6.77525,0,0,9.48
01090 ,0000866,PHOT,3.8335,0,0,5.37
01090 ,0000868,PHOT,24.53,0,0,34.34
01090 ,0000870,PHOT,10.4345,0,0,14.61
01090 ,0000872,MARI,10.42425,0,0,14.59
01090 ,0000873,MARI,7.24675,0,0,10.14
01090 ,0000882,SCI ,3.61,0,0,5.05
01090 ,0000886,SCI ,3.7411885,0,0,5.24
01090 ,0000889,SCI ,7.18417,0,0,10.06
01090 ,0000898,PHOT,10.64975,0,0,14.91
01090 ,0000901,PHOT,5.1455,0,0,7.2
01090 ,0000902,PHOT,4.715,0,0,6.6
01090 ,0000903,PHOT,4.469,0,0,6.26
01090 ,0000904,PHOT,4.8995,0,0,6.86
01090 ,0000908,PHOT,4.56125,0,0,6.39
01090 ,0000910,PHOT,6.57,0,0,9.2
01090 ,0000914,PHOT,6.7855,0,0,9.5
01090 ,0000916,PHOT,1.5785,0,0,2.21
01090 ,0000920,PHOT,6.0885,0,0,8.52
01090 ,0000921,SCI ,8.4665,0,0,11.85
01090 ,0000922,PHOT,8.446,0,0,11.82
01090 ,0000924,PHOT,2.83925,0,0,3.98
01090 ,0000925,PHOT,13.54025,0,0,18.96
01090 ,0000926,PHOT,2.132,0,0,2.98
01090 ,0000927,PHOT,10.578,0,0,14.81
01090 ,0000928,PHOT,4.37675,0,0,6.13
01090 ,0000929,PHOT,7.6875,0,0,10.76
01090 ,0000930,PHOT,3.65925,0,0,5.12
01090 ,0000931,PHOT,4.43825,0,0,6.21
01090 ,0000932,PHOT,51.6805,0,0,72.35
01090 ,0000934,PHOT,6.18075,0,0,8.65
01090 ,0000935,PHOT,1.5785,0,0,2.21
01090 ,0000936,PHOT,2.501,0,0,3.5
01090 ,0000938,PHOT,4.90975,0,0,6.87
01090 ,0000940,SCI ,2.14225,0,0,3
01090 ,0000941,PHOT,2.3985,0,0,3.36
01090 ,0000942,PHOT,3.78225,0,0,5.29
01090 ,0000950,PHOT,6.5102875,0,0,9.11
01090 ,0000952,STTV,7.2538225,0,0,10.15
01090 ,0000963,MIN ,2.28375,0,0,3.2
01090 ,0000964,PHOT,6.0885,0,0,8.52
01090 ,0000967,SCI ,37.97,0,0,53.16
01090 ,0000981,PHOT,3.567,0,0,4.99
01090 ,0000982,PHOT,3.567,0,0,4.99
01090 ,0000985,PHOT,3.567,0,0,4.99
01090 ,0000986,PHOT,3.321,0,0,4.65
01090 ,0001001,SCI ,46.89375,76.25,0,65.65
01090 ,0001003,MIN ,2.30625,0,0,3.23
01090 ,0001006,PHOT,27.64425,7,0,7
01090 ,0001021,MIN ,7.37296,0,0,10.32
01090 ,0001022,MIN ,2.42925,0,0,3.4
01090 ,0001024,MIN ,3.76175,0,0,5.27
01090 ,0001028,PHOT,16.00025,0,0,22.4
01090 ,0001036,SCI ,10.11,0,0,14.15
01090 ,0001043,MIN ,2.10125,6.75,6.75,6.75
01090 ,0001045,MIN ,3.4645,0,0,4.85
01090 ,0001046,MIN ,1.9475,1.99,0,1.99
01090 ,0001048,MIN ,2.3165,0,0,3.24
01090 ,0001051,MIN ,3.29025,0,0,4.61
01090 ,0001069,SCI ,10.23,0,0,14.32
01090 ,0001073,SCI ,6.98,0,0,9.77
01090 ,0001074,SCI ,13.05,0,0,18.27
01090 ,0001087,SCI ,14.44225,0,0,20.22
01090 ,0001089,PHOT,10.21925,0,0,14.31
01090 ,0001090,SCI ,0.97,0,0,1.36
01090 ,0001111,PHOT,18.583635,27.5,0,26.02
01090 ,0001112,PHOT,25.625,0,0,35.88
01090 ,0001125,PHOT,29.71475,0,0,41.6
01090 ,0001128,STTV,11.521,0,0,16.13
01090 ,0001129,STTV,13.31475,0,0,18.64
01090 ,0001130,STTV,14.72925,0,0,20.62
01090 ,0001133,STTV,12.6485,0,0,17.71
01090 ,0001134,STTV,14.33975,0,0,20.08
01090 ,0001137,STTV,14.72925,0,0,20.62
01090 ,0001138,STTV,12.6485,0,0,17.71
01090 ,0001141,PHOT,14.33975,0,0,20.08
01206 ,0000102,DEUT,414.1,0,0,579.74
01206 ,0000105,VISI,189.625,0,0,265.48
01206 ,0000106,DEUT,442.8,0,0,619.92
01206 ,0000110,DEUT,455.1,0,0,637.14
01206 ,0000115,DEUT,533,0,0,746.2
01206 ,0000116,DEUT,533,0,0,746.2
01206 ,0000122,SCI ,133.7625,0,0,187.27
01206 ,0000123,DEUT,290.9975,0,0,407.4
01206 ,0000124,PHOT,4.88,0,0,6.83
01206 ,0000125,PHOT,10.3935,0,0,14.55
01206 ,0000128,DEUT,599.625,0,0,839.48
01206 ,0000130,DEUT,442.8,0,0,619.92
01206 ,0000131,DEUT,350.55,759,0,490.77
01206 ,0000133,DEUT,423.325,916,0,592.65
01206 ,0000134,DEUT,313.65,0,0,439.11
01206 ,0000150,GERM,24.28225,0,0,33.99
01206 ,0000156,GERM,9.9835,0,0,13.98
01206 ,0000157,GERM,5.41,0,0,7.57
01206 ,0000161,SCI ,40.07,0,0,56.1
01206 ,0000163,GERM,19.5,0,0,27.3
01206 ,0000179,GERM,25.61475,0,0,35.86
01206 ,0000183,GERM,6.806,0,0,9.53
01206 ,0000184,GERM,1.92,0,0,2.69
01206 ,0000187,GERM,36.31,0,0,50.83
01206 ,0000192,GERM,6.0475,0,0,8.47
01206 ,0000194,GERM,4.85,9,0,6.79
01206 ,0000195,GERM,6.4985,9.24,0,9.1
01206 ,0000226,GERM,6.88,0,0,9.63
01206 ,0000230,GERM,3.53625,0,0,4.95
01206 ,0000233,GERM,6.36525,0,0,8.91
01206 ,0000234,GERM,11.07,0,0,15.5
01206 ,0000235,GERM,8.35,0,0,11.69
01206 ,0000242,SCI ,234,0,0,327.6
01206 ,0000246,DEUT,598.6,0,0,838.04
01206 ,0000247,DEUT,455.1,0,0,637.14
01206 ,0000249,SCI ,198.86025,0,0,278.4
01206 ,0000250,SCI ,222.57875,0,0,311.61
01206 ,0000253,DEUT,521.2125,0,0,729.7
01206 ,0000255,DEUT,442.8,0,0,619.92
01206 ,0000256,SCI ,91.225,0,0,127.72
01206 ,0000257,SCI ,91.225,0,0,127.72
01206 ,0000259,SCI ,261.375,0,0,365.93
01206 ,0000262,SCI ,311.6,0,0,436.24
01206 ,0000265,SCI ,321.85,0,0,450.59
01206 ,0000266,SCI ,429.475,0,0,601.26
01206 ,0000267,SCI ,166.05,0,0,232.47
01206 ,0000268,SCI ,94.3,0,0,132.02
01206 ,0000269,SCI ,94.3,0,0,132.02
01206 ,0000270,SCI ,316.725,0,0,443.42
01206 ,0000292,SCI ,281.875,0,0,394.63
01206 ,0000293,SCI ,79.089,0,0,110.72
01206 ,0000294,SCI ,93.7055,0,0,131.19
01206 ,0000295,SCI ,172.2,0,0,241.08
01206 ,0000296,SCI ,171.175,0,0,239.65
01206 ,0000298,SCI ,283.925,0,0,397.5
01206 ,0000299,SCI ,281.875,0,0,394.63
01206 ,0000300,SCI ,120.95,0,0,169.33
01206 ,0000301,SCI ,176.874,0,0,247.62
01206 ,0000302,SCI ,284.9705,0,0,398.96
01206 ,0000319,SCI ,1.148,0,0,1.61
01206 ,0000323,MIN ,22.24,0,0,31.14
01206 ,0000324,SCI ,56.76,72.25,0,72.25
01206 ,0000340,SCI ,102.3975,166.5,0,143.36
01206 ,0000342,SCI ,35.34,0,0,49.48
01206 ,0000343,SCI ,32.92,0,0,46.09
01206 ,0000345,SCI ,81.18,132,0,113.65
01206 ,0000346,SCI ,46.27875,75.25,0,64.79
01206 ,0000348,SCI ,62.94,0,0,88.12
01206 ,0000349,SCI ,48.12375,0,0,67.37
01206 ,0000350,SCI ,91.47,144.5,0,128.06
01206 ,0000351,SCI ,146.37,238,0,204.92
01206 ,0000352,SCI ,17.51,20,0,20
01206 ,0000353,SCI ,17.2,19.25,0,19.25
01206 ,0000354,SCI ,41.72,0,0,58.41
01206 ,0000355,SCI ,30.04,0,0,42.06
01206 ,0000356,SCI ,191.88,271,0,268.63
01206 ,0000357,SCI ,49.2,74.75,0,68.88
01206 ,0000361,SCI ,24.16,0,0,33.82
01206 ,0000362,SCI ,28.75125,42.5,0,40.25
01206 ,0000364,SCI ,61.51,0,0,86.11
01206 ,0000365,SCI ,116.235,189,0,162.73
01206 ,0000367,SCI ,54.4275,88.5,0,76.2
01206 ,0000389,SCI ,2.85,0,0,3.99
01206 ,0000399,SCI ,461.56,0,0,646.18
01206 ,0000413,STTV,13.6490025,0,0,19.11
01206 ,0000422,L L ,11.30862,0,0,15.83
01206 ,0000486,PHOT,0.97,0,0,1.36
01206 ,0000555,SCI ,2,0,0,2.8
01206 ,0000574,PHOT,11.07999375,12.99,0,12.99
01206 ,0000584,PHOT,15.78,0,0,22.09
01206 ,0000595,PHOT,3.49525,0,0,4.89
01206 ,0000604,MARI,18.928735,19,0,19
01206 ,0000615,PHOT,8.75,0,0,12.25
01206 ,0000623,PHOT,2.583,0,0,3.62
01206 ,0000637,SCI ,8.97,0,0,12.56
01206 ,0000645,STTV,8.74955375,8.99,0,8.99
01206 ,0000650,SCI ,12.63,0,0,17.68
01206 ,0000652,I R ,30.13738,0,0,42.19
01206 ,0000660,SCI ,9.05,0,0,12.67
01206 ,0000677,PHOT,26.18,0,0,36.65
01206 ,0000678,SCI ,15.83,0,0,22.16
01206 ,0000679,PHOT,13.5717175,0,0,19
01206 ,0000682,PHOT,3.6,0,0,5.04
01206 ,0000686,SCI ,12.55,0,0,17.57
01206 ,0000803,SCI ,29.53,0,0,41.34
01206 ,0000805,PHOT,12.13,0,0,16.98
01206 ,0000808,PHOT,5.79125,0,0,8.11
01206 ,0000829,PHOT,3.2595,0,0,4.56
01206 ,0000841,MIN ,2.57275,0,0,3.6
01206 ,0000844,MIN ,1.4965,0,0,2.1
01206 ,0000846,MIN ,1.2095,0,0,1.69
01206 ,0000847,MIN ,1.353,0,0,1.89
01206 ,0000849,MIN ,1.353,0,0,1.89
01206 ,0000850,MIN ,3.38,0,0,4.73
01206 ,0000851,MIN ,3.8976,0,0,5.46
01206 ,0000853,MIN ,3.4645,0,0,4.85
01206 ,0000855,MIN ,3.4645,0,0,4.85
01206 ,0000856,MIN ,5.87,0,0,8.22
01206 ,0000859,PHOT,1.42475,0,0,2
01206 ,0000860,PHOT,5.11475,0,0,7.16
01206 ,0000861,PHOT,1.148,0,0,1.61
01206 ,0000862,PHOT,12.12575,0,0,16.98
01206 ,0000863,PHOT,10.3935,0,0,14.55
01206 ,0000864,PHOT,9.99375,0,0,13.99
01206 ,0000865,PHOT,6.77525,0,0,9.48
01206 ,0000866,PHOT,3.8335,0,0,5.37
01206 ,0000868,PHOT,24.53,0,0,34.34
01206 ,0000870,PHOT,10.4345,0,0,14.61
01206 ,0000872,MARI,10.42425,0,0,14.59
01206 ,0000873,MARI,7.24675,0,0,10.14
01206 ,0000882,SCI ,3.61,0,0,5.05
01206 ,0000886,SCI ,3.7411885,0,0,5.24
01206 ,0000889,SCI ,7.18417,0,0,10.06
01206 ,0000898,PHOT,10.64975,0,0,14.91
01206 ,0000901,PHOT,5.1455,0,0,7.2
01206 ,0000902,PHOT,4.715,0,0,6.6
01206 ,0000903,PHOT,4.469,0,0,6.26
01206 ,0000904,PHOT,4.8995,0,0,6.86
01206 ,0000908,PHOT,4.56125,0,0,6.39
01206 ,0000910,PHOT,6.57,0,0,9.2
01206 ,0000914,PHOT,6.7855,0,0,9.5
01206 ,0000916,PHOT,1.5785,0,0,2.21
01206 ,0000920,PHOT,6.0885,0,0,8.52
01206 ,0000921,SCI ,8.4665,0,0,11.85
01206 ,0000922,PHOT,8.446,0,0,11.82
01206 ,0000924,PHOT,2.83925,0,0,3.98
01206 ,0000925,PHOT,13.54025,0,0,18.96
01206 ,0000926,PHOT,2.132,0,0,2.98
01206 ,0000927,PHOT,10.578,0,0,14.81
01206 ,0000928,PHOT,4.37675,0,0,6.13
01206 ,0000929,PHOT,7.6875,0,0,10.76
01206 ,0000930,PHOT,3.65925,0,0,5.12
01206 ,0000931,PHOT,4.43825,0,0,6.21
01206 ,0000932,PHOT,51.6805,0,0,72.35
01206 ,0000934,PHOT,6.18075,0,0,8.65
01206 ,0000935,PHOT,1.5785,0,0,2.21
01206 ,0000936,PHOT,2.501,0,0,3.5
01206 ,0000938,PHOT,4.90975,0,0,6.87
01206 ,0000940,SCI ,2.14225,0,0,3
01206 ,0000941,PHOT,2.3985,0,0,3.36
01206 ,0000942,PHOT,3.78225,0,0,5.29
01206 ,0000950,PHOT,6.5102875,0,0,9.11
01206 ,0000952,STTV,7.2538225,0,0,10.15
01206 ,0000963,MIN ,2.28375,0,0,3.2
01206 ,0000964,PHOT,6.0885,0,0,8.52
01206 ,0000967,SCI ,37.97,0,0,53.16
01206 ,0000981,PHOT,3.567,0,0,4.99
01206 ,0000982,PHOT,3.567,0,0,4.99
01206 ,0000985,PHOT,3.567,0,0,4.99
01206 ,0000986,PHOT,3.321,0,0,4.65
01206 ,0001001,SCI ,46.89375,76.25,0,65.65
01206 ,0001003,MIN ,2.30625,0,0,3.23
01206 ,0001006,PHOT,27.64425,7,0,7
01206 ,0001021,MIN ,7.37296,0,0,10.32
01206 ,0001022,MIN ,2.42925,0,0,3.4
01206 ,0001024,MIN ,3.76175,0,0,5.27
01206 ,0001028,PHOT,16.00025,0,0,22.4
01206 ,0001036,SCI ,10.11,0,0,14.15
01206 ,0001043,MIN ,2.10125,6.75,6.75,6.75
01206 ,0001045,MIN ,3.4645,0,0,4.85
01206 ,0001046,MIN ,1.9475,1.99,0,1.99
01206 ,0001048,MIN ,2.3165,0,0,3.24
01206 ,0001051,MIN ,3.29025,0,0,4.61
01206 ,0001069,SCI ,10.23,0,0,14.32
01206 ,0001073,SCI ,6.98,0,0,9.77
01206 ,0001074,SCI ,13.05,0,0,18.27
01206 ,0001087,SCI ,14.44225,0,0,20.22
01206 ,0001089,PHOT,10.21925,0,0,14.31
01206 ,0001090,SCI ,0.97,0,0,1.36
01206 ,0001111,PHOT,18.583635,27.5,0,26.02
01206 ,0001112,PHOT,25.625,0,0,35.88
01206 ,0001125,PHOT,29.71475,0,0,41.6
01206 ,0001128,STTV,11.521,0,0,16.13
01206 ,0001129,STTV,13.31475,0,0,18.64
01206 ,0001130,STTV,14.72925,0,0,20.62
01206 ,0001133,STTV,12.6485,0,0,17.71
01206 ,0001134,STTV,14.33975,0,0,20.08
01206 ,0001137,STTV,14.72925,0,0,20.62
01206 ,0001138,STTV,12.6485,0,0,17.71
01206 ,0001141,PHOT,14.33975,0,0,20.08
01298 ,0000102,DEUT,414.1,0,0,662.56
01298 ,0000105,VISI,189.625,0,0,303.4
01298 ,0000106,DEUT,442.8,0,0,708.48
01298 ,0000110,DEUT,455.1,0,0,728.16
01298 ,0000115,DEUT,533,0,0,852.8
01298 ,0000116,DEUT,533,0,0,852.8
01298 ,0000122,SCI ,133.7625,0,0,214.02
01298 ,0000123,DEUT,290.9975,0,0,465.6
01298 ,0000124,PHOT,4.88,0,0,7.81
01298 ,0000125,PHOT,10.3935,0,0,16.63
01298 ,0000128,DEUT,599.625,0,0,959.4
01298 ,0000130,DEUT,442.8,0,0,708.48
01298 ,0000131,DEUT,350.55,759,0,560.88
01298 ,0000133,DEUT,423.325,916,0,677.32
01298 ,0000134,DEUT,313.65,0,0,501.84
01298 ,0000150,GERM,24.28225,0,0,38.85
01298 ,0000156,GERM,9.9835,0,0,15.97
01298 ,0000157,GERM,5.41,0,0,8.66
01298 ,0000161,SCI ,40.07,0,0,64.11
01298 ,0000163,GERM,19.5,0,0,31.2
01298 ,0000179,GERM,25.61475,0,0,40.98
01298 ,0000183,GERM,6.806,0,0,10.89
01298 ,0000184,GERM,1.92,0,0,3.07
01298 ,0000187,GERM,36.31,0,0,58.1
01298 ,0000192,GERM,6.0475,0,0,9.68
01298 ,0000194,GERM,4.85,9,0,7.76
01298 ,0000195,GERM,6.4985,9.24,0,9.24
01298 ,0000226,GERM,6.88,0,0,11.01
01298 ,0000230,GERM,3.53625,0,0,5.66
01298 ,0000233,GERM,6.36525,0,0,10.18
01298 ,0000234,GERM,11.07,0,0,17.71
01298 ,0000235,GERM,8.35,0,0,13.36
01298 ,0000242,SCI ,234,0,0,374.4
01298 ,0000246,DEUT,598.6,0,0,957.76
01298 ,0000247,DEUT,455.1,0,0,728.16
01298 ,0000249,SCI ,198.86025,0,0,318.18
01298 ,0000250,SCI ,222.57875,0,0,356.13
01298 ,0000253,DEUT,521.2125,0,0,833.94
01298 ,0000255,DEUT,442.8,0,0,708.48
01298 ,0000256,SCI ,91.225,0,0,145.96
01298 ,0000257,SCI ,91.225,0,0,145.96
01298 ,0000259,SCI ,261.375,0,0,418.2
01298 ,0000262,SCI ,311.6,0,0,498.56
01298 ,0000265,SCI ,321.85,0,0,514.96
01298 ,0000266,SCI ,429.475,0,0,687.16
01298 ,0000267,SCI ,166.05,0,0,265.68
01298 ,0000268,SCI ,94.3,0,0,150.88
01298 ,0000269,SCI ,94.3,0,0,150.88
01298 ,0000270,SCI ,316.725,0,0,506.76
01298 ,0000292,SCI ,281.875,0,0,451
01298 ,0000293,SCI ,79.089,0,0,126.54
01298 ,0000294,SCI ,93.7055,0,0,149.93
01298 ,0000295,SCI ,172.2,0,0,275.52
01298 ,0000296,SCI ,171.175,0,0,273.88
01298 ,0000298,SCI ,283.925,0,0,454.28
01298 ,0000299,SCI ,281.875,0,0,451
01298 ,0000300,SCI ,120.95,0,0,193.52
01298 ,0000301,SCI ,176.874,0,0,283
01298 ,0000302,SCI ,284.9705,0,0,455.95
01298 ,0000319,SCI ,1.148,0,0,1.84
01298 ,0000323,MIN ,22.24,0,0,35.58
01298 ,0000324,SCI ,56.76,72.25,0,72.25
01298 ,0000340,SCI ,102.3975,166.5,0,163.84
01298 ,0000342,SCI ,35.34,0,0,56.54
01298 ,0000343,SCI ,32.92,0,0,52.67
01298 ,0000345,SCI ,81.18,132,0,129.89
01298 ,0000346,SCI ,46.27875,75.25,0,74.05
01298 ,0000348,SCI ,62.94,0,0,100.7
01298 ,0000349,SCI ,48.12375,0,0,77
01298 ,0000350,SCI ,91.47,144.5,0,144.5
01298 ,0000351,SCI ,146.37,238,0,234.19
01298 ,0000352,SCI ,17.51,20,0,20
01298 ,0000353,SCI ,17.2,19.25,0,19.25
01298 ,0000354,SCI ,41.72,0,0,66.75
01298 ,0000355,SCI ,30.04,0,0,48.06
01298 ,0000356,SCI ,191.88,271,0,271
01298 ,0000357,SCI ,49.2,74.75,0,74.75
01298 ,0000361,SCI ,24.16,0,0,38.66
01298 ,0000362,SCI ,28.75125,42.5,0,42.5
01298 ,0000364,SCI ,61.51,0,0,98.42
01298 ,0000365,SCI ,116.235,189,0,185.98
01298 ,0000367,SCI ,54.4275,88.5,0,87.08
01298 ,0000389,SCI ,2.85,0,0,4.56
01298 ,0000399,SCI ,461.56,0,0,738.5
01298 ,0000413,STTV,13.6490025,0,0,21.84
01298 ,0000422,L L ,11.30862,0,0,18.09
01298 ,0000486,PHOT,0.97,0,0,1.55
01298 ,0000555,SCI ,2,0,0,3.2
01298 ,0000574,PHOT,11.07999375,12.99,0,12.99
01298 ,0000584,PHOT,15.78,0,0,25.25
01298 ,0000595,PHOT,3.49525,0,0,5.59
01298 ,0000604,MARI,18.928735,19,0,19
01298 ,0000615,PHOT,8.75,0,0,14
01298 ,0000623,PHOT,2.583,0,0,4.13
01298 ,0000637,SCI ,8.97,0,0,14.35
01298 ,0000645,STTV,8.74955375,8.99,0,8.99
01298 ,0000650,SCI ,12.63,0,0,20.21
01298 ,0000652,I R ,30.13738,0,0,48.22
01298 ,0000660,SCI ,9.05,0,0,14.48
01298 ,0000677,PHOT,26.18,0,0,41.89
01298 ,0000678,SCI ,15.83,0,0,25.33
01298 ,0000679,PHOT,13.5717175,0,0,21.71
01298 ,0000682,PHOT,3.6,0,0,5.76
01298 ,0000686,SCI ,12.55,0,0,20.08
01298 ,0000803,SCI ,29.53,0,0,47.25
01298 ,0000805,PHOT,12.13,0,0,19.41
01298 ,0000808,PHOT,5.79125,0,0,9.27
01298 ,0000829,PHOT,3.2595,0,0,5.21
01298 ,0000841,MIN ,2.57275,0,0,4.12
01298 ,0000844,MIN ,1.4965,0,0,2.39
01298 ,0000846,MIN ,1.2095,0,0,1.94
01298 ,0000847,MIN ,1.353,0,0,2.17
01298 ,0000849,MIN ,1.353,0,0,2.17
01298 ,0000850,MIN ,3.38,0,0,5.41
01298 ,0000851,MIN ,3.8976,0,0,6.24
01298 ,0000853,MIN ,3.4645,0,0,5.54
01298 ,0000855,MIN ,3.4645,0,0,5.54
01298 ,0000856,MIN ,5.87,0,0,9.39
01298 ,0000859,PHOT,1.42475,0,0,2.28
01298 ,0000860,PHOT,5.11475,0,0,8.18
01298 ,0000861,PHOT,1.148,0,0,1.84
01298 ,0000862,PHOT,12.12575,0,0,19.4
01298 ,0000863,PHOT,10.3935,0,0,16.63
01298 ,0000864,PHOT,9.99375,0,0,15.99
01298 ,0000865,PHOT,6.77525,0,0,10.84
01298 ,0000866,PHOT,3.8335,0,0,6.13
01298 ,0000868,PHOT,24.53,0,0,39.25
01298 ,0000870,PHOT,10.4345,0,0,16.7
01298 ,0000872,MARI,10.42425,0,0,16.68
01298 ,0000873,MARI,7.24675,0,0,11.6
01298 ,0000882,SCI ,3.61,0,0,5.78
01298 ,0000886,SCI ,3.7411885,0,0,5.99
01298 ,0000889,SCI ,7.18417,0,0,11.49
01298 ,0000898,PHOT,10.64975,0,0,17.04
01298 ,0000901,PHOT,5.1455,0,0,8.23
01298 ,0000902,PHOT,4.715,0,0,7.54
01298 ,0000903,PHOT,4.469,0,0,7.15
01298 ,0000904,PHOT,4.8995,0,0,7.84
01298 ,0000908,PHOT,4.56125,0,0,7.3
01298 ,0000910,PHOT,6.57,0,0,10.51
01298 ,0000914,PHOT,6.7855,0,0,10.86
01298 ,0000916,PHOT,1.5785,0,0,2.53
01298 ,0000920,PHOT,6.0885,0,0,9.74
01298 ,0000921,SCI ,8.4665,0,0,13.55
01298 ,0000922,PHOT,8.446,0,0,13.51
01298 ,0000924,PHOT,2.83925,0,0,4.54
01298 ,0000925,PHOT,13.54025,0,0,21.66
01298 ,0000926,PHOT,2.132,0,0,3.41
01298 ,0000927,PHOT,10.578,0,0,16.93
01298 ,0000928,PHOT,4.37675,0,0,7
01298 ,0000929,PHOT,7.6875,0,0,12.3
01298 ,0000930,PHOT,3.65925,0,0,5.86
01298 ,0000931,PHOT,4.43825,0,0,7.1
01298 ,0000932,PHOT,51.6805,0,0,82.69
01298 ,0000934,PHOT,6.18075,0,0,9.89
01298 ,0000935,PHOT,1.5785,0,0,2.53
01298 ,0000936,PHOT,2.501,0,0,4
01298 ,0000938,PHOT,4.90975,0,0,7.86
01298 ,0000940,SCI ,2.14225,0,0,3.43
01298 ,0000941,PHOT,2.3985,0,0,3.84
01298 ,0000942,PHOT,3.78225,0,0,6.05
01298 ,0000950,PHOT,6.5102875,0,0,10.42
01298 ,0000952,STTV,7.2538225,0,0,11.61
01298 ,0000963,MIN ,2.28375,0,0,3.65
01298 ,0000964,PHOT,6.0885,0,0,9.74
01298 ,0000967,SCI ,37.97,0,0,60.75
01298 ,0000981,PHOT,3.567,0,0,5.71
01298 ,0000982,PHOT,3.567,0,0,5.71
01298 ,0000985,PHOT,3.567,0,0,5.71
01298 ,0000986,PHOT,3.321,0,0,5.31
01298 ,0001001,SCI ,46.89375,76.25,0,75.03
01298 ,0001003,MIN ,2.30625,0,0,3.69
01298 ,0001006,PHOT,27.64425,7,0,7
01298 ,0001021,MIN ,7.37296,0,0,11.8
01298 ,0001022,MIN ,2.42925,0,0,3.89
01298 ,0001024,MIN ,3.76175,0,0,6.02
01298 ,0001028,PHOT,16.00025,0,0,25.6
01298 ,0001036,SCI ,10.11,0,0,16.18
01298 ,0001043,MIN ,2.10125,6.75,6.75,6.75
01298 ,0001045,MIN ,3.4645,0,0,5.54
01298 ,0001046,MIN ,1.9475,1.99,0,1.99
01298 ,0001048,MIN ,2.3165,0,0,3.71
01298 ,0001051,MIN ,3.29025,0,0,5.26
01298 ,0001069,SCI ,10.23,0,0,16.37
01298 ,0001073,SCI ,6.98,0,0,11.17
01298 ,0001074,SCI ,13.05,0,0,20.88
01298 ,0001087,SCI ,14.44225,0,0,23.11
01298 ,0001089,PHOT,10.21925,0,0,16.35
01298 ,0001090,SCI ,0.97,0,0,1.55
01298 ,0001111,PHOT,18.583635,27.5,0,27.5
01298 ,0001112,PHOT,25.625,0,0,41
01298 ,0001125,PHOT,29.71475,0,0,47.54
01298 ,0001128,STTV,11.521,0,0,18.43
01298 ,0001129,STTV,13.31475,0,0,21.3
01298 ,0001130,STTV,14.72925,0,0,23.57
01298 ,0001133,STTV,12.6485,0,0,20.24
01298 ,0001134,STTV,14.33975,0,0,22.94
01298 ,0001137,STTV,14.72925,0,0,23.57
01298 ,0001138,STTV,12.6485,0,0,20.24
01298 ,0001141,PHOT,14.33975,0,0,22.94
01397 ,0000102,DEUT,414.1,0,0,641.86
01397 ,0000105,VISI,189.625,0,0,274.96
01397 ,0000106,DEUT,442.8,0,0,686.34
01397 ,0000110,DEUT,455.1,0,0,705.4
01397 ,0000115,DEUT,533,0,0,826.15
01397 ,0000116,DEUT,533,0,0,826.15
01397 ,0000122,SCI ,133.7625,0,0,200.64
01397 ,0000123,DEUT,290.9975,0,0,451.05
01397 ,0000124,PHOT,4.88,0,0,7.56
01397 ,0000125,PHOT,10.3935,0,0,16.11
01397 ,0000128,DEUT,599.625,0,0,929.42
01397 ,0000130,DEUT,442.8,0,0,686.34
01397 ,0000131,DEUT,350.55,759,0,543.35
01397 ,0000133,DEUT,423.325,916,0,656.15
01397 ,0000134,DEUT,313.65,0,0,486.16
01397 ,0000150,GERM,24.28225,0,0,37.64
01397 ,0000156,GERM,9.9835,0,0,15.47
01397 ,0000157,GERM,5.41,0,0,8.39
01397 ,0000161,SCI ,40.07,0,0,60.1
01397 ,0000163,GERM,19.5,0,0,30.23
01397 ,0000179,GERM,25.61475,0,0,39.7
01397 ,0000183,GERM,6.806,0,0,10.55
01397 ,0000184,GERM,1.92,0,0,2.98
01397 ,0000187,GERM,36.31,0,0,56.28
01397 ,0000192,GERM,6.0475,0,0,9.37
01397 ,0000194,GERM,4.85,9,0,7.52
01397 ,0000195,GERM,6.4985,9.24,0,9.24
01397 ,0000226,GERM,6.88,0,0,10.66
01397 ,0000230,GERM,3.53625,0,0,5.48
01397 ,0000233,GERM,6.36525,0,0,9.87
01397 ,0000234,GERM,11.07,0,0,17.16
01397 ,0000235,GERM,8.35,0,0,12.94
01397 ,0000242,SCI ,234,0,0,351
01397 ,0000246,DEUT,598.6,0,0,927.83
01397 ,0000247,DEUT,455.1,0,0,705.4
01397 ,0000249,SCI ,198.86025,0,0,298.29
01397 ,0000250,SCI ,222.57875,0,0,333.87
01397 ,0000253,DEUT,521.2125,0,0,807.88
01397 ,0000255,DEUT,442.8,0,0,686.34
01397 ,0000256,SCI ,91.225,0,0,136.84
01397 ,0000257,SCI ,91.225,0,0,136.84
01397 ,0000259,SCI ,261.375,0,0,392.06
01397 ,0000262,SCI ,311.6,0,0,467.4
01397 ,0000265,SCI ,321.85,0,0,482.77
01397 ,0000266,SCI ,429.475,0,0,644.21
01397 ,0000267,SCI ,166.05,0,0,249.07
01397 ,0000268,SCI ,94.3,0,0,141.45
01397 ,0000269,SCI ,94.3,0,0,141.45
01397 ,0000270,SCI ,316.725,0,0,475.09
01397 ,0000292,SCI ,281.875,0,0,422.81
01397 ,0000293,SCI ,79.089,0,0,118.63
01397 ,0000294,SCI ,93.7055,0,0,140.56
01397 ,0000295,SCI ,172.2,0,0,258.3
01397 ,0000296,SCI ,171.175,0,0,256.76
01397 ,0000298,SCI ,283.925,0,0,425.89
01397 ,0000299,SCI ,281.875,0,0,422.81
01397 ,0000300,SCI ,120.95,0,0,181.43
01397 ,0000301,SCI ,176.874,0,0,265.31
01397 ,0000302,SCI ,284.9705,0,0,427.46
01397 ,0000319,SCI ,1.148,0,0,1.72
01397 ,0000323,MIN ,22.24,0,0,32.25
01397 ,0000324,SCI ,56.76,72.25,0,72.25
01397 ,0000340,SCI ,102.3975,166.5,0,153.6
01397 ,0000342,SCI ,35.34,0,0,53.01
01397 ,0000343,SCI ,32.92,0,0,49.38
01397 ,0000345,SCI ,81.18,132,0,121.77
01397 ,0000346,SCI ,46.27875,75.25,0,69.42
01397 ,0000348,SCI ,62.94,0,0,94.41
01397 ,0000349,SCI ,48.12375,0,0,72.19
01397 ,0000350,SCI ,91.47,144.5,0,137.21
01397 ,0000351,SCI ,146.37,238,0,219.56
01397 ,0000352,SCI ,17.51,20,0,20
01397 ,0000353,SCI ,17.2,19.25,0,19.25
01397 ,0000354,SCI ,41.72,0,0,62.58
01397 ,0000355,SCI ,30.04,0,0,45.06
01397 ,0000356,SCI ,191.88,271,0,271
01397 ,0000357,SCI ,49.2,74.75,0,73.8
01397 ,0000361,SCI ,24.16,0,0,36.24
01397 ,0000362,SCI ,28.75125,42.5,0,42.5
01397 ,0000364,SCI ,61.51,0,0,92.27
01397 ,0000365,SCI ,116.235,189,0,174.35
01397 ,0000367,SCI ,54.4275,88.5,0,81.64
01397 ,0000389,SCI ,2.85,0,0,4.28
01397 ,0000399,SCI ,461.56,0,0,692.34
01397 ,0000413,STTV,13.6490025,0,0,19.11
01397 ,0000422,L L ,11.30862,0,0,17.53
01397 ,0000486,PHOT,0.97,0,0,1.5
01397 ,0000555,SCI ,2,0,0,3
01397 ,0000574,PHOT,11.07999375,12.99,0,12.99
01397 ,0000584,PHOT,15.78,0,0,24.46
01397 ,0000595,PHOT,3.49525,0,0,5.42
01397 ,0000604,MARI,18.928735,19,0,19
01397 ,0000615,PHOT,8.75,0,0,13.56
01397 ,0000623,PHOT,2.583,0,0,4
01397 ,0000637,SCI ,8.97,0,0,13.46
01397 ,0000645,STTV,8.74955375,8.99,0,8.99
01397 ,0000650,SCI ,12.63,0,0,18.95
01397 ,0000652,I R ,30.13738,0,0,45.21
01397 ,0000660,SCI ,9.05,0,0,13.57
01397 ,0000677,PHOT,26.18,0,0,40.58
01397 ,0000678,SCI ,15.83,0,0,23.75
01397 ,0000679,PHOT,13.5717175,0,0,21.04
01397 ,0000682,PHOT,3.6,0,0,5.58
01397 ,0000686,SCI ,12.55,0,0,18.82
01397 ,0000803,SCI ,29.53,0,0,44.3
01397 ,0000805,PHOT,12.13,0,0,18.8
01397 ,0000808,PHOT,5.79125,0,0,8.98
01397 ,0000829,PHOT,3.2595,0,0,5.05
01397 ,0000841,MIN ,2.57275,0,0,3.73
01397 ,0000844,MIN ,1.4965,0,0,2.17
01397 ,0000846,MIN ,1.2095,0,0,1.75
01397 ,0000847,MIN ,1.353,0,0,1.96
01397 ,0000849,MIN ,1.353,0,0,1.96
01397 ,0000850,MIN ,3.38,0,0,4.9
01397 ,0000851,MIN ,3.8976,0,0,5.65
01397 ,0000853,MIN ,3.4645,0,0,5.02
01397 ,0000855,MIN ,3.4645,0,0,5.02
01397 ,0000856,MIN ,5.87,0,0,8.51
01397 ,0000859,PHOT,1.42475,0,0,2.21
01397 ,0000860,PHOT,5.11475,0,0,7.93
01397 ,0000861,PHOT,1.148,0,0,1.78
01397 ,0000862,PHOT,12.12575,0,0,18.8
01397 ,0000863,PHOT,10.3935,0,0,16.11
01397 ,0000864,PHOT,9.99375,0,0,15.49
01397 ,0000865,PHOT,6.77525,0,0,10.5
01397 ,0000866,PHOT,3.8335,0,0,5.94
01397 ,0000868,PHOT,24.53,0,0,38.02
01397 ,0000870,PHOT,10.4345,0,0,16.17
01397 ,0000872,MARI,10.42425,0,0,15.64
01397 ,0000873,MARI,7.24675,0,0,10.87
01397 ,0000882,SCI ,3.61,0,0,5.42
01397 ,0000886,SCI ,3.7411885,0,0,5.61
01397 ,0000889,SCI ,7.18417,0,0,10.78
01397 ,0000898,PHOT,10.64975,0,0,16.51
01397 ,0000901,PHOT,5.1455,0,0,7.98
01397 ,0000902,PHOT,4.715,0,0,7.31
01397 ,0000903,PHOT,4.469,0,0,6.93
01397 ,0000904,PHOT,4.8995,0,0,7.59
01397 ,0000908,PHOT,4.56125,0,0,7.07
01397 ,0000910,PHOT,6.57,0,0,10.18
01397 ,0000914,PHOT,6.7855,0,0,10.52
01397 ,0000916,PHOT,1.5785,0,0,2.45
01397 ,0000920,PHOT,6.0885,0,0,9.44
01397 ,0000921,SCI ,8.4665,0,0,12.7
01397 ,0000922,PHOT,8.446,0,0,13.09
01397 ,0000924,PHOT,2.83925,0,0,4.4
01397 ,0000925,PHOT,13.54025,0,0,20.99
01397 ,0000926,PHOT,2.132,0,0,3.31
01397 ,0000927,PHOT,10.578,0,0,16.4
01397 ,0000928,PHOT,4.37675,0,0,6.78
01397 ,0000929,PHOT,7.6875,0,0,11.92
01397 ,0000930,PHOT,3.65925,0,0,5.67
01397 ,0000931,PHOT,4.43825,0,0,6.88
01397 ,0000932,PHOT,51.6805,0,0,80.11
01397 ,0000934,PHOT,6.18075,0,0,9.58
01397 ,0000935,PHOT,1.5785,0,0,2.45
01397 ,0000936,PHOT,2.501,0,0,3.88
01397 ,0000938,PHOT,4.90975,0,0,7.61
01397 ,0000940,SCI ,2.14225,0,0,3.21
01397 ,0000941,PHOT,2.3985,0,0,3.72
01397 ,0000942,PHOT,3.78225,0,0,5.86
01397 ,0000950,PHOT,6.5102875,0,0,10.09
01397 ,0000952,STTV,7.2538225,0,0,10.15
01397 ,0000963,MIN ,2.28375,0,0,3.31
01397 ,0000964,PHOT,6.0885,0,0,9.44
01397 ,0000967,SCI ,37.97,0,0,56.95
01397 ,0000981,PHOT,3.567,0,0,5.53
01397 ,0000982,PHOT,3.567,0,0,5.53
01397 ,0000985,PHOT,3.567,0,0,5.53
01397 ,0000986,PHOT,3.321,0,0,5.15
01397 ,0001001,SCI ,46.89375,76.25,0,70.34
01397 ,0001003,MIN ,2.30625,0,0,3.34
01397 ,0001006,PHOT,27.64425,7,0,7
01397 ,0001021,MIN ,7.37296,0,0,10.69
01397 ,0001022,MIN ,2.42925,0,0,3.52
01397 ,0001024,MIN ,3.76175,0,0,5.46
01397 ,0001028,PHOT,16.00025,0,0,24.8
01397 ,0001036,SCI ,10.11,0,0,15.16
01397 ,0001043,MIN ,2.10125,6.75,6.75,6.75
01397 ,0001045,MIN ,3.4645,0,0,5.02
01397 ,0001046,MIN ,1.9475,1.99,0,1.99
01397 ,0001048,MIN ,2.3165,0,0,3.36
01397 ,0001051,MIN ,3.29025,0,0,4.77
01397 ,0001069,SCI ,10.23,0,0,15.35
01397 ,0001073,SCI ,6.98,0,0,10.47
01397 ,0001074,SCI ,13.05,0,0,19.57
01397 ,0001087,SCI ,14.44225,0,0,21.66
01397 ,0001089,PHOT,10.21925,0,0,15.84
01397 ,0001090,SCI ,0.97,0,0,1.46
01397 ,0001111,PHOT,18.583635,27.5,0,27.5
01397 ,0001112,PHOT,25.625,0,0,39.72
01397 ,0001125,PHOT,29.71475,0,0,46.06
01397 ,0001128,STTV,11.521,0,0,16.13
01397 ,0001129,STTV,13.31475,0,0,18.64
01397 ,0001130,STTV,14.72925,0,0,20.62
01397 ,0001133,STTV,12.6485,0,0,17.71
01397 ,0001134,STTV,14.33975,0,0,20.08
01397 ,0001137,STTV,14.72925,0,0,20.62
01397 ,0001138,STTV,12.6485,0,0,17.71
01397 ,0001141,PHOT,14.33975,0,0,22.23
01492 ,0000102,DEUT,414.1,0,0,662.56
01492 ,0000105,VISI,189.625,0,0,303.4
01492 ,0000106,DEUT,442.8,0,0,708.48
01492 ,0000110,DEUT,455.1,0,0,728.16
01492 ,0000115,DEUT,533,0,0,852.8
01492 ,0000116,DEUT,533,0,0,852.8
01492 ,0000122,SCI ,133.7625,0,0,214.02
01492 ,0000123,DEUT,290.9975,0,0,465.6
01492 ,0000124,PHOT,4.88,0,0,7.81
01492 ,0000125,PHOT,10.3935,0,0,16.63
01492 ,0000128,DEUT,599.625,0,0,959.4
01492 ,0000130,DEUT,442.8,0,0,708.48
01492 ,0000131,DEUT,350.55,759,0,560.88
01492 ,0000133,DEUT,423.325,916,0,677.32
01492 ,0000134,DEUT,313.65,0,0,501.84
01492 ,0000150,GERM,24.28225,0,0,38.85
01492 ,0000156,GERM,9.9835,0,0,15.97
01492 ,0000157,GERM,5.41,0,0,8.66
01492 ,0000161,SCI ,40.07,0,0,64.11
01492 ,0000163,GERM,19.5,0,0,31.2
01492 ,0000179,GERM,25.61475,0,0,40.98
01492 ,0000183,GERM,6.806,0,0,10.89
01492 ,0000184,GERM,1.92,0,0,3.07
01492 ,0000187,GERM,36.31,0,0,58.1
01492 ,0000192,GERM,6.0475,0,0,9.68
01492 ,0000194,GERM,4.85,9,0,7.76
01492 ,0000195,GERM,6.4985,9.24,0,9.24
01492 ,0000226,GERM,6.88,0,0,11.01
01492 ,0000230,GERM,3.53625,0,0,5.66
01492 ,0000233,GERM,6.36525,0,0,10.18
01492 ,0000234,GERM,11.07,0,0,17.71
01492 ,0000235,GERM,8.35,0,0,13.36
01492 ,0000242,SCI ,234,0,0,374.4
01492 ,0000246,DEUT,598.6,0,0,957.76
01492 ,0000247,DEUT,455.1,0,0,728.16
01492 ,0000249,SCI ,198.86025,0,0,318.18
01492 ,0000250,SCI ,222.57875,0,0,356.13
01492 ,0000253,DEUT,521.2125,0,0,833.94
01492 ,0000255,DEUT,442.8,0,0,708.48
01492 ,0000256,SCI ,91.225,0,0,145.96
01492 ,0000257,SCI ,91.225,0,0,145.96
01492 ,0000259,SCI ,261.375,0,0,418.2
01492 ,0000262,SCI ,311.6,0,0,498.56
01492 ,0000265,SCI ,321.85,0,0,514.96
01492 ,0000266,SCI ,429.475,0,0,687.16
01492 ,0000267,SCI ,166.05,0,0,265.68
01492 ,0000268,SCI ,94.3,0,0,150.88
01492 ,0000269,SCI ,94.3,0,0,150.88
01492 ,0000270,SCI ,316.725,0,0,506.76
01492 ,0000292,SCI ,281.875,0,0,451
01492 ,0000293,SCI ,79.089,0,0,126.54
01492 ,0000294,SCI ,93.7055,0,0,149.93
01492 ,0000295,SCI ,172.2,0,0,275.52
01492 ,0000296,SCI ,171.175,0,0,273.88
01492 ,0000298,SCI ,283.925,0,0,454.28
01492 ,0000299,SCI ,281.875,0,0,451
01492 ,0000300,SCI ,120.95,0,0,193.52
01492 ,0000301,SCI ,176.874,0,0,283
01492 ,0000302,SCI ,284.9705,0,0,455.95
01492 ,0000319,SCI ,1.148,0,0,1.84
01492 ,0000323,MIN ,22.24,0,0,35.58
01492 ,0000324,SCI ,56.76,72.25,0,72.25
01492 ,0000340,SCI ,102.3975,166.5,0,163.84
01492 ,0000342,SCI ,35.34,0,0,56.54
01492 ,0000343,SCI ,32.92,0,0,52.67
01492 ,0000345,SCI ,81.18,132,0,129.89
01492 ,0000346,SCI ,46.27875,75.25,0,74.05
01492 ,0000348,SCI ,62.94,0,0,100.7
01492 ,0000349,SCI ,48.12375,0,0,77
01492 ,0000350,SCI ,91.47,144.5,0,144.5
01492 ,0000351,SCI ,146.37,238,0,234.19
01492 ,0000352,SCI ,17.51,20,0,20
01492 ,0000353,SCI ,17.2,19.25,0,19.25
01492 ,0000354,SCI ,41.72,0,0,66.75
01492 ,0000355,SCI ,30.04,0,0,48.06
01492 ,0000356,SCI ,191.88,271,0,271
01492 ,0000357,SCI ,49.2,74.75,0,74.75
01492 ,0000361,SCI ,24.16,0,0,38.66
01492 ,0000362,SCI ,28.75125,42.5,0,42.5
01492 ,0000364,SCI ,61.51,0,0,98.42
01492 ,0000365,SCI ,116.235,189,0,185.98
01492 ,0000367,SCI ,54.4275,88.5,0,87.08
01492 ,0000389,SCI ,2.85,0,0,4.56
01492 ,0000399,SCI ,461.56,0,0,738.5
01492 ,0000413,STTV,13.6490025,0,0,21.84
01492 ,0000422,L L ,11.30862,0,0,18.09
01492 ,0000486,PHOT,0.97,0,0,1.55
01492 ,0000555,SCI ,2,0,0,3.2
01492 ,0000574,PHOT,11.07999375,12.99,0,12.99
01492 ,0000584,PHOT,15.78,0,0,25.25
01492 ,0000595,PHOT,3.49525,0,0,5.59
01492 ,0000604,MARI,18.928735,19,0,19
01492 ,0000615,PHOT,8.75,0,0,14
01492 ,0000623,PHOT,2.583,0,0,4.13
01492 ,0000637,SCI ,8.97,0,0,14.35
01492 ,0000645,STTV,8.74955375,8.99,0,8.99
01492 ,0000650,SCI ,12.63,0,0,20.21
01492 ,0000652,I R ,30.13738,0,0,48.22
01492 ,0000660,SCI ,9.05,0,0,14.48
01492 ,0000677,PHOT,26.18,0,0,41.89
01492 ,0000678,SCI ,15.83,0,0,25.33
01492 ,0000679,PHOT,13.5717175,0,0,21.71
01492 ,0000682,PHOT,3.6,0,0,5.76
01492 ,0000686,SCI ,12.55,0,0,20.08
01492 ,0000803,SCI ,29.53,0,0,47.25
01492 ,0000805,PHOT,12.13,0,0,19.41
01492 ,0000808,PHOT,5.79125,0,0,9.27
01492 ,0000829,PHOT,3.2595,0,0,5.21
01492 ,0000841,MIN ,2.57275,0,0,4.12
01492 ,0000844,MIN ,1.4965,0,0,2.39
01492 ,0000846,MIN ,1.2095,0,0,1.94
01492 ,0000847,MIN ,1.353,0,0,2.17
01492 ,0000849,MIN ,1.353,0,0,2.17
01492 ,0000850,MIN ,3.38,0,0,5.41
01492 ,0000851,MIN ,3.8976,0,0,6.24
01492 ,0000853,MIN ,3.4645,0,0,5.54
01492 ,0000855,MIN ,3.4645,0,0,5.54
01492 ,0000856,MIN ,5.87,0,0,9.39
01492 ,0000859,PHOT,1.42475,0,0,2.28
01492 ,0000860,PHOT,5.11475,0,0,8.18
01492 ,0000861,PHOT,1.148,0,0,1.84
01492 ,0000862,PHOT,12.12575,0,0,19.4
01492 ,0000863,PHOT,10.3935,0,0,16.63
01492 ,0000864,PHOT,9.99375,0,0,15.99
01492 ,0000865,PHOT,6.77525,0,0,10.84
01492 ,0000866,PHOT,3.8335,0,0,6.13
01492 ,0000868,PHOT,24.53,0,0,39.25
01492 ,0000870,PHOT,10.4345,0,0,16.7
01492 ,0000872,MARI,10.42425,0,0,16.68
01492 ,0000873,MARI,7.24675,0,0,11.6
01492 ,0000882,SCI ,3.61,0,0,5.78
01492 ,0000886,SCI ,3.7411885,0,0,5.99
01492 ,0000889,SCI ,7.18417,0,0,11.49
01492 ,0000898,PHOT,10.64975,0,0,17.04
01492 ,0000901,PHOT,5.1455,0,0,8.23
01492 ,0000902,PHOT,4.715,0,0,7.54
01492 ,0000903,PHOT,4.469,0,0,7.15
01492 ,0000904,PHOT,4.8995,0,0,7.84
01492 ,0000908,PHOT,4.56125,0,0,7.3
01492 ,0000910,PHOT,6.57,0,0,10.51
01492 ,0000914,PHOT,6.7855,0,0,10.86
01492 ,0000916,PHOT,1.5785,0,0,2.53
01492 ,0000920,PHOT,6.0885,0,0,9.74
01492 ,0000921,SCI ,8.4665,0,0,13.55
01492 ,0000922,PHOT,8.446,0,0,13.51
01492 ,0000924,PHOT,2.83925,0,0,4.54
01492 ,0000925,PHOT,13.54025,0,0,21.66
01492 ,0000926,PHOT,2.132,0,0,3.41
01492 ,0000927,PHOT,10.578,0,0,16.93
01492 ,0000928,PHOT,4.37675,0,0,7
01492 ,0000929,PHOT,7.6875,0,0,12.3
01492 ,0000930,PHOT,3.65925,0,0,5.86
01492 ,0000931,PHOT,4.43825,0,0,7.1
01492 ,0000932,PHOT,51.6805,0,0,82.69
01492 ,0000934,PHOT,6.18075,0,0,9.89
01492 ,0000935,PHOT,1.5785,0,0,2.53
01492 ,0000936,PHOT,2.501,0,0,4
01492 ,0000938,PHOT,4.90975,0,0,7.86
01492 ,0000940,SCI ,2.14225,0,0,3.43
01492 ,0000941,PHOT,2.3985,0,0,3.84
01492 ,0000942,PHOT,3.78225,0,0,6.05
01492 ,0000950,PHOT,6.5102875,0,0,10.42
01492 ,0000952,STTV,7.2538225,0,0,11.61
01492 ,0000963,MIN ,2.28375,0,0,3.65
01492 ,0000964,PHOT,6.0885,0,0,9.74
01492 ,0000967,SCI ,37.97,0,0,60.75
01492 ,0000981,PHOT,3.567,0,0,5.71
01492 ,0000982,PHOT,3.567,0,0,5.71
01492 ,0000985,PHOT,3.567,0,0,5.71
01492 ,0000986,PHOT,3.321,0,0,5.31
01492 ,0001001,SCI ,46.89375,76.25,0,75.03
01492 ,0001003,MIN ,2.30625,0,0,3.69
01492 ,0001006,PHOT,27.64425,7,0,7
01492 ,0001021,MIN ,7.37296,0,0,11.8
01492 ,0001022,MIN ,2.42925,0,0,3.89
01492 ,0001024,MIN ,3.76175,0,0,6.02
01492 ,0001028,PHOT,16.00025,0,0,25.6
01492 ,0001036,SCI ,10.11,0,0,16.18
01492 ,0001043,MIN ,2.10125,6.75,6.75,6.75
01492 ,0001045,MIN ,3.4645,0,0,5.54
01492 ,0001046,MIN ,1.9475,1.99,0,1.99
01492 ,0001048,MIN ,2.3165,0,0,3.71
01492 ,0001051,MIN ,3.29025,0,0,5.26
01492 ,0001069,SCI ,10.23,0,0,16.37
01492 ,0001073,SCI ,6.98,0,0,11.17
01492 ,0001074,SCI ,13.05,0,0,20.88
01492 ,0001087,SCI ,14.44225,0,0,23.11
01492 ,0001089,PHOT,10.21925,0,0,16.35
01492 ,0001090,SCI ,0.97,0,0,1.55
01492 ,0001111,PHOT,18.583635,27.5,0,27.5
01492 ,0001112,PHOT,25.625,0,0,41
01492 ,0001125,PHOT,29.71475,0,0,47.54
01492 ,0001128,STTV,11.521,0,0,18.43
01492 ,0001129,STTV,13.31475,0,0,21.3
01492 ,0001130,STTV,14.72925,0,0,23.57
01492 ,0001133,STTV,12.6485,0,0,20.24
01492 ,0001134,STTV,14.33975,0,0,22.94
01492 ,0001137,STTV,14.72925,0,0,23.57
01492 ,0001138,STTV,12.6485,0,0,20.24
01492 ,0001141,PHOT,14.33975,0,0,22.94
01506 ,0000102,DEUT,414.1,0,0,579.74
01506 ,0000105,VISI,189.625,0,0,265.48
01506 ,0000106,DEUT,442.8,0,0,619.92
01506 ,0000110,DEUT,455.1,0,0,637.14
01506 ,0000115,DEUT,533,0,0,746.2
01506 ,0000116,DEUT,533,0,0,746.2
01506 ,0000122,SCI ,133.7625,0,0,187.27
01506 ,0000123,DEUT,290.9975,0,0,407.4
01506 ,0000124,PHOT,4.88,0,0,6.83
01506 ,0000125,PHOT,10.3935,0,0,14.55
01506 ,0000128,DEUT,599.625,0,0,839.48
01506 ,0000130,DEUT,442.8,0,0,619.92
01506 ,0000131,DEUT,350.55,759,0,490.77
01506 ,0000133,DEUT,423.325,916,0,592.65
01506 ,0000134,DEUT,313.65,0,0,439.11
01506 ,0000150,GERM,24.28225,0,0,33.99
01506 ,0000156,GERM,9.9835,0,0,13.98
01506 ,0000157,GERM,5.41,0,0,7.57
01506 ,0000161,SCI ,40.07,0,0,56.1
01506 ,0000163,GERM,19.5,0,0,27.3
01506 ,0000179,GERM,25.61475,0,0,35.86
01506 ,0000183,GERM,6.806,0,0,9.53
01506 ,0000184,GERM,1.92,0,0,2.69
01506 ,0000187,GERM,36.31,0,0,50.83
01506 ,0000192,GERM,6.0475,0,0,8.47
01506 ,0000194,GERM,4.85,9,0,6.79
01506 ,0000195,GERM,6.4985,9.24,0,9.1
01506 ,0000226,GERM,6.88,0,0,9.63
01506 ,0000230,GERM,3.53625,0,0,4.95
01506 ,0000233,GERM,6.36525,0,0,8.91
01506 ,0000234,GERM,11.07,0,0,15.5
01506 ,0000235,GERM,8.35,0,0,11.69
01506 ,0000242,SCI ,234,0,0,327.6
01506 ,0000246,DEUT,598.6,0,0,838.04
01506 ,0000247,DEUT,455.1,0,0,637.14
01506 ,0000249,SCI ,198.86025,0,0,278.4
01506 ,0000250,SCI ,222.57875,0,0,311.61
01506 ,0000253,DEUT,521.2125,0,0,729.7
01506 ,0000255,DEUT,442.8,0,0,619.92
01506 ,0000256,SCI ,91.225,0,0,127.72
01506 ,0000257,SCI ,91.225,0,0,127.72
01506 ,0000259,SCI ,261.375,0,0,365.93
01506 ,0000262,SCI ,311.6,0,0,436.24
01506 ,0000265,SCI ,321.85,0,0,450.59
01506 ,0000266,SCI ,429.475,0,0,601.26
01506 ,0000267,SCI ,166.05,0,0,232.47
01506 ,0000268,SCI ,94.3,0,0,132.02
01506 ,0000269,SCI ,94.3,0,0,132.02
01506 ,0000270,SCI ,316.725,0,0,443.42
01506 ,0000292,SCI ,281.875,0,0,394.63
01506 ,0000293,SCI ,79.089,0,0,110.72
01506 ,0000294,SCI ,93.7055,0,0,131.19
01506 ,0000295,SCI ,172.2,0,0,241.08
01506 ,0000296,SCI ,171.175,0,0,239.65
01506 ,0000298,SCI ,283.925,0,0,397.5
01506 ,0000299,SCI ,281.875,0,0,394.63
01506 ,0000300,SCI ,120.95,0,0,169.33
01506 ,0000301,SCI ,176.874,0,0,247.62
01506 ,0000302,SCI ,284.9705,0,0,398.96
01506 ,0000319,SCI ,1.148,0,0,1.61
01506 ,0000323,MIN ,22.24,0,0,31.14
01506 ,0000324,SCI ,56.76,72.25,0,72.25
01506 ,0000340,SCI ,102.3975,166.5,0,143.36
01506 ,0000342,SCI ,35.34,0,0,49.48
01506 ,0000343,SCI ,32.92,0,0,46.09
01506 ,0000345,SCI ,81.18,132,0,113.65
01506 ,0000346,SCI ,46.27875,75.25,0,64.79
01506 ,0000348,SCI ,62.94,0,0,88.12
01506 ,0000349,SCI ,48.12375,0,0,67.37
01506 ,0000350,SCI ,91.47,144.5,0,128.06
01506 ,0000351,SCI ,146.37,238,0,204.92
01506 ,0000352,SCI ,17.51,20,0,20
01506 ,0000353,SCI ,17.2,19.25,0,19.25
01506 ,0000354,SCI ,41.72,0,0,58.41
01506 ,0000355,SCI ,30.04,0,0,42.06
01506 ,0000356,SCI ,191.88,271,0,268.63
01506 ,0000357,SCI ,49.2,74.75,0,68.88
01506 ,0000361,SCI ,24.16,0,0,33.82
01506 ,0000362,SCI ,28.75125,42.5,0,40.25
01506 ,0000364,SCI ,61.51,0,0,86.11
01506 ,0000365,SCI ,116.235,189,0,162.73
01506 ,0000367,SCI ,54.4275,88.5,0,76.2
01506 ,0000389,SCI ,2.85,0,0,3.99
01506 ,0000399,SCI ,461.56,0,0,646.18
01506 ,0000413,STTV,13.6490025,0,0,19.11
01506 ,0000422,L L ,11.30862,0,0,15.83
01506 ,0000486,PHOT,0.97,0,0,1.36
01506 ,0000555,SCI ,2,0,0,2.8
01506 ,0000574,PHOT,11.07999375,12.99,0,12.99
01506 ,0000584,PHOT,15.78,0,0,22.09
01506 ,0000595,PHOT,3.49525,0,0,4.89
01506 ,0000604,MARI,18.928735,19,0,19
01506 ,0000615,PHOT,8.75,0,0,12.25
01506 ,0000623,PHOT,2.583,0,0,3.62
01506 ,0000637,SCI ,8.97,0,0,12.56
01506 ,0000645,STTV,8.74955375,8.99,0,8.99
01506 ,0000650,SCI ,12.63,0,0,17.68
01506 ,0000652,I R ,30.13738,0,0,42.19
01506 ,0000660,SCI ,9.05,0,0,12.67
01506 ,0000677,PHOT,26.18,0,0,36.65
01506 ,0000678,SCI ,15.83,0,0,22.16
01506 ,0000679,PHOT,13.5717175,0,0,19
01506 ,0000682,PHOT,3.6,0,0,5.04
01506 ,0000686,SCI ,12.55,0,0,17.57
01506 ,0000803,SCI ,29.53,0,0,41.34
01506 ,0000805,PHOT,12.13,0,0,16.98
01506 ,0000808,PHOT,5.79125,0,0,8.11
01506 ,0000829,PHOT,3.2595,0,0,4.56
01506 ,0000841,MIN ,2.57275,0,0,3.6
01506 ,0000844,MIN ,1.4965,0,0,2.1
01506 ,0000846,MIN ,1.2095,0,0,1.69
01506 ,0000847,MIN ,1.353,0,0,1.89
01506 ,0000849,MIN ,1.353,0,0,1.89
01506 ,0000850,MIN ,3.38,0,0,4.73
01506 ,0000851,MIN ,3.8976,0,0,5.46
01506 ,0000853,MIN ,3.4645,0,0,4.85
01506 ,0000855,MIN ,3.4645,0,0,4.85
01506 ,0000856,MIN ,5.87,0,0,8.22
01506 ,0000859,PHOT,1.42475,0,0,2
01506 ,0000860,PHOT,5.11475,0,0,7.16
01506 ,0000861,PHOT,1.148,0,0,1.61
01506 ,0000862,PHOT,12.12575,0,0,16.98
01506 ,0000863,PHOT,10.3935,0,0,14.55
01506 ,0000864,PHOT,9.99375,0,0,13.99
01506 ,0000865,PHOT,6.77525,0,0,9.48
01506 ,0000866,PHOT,3.8335,0,0,5.37
01506 ,0000868,PHOT,24.53,0,0,34.34
01506 ,0000870,PHOT,10.4345,0,0,14.61
01506 ,0000872,MARI,10.42425,0,0,14.59
01506 ,0000873,MARI,7.24675,0,0,10.14
01506 ,0000882,SCI ,3.61,0,0,5.05
01506 ,0000886,SCI ,3.7411885,0,0,5.24
01506 ,0000889,SCI ,7.18417,0,0,10.06
01506 ,0000898,PHOT,10.64975,0,0,14.91
01506 ,0000901,PHOT,5.1455,0,0,7.2
01506 ,0000902,PHOT,4.715,0,0,6.6
01506 ,0000903,PHOT,4.469,0,0,6.26
01506 ,0000904,PHOT,4.8995,0,0,6.86
01506 ,0000908,PHOT,4.56125,0,0,6.39
01506 ,0000910,PHOT,6.57,0,0,9.2
01506 ,0000914,PHOT,6.7855,0,0,9.5
01506 ,0000916,PHOT,1.5785,0,0,2.21
01506 ,0000920,PHOT,6.0885,0,0,8.52
01506 ,0000921,SCI ,8.4665,0,0,11.85
01506 ,0000922,PHOT,8.446,0,0,11.82
01506 ,0000924,PHOT,2.83925,0,0,3.98
01506 ,0000925,PHOT,13.54025,0,0,18.96
01506 ,0000926,PHOT,2.132,0,0,2.98
01506 ,0000927,PHOT,10.578,0,0,14.81
01506 ,0000928,PHOT,4.37675,0,0,6.13
01506 ,0000929,PHOT,7.6875,0,0,10.76
01506 ,0000930,PHOT,3.65925,0,0,5.12
01506 ,0000931,PHOT,4.43825,0,0,6.21
01506 ,0000932,PHOT,51.6805,0,0,72.35
01506 ,0000934,PHOT,6.18075,0,0,8.65
01506 ,0000935,PHOT,1.5785,0,0,2.21
01506 ,0000936,PHOT,2.501,0,0,3.5
01506 ,0000938,PHOT,4.90975,0,0,6.87
01506 ,0000940,SCI ,2.14225,0,0,3
01506 ,0000941,PHOT,2.3985,0,0,3.36
01506 ,0000942,PHOT,3.78225,0,0,5.29
01506 ,0000950,PHOT,6.5102875,0,0,9.11
01506 ,0000952,STTV,7.2538225,0,0,10.15
01506 ,0000963,MIN ,2.28375,0,0,3.2
01506 ,0000964,PHOT,6.0885,0,0,8.52
01506 ,0000967,SCI ,37.97,0,0,53.16
01506 ,0000981,PHOT,3.567,0,0,4.99
01506 ,0000982,PHOT,3.567,0,0,4.99
01506 ,0000985,PHOT,3.567,0,0,4.99
01506 ,0000986,PHOT,3.321,0,0,4.65
01506 ,0001001,SCI ,46.89375,76.25,0,65.65
01506 ,0001003,MIN ,2.30625,0,0,3.23
01506 ,0001006,PHOT,27.64425,7,0,7
01506 ,0001021,MIN ,7.37296,0,0,10.32
01506 ,0001022,MIN ,2.42925,0,0,3.4
01506 ,0001024,MIN ,3.76175,0,0,5.27
01506 ,0001028,PHOT,16.00025,0,0,22.4
01506 ,0001036,SCI ,10.11,0,0,14.15
01506 ,0001043,MIN ,2.10125,6.75,6.75,6.75
01506 ,0001045,MIN ,3.4645,0,0,4.85
01506 ,0001046,MIN ,1.9475,1.99,0,1.99
01506 ,0001048,MIN ,2.3165,0,0,3.24
01506 ,0001051,MIN ,3.29025,0,0,4.61
01506 ,0001069,SCI ,10.23,0,0,14.32
01506 ,0001073,SCI ,6.98,0,0,9.77
01506 ,0001074,SCI ,13.05,0,0,18.27
01506 ,0001087,SCI ,14.44225,0,0,20.22
01506 ,0001089,PHOT,10.21925,0,0,14.31
01506 ,0001090,SCI ,0.97,0,0,1.36
01506 ,0001111,PHOT,18.583635,27.5,0,26.02
01506 ,0001112,PHOT,25.625,0,0,35.88
01506 ,0001125,PHOT,29.71475,0,0,41.6
01506 ,0001128,STTV,11.521,0,0,16.13
01506 ,0001129,STTV,13.31475,0,0,18.64
01506 ,0001130,STTV,14.72925,0,0,20.62
01506 ,0001133,STTV,12.6485,0,0,17.71
01506 ,0001134,STTV,14.33975,0,0,20.08
01506 ,0001137,STTV,14.72925,0,0,20.62
01506 ,0001138,STTV,12.6485,0,0,17.71
01506 ,0001141,PHOT,14.33975,0,0,20.08
01519 ,0000102,DEUT,414.1,0,0,579.74
01519 ,0000105,VISI,189.625,0,0,265.48
01519 ,0000106,DEUT,442.8,0,0,619.92
01519 ,0000110,DEUT,455.1,0,0,637.14
01519 ,0000115,DEUT,533,0,0,746.2
01519 ,0000116,DEUT,533,0,0,746.2
01519 ,0000122,SCI ,133.7625,0,0,187.27
01519 ,0000123,DEUT,290.9975,0,0,407.4
01519 ,0000124,PHOT,4.88,0,0,6.83
01519 ,0000125,PHOT,10.3935,0,0,14.55
01519 ,0000128,DEUT,599.625,0,0,839.48
01519 ,0000130,DEUT,442.8,0,0,619.92
01519 ,0000131,DEUT,350.55,759,0,490.77
01519 ,0000133,DEUT,423.325,916,0,592.65
01519 ,0000134,DEUT,313.65,0,0,439.11
01519 ,0000150,GERM,24.28225,0,0,33.99
01519 ,0000156,GERM,9.9835,0,0,13.98
01519 ,0000157,GERM,5.41,0,0,7.57
01519 ,0000161,SCI ,40.07,0,0,56.1
01519 ,0000163,GERM,19.5,0,0,27.3
01519 ,0000179,GERM,25.61475,0,0,35.86
01519 ,0000183,GERM,6.806,0,0,9.53
01519 ,0000184,GERM,1.92,0,0,2.69
01519 ,0000187,GERM,36.31,0,0,50.83
01519 ,0000192,GERM,6.0475,0,0,8.47
01519 ,0000194,GERM,4.85,9,0,6.79
01519 ,0000195,GERM,6.4985,9.24,0,9.1
01519 ,0000226,GERM,6.88,0,0,9.63
01519 ,0000230,GERM,3.53625,0,0,4.95
01519 ,0000233,GERM,6.36525,0,0,8.91
01519 ,0000234,GERM,11.07,0,0,15.5
01519 ,0000235,GERM,8.35,0,0,11.69
01519 ,0000242,SCI ,234,0,0,327.6
01519 ,0000246,DEUT,598.6,0,0,838.04
01519 ,0000247,DEUT,455.1,0,0,637.14
01519 ,0000249,SCI ,198.86025,0,0,278.4
01519 ,0000250,SCI ,222.57875,0,0,311.61
01519 ,0000253,DEUT,521.2125,0,0,729.7
01519 ,0000255,DEUT,442.8,0,0,619.92
01519 ,0000256,SCI ,91.225,0,0,127.72
01519 ,0000257,SCI ,91.225,0,0,127.72
01519 ,0000259,SCI ,261.375,0,0,365.93
01519 ,0000262,SCI ,311.6,0,0,436.24
01519 ,0000265,SCI ,321.85,0,0,450.59
01519 ,0000266,SCI ,429.475,0,0,601.26
01519 ,0000267,SCI ,166.05,0,0,232.47
01519 ,0000268,SCI ,94.3,0,0,132.02
01519 ,0000269,SCI ,94.3,0,0,132.02
01519 ,0000270,SCI ,316.725,0,0,443.42
01519 ,0000292,SCI ,281.875,0,0,394.63
01519 ,0000293,SCI ,79.089,0,0,110.72
01519 ,0000294,SCI ,93.7055,0,0,131.19
01519 ,0000295,SCI ,172.2,0,0,241.08
01519 ,0000296,SCI ,171.175,0,0,239.65
01519 ,0000298,SCI ,283.925,0,0,397.5
01519 ,0000299,SCI ,281.875,0,0,394.63
01519 ,0000300,SCI ,120.95,0,0,169.33
01519 ,0000301,SCI ,176.874,0,0,247.62
01519 ,0000302,SCI ,284.9705,0,0,398.96
01519 ,0000319,SCI ,1.148,0,0,1.61
01519 ,0000323,MIN ,22.24,0,0,31.14
01519 ,0000324,SCI ,56.76,72.25,0,72.25
01519 ,0000340,SCI ,102.3975,166.5,0,143.36
01519 ,0000342,SCI ,35.34,0,0,49.48
01519 ,0000343,SCI ,32.92,0,0,46.09
01519 ,0000345,SCI ,81.18,132,0,113.65
01519 ,0000346,SCI ,46.27875,75.25,0,64.79
01519 ,0000348,SCI ,62.94,0,0,88.12
01519 ,0000349,SCI ,48.12375,0,0,67.37
01519 ,0000350,SCI ,91.47,144.5,0,128.06
01519 ,0000351,SCI ,146.37,238,0,204.92
01519 ,0000352,SCI ,17.51,20,0,20
01519 ,0000353,SCI ,17.2,19.25,0,19.25
01519 ,0000354,SCI ,41.72,0,0,58.41
01519 ,0000355,SCI ,30.04,0,0,42.06
01519 ,0000356,SCI ,191.88,271,0,268.63
01519 ,0000357,SCI ,49.2,74.75,0,68.88
01519 ,0000361,SCI ,24.16,0,0,33.82
01519 ,0000362,SCI ,28.75125,42.5,0,40.25
01519 ,0000364,SCI ,61.51,0,0,86.11
01519 ,0000365,SCI ,116.235,189,0,162.73
01519 ,0000367,SCI ,54.4275,88.5,0,76.2
01519 ,0000389,SCI ,2.85,0,0,3.99
01519 ,0000399,SCI ,461.56,0,0,646.18
01519 ,0000413,STTV,13.6490025,0,0,19.11
01519 ,0000422,L L ,11.30862,0,0,15.83
01519 ,0000486,PHOT,0.97,0,0,1.36
01519 ,0000555,SCI ,2,0,0,2.8
01519 ,0000574,PHOT,11.07999375,12.99,0,12.99
01519 ,0000584,PHOT,15.78,0,0,22.09
01519 ,0000595,PHOT,3.49525,0,0,4.89
01519 ,0000604,MARI,18.928735,19,0,19
01519 ,0000615,PHOT,8.75,0,0,12.25
01519 ,0000623,PHOT,2.583,0,0,3.62
01519 ,0000637,SCI ,8.97,0,0,12.56
01519 ,0000645,STTV,8.74955375,8.99,0,8.99
01519 ,0000650,SCI ,12.63,0,0,17.68
01519 ,0000652,I R ,30.13738,0,0,42.19
01519 ,0000660,SCI ,9.05,0,0,12.67
01519 ,0000677,PHOT,26.18,0,0,36.65
01519 ,0000678,SCI ,15.83,0,0,22.16
01519 ,0000679,PHOT,13.5717175,0,0,19
01519 ,0000682,PHOT,3.6,0,0,5.04
01519 ,0000686,SCI ,12.55,0,0,17.57
01519 ,0000803,SCI ,29.53,0,0,41.34
01519 ,0000805,PHOT,12.13,0,0,16.98
01519 ,0000808,PHOT,5.79125,0,0,8.11
01519 ,0000829,PHOT,3.2595,0,0,4.56
01519 ,0000841,MIN ,2.57275,0,0,3.6
01519 ,0000844,MIN ,1.4965,0,0,2.1
01519 ,0000846,MIN ,1.2095,0,0,1.69
01519 ,0000847,MIN ,1.353,0,0,1.89
01519 ,0000849,MIN ,1.353,0,0,1.89
01519 ,0000850,MIN ,3.38,0,0,4.73
01519 ,0000851,MIN ,3.8976,0,0,5.46
01519 ,0000853,MIN ,3.4645,0,0,4.85
01519 ,0000855,MIN ,3.4645,0,0,4.85
01519 ,0000856,MIN ,5.87,0,0,8.22
01519 ,0000859,PHOT,1.42475,0,0,2
01519 ,0000860,PHOT,5.11475,0,0,7.16
01519 ,0000861,PHOT,1.148,0,0,1.61
01519 ,0000862,PHOT,12.12575,0,0,16.98
01519 ,0000863,PHOT,10.3935,0,0,14.55
01519 ,0000864,PHOT,9.99375,0,0,13.99
01519 ,0000865,PHOT,6.77525,0,0,9.48
01519 ,0000866,PHOT,3.8335,0,0,5.37
01519 ,0000868,PHOT,24.53,0,0,34.34
01519 ,0000870,PHOT,10.4345,0,0,14.61
01519 ,0000872,MARI,10.42425,0,0,14.59
01519 ,0000873,MARI,7.24675,0,0,10.14
01519 ,0000882,SCI ,3.61,0,0,5.05
01519 ,0000886,SCI ,3.7411885,0,0,5.24
01519 ,0000889,SCI ,7.18417,0,0,10.06
01519 ,0000898,PHOT,10.64975,0,0,14.91
01519 ,0000901,PHOT,5.1455,0,0,7.2
01519 ,0000902,PHOT,4.715,0,0,6.6
01519 ,0000903,PHOT,4.469,0,0,6.26
01519 ,0000904,PHOT,4.8995,0,0,6.86
01519 ,0000908,PHOT,4.56125,0,0,6.39
01519 ,0000910,PHOT,6.57,0,0,9.2
01519 ,0000914,PHOT,6.7855,0,0,9.5
01519 ,0000916,PHOT,1.5785,0,0,2.21
01519 ,0000920,PHOT,6.0885,0,0,8.52
01519 ,0000921,SCI ,8.4665,0,0,11.85
01519 ,0000922,PHOT,8.446,0,0,11.82
01519 ,0000924,PHOT,2.83925,0,0,3.98
01519 ,0000925,PHOT,13.54025,0,0,18.96
01519 ,0000926,PHOT,2.132,0,0,2.98
01519 ,0000927,PHOT,10.578,0,0,14.81
01519 ,0000928,PHOT,4.37675,0,0,6.13
01519 ,0000929,PHOT,7.6875,0,0,10.76
01519 ,0000930,PHOT,3.65925,0,0,5.12
01519 ,0000931,PHOT,4.43825,0,0,6.21
01519 ,0000932,PHOT,51.6805,0,0,72.35
01519 ,0000934,PHOT,6.18075,0,0,8.65
01519 ,0000935,PHOT,1.5785,0,0,2.21
01519 ,0000936,PHOT,2.501,0,0,3.5
01519 ,0000938,PHOT,4.90975,0,0,6.87
01519 ,0000940,SCI ,2.14225,0,0,3
01519 ,0000941,PHOT,2.3985,0,0,3.36
01519 ,0000942,PHOT,3.78225,0,0,5.29
01519 ,0000950,PHOT,6.5102875,0,0,9.11
01519 ,0000952,STTV,7.2538225,0,0,10.15
01519 ,0000963,MIN ,2.28375,0,0,3.2
01519 ,0000964,PHOT,6.0885,0,0,8.52
01519 ,0000967,SCI ,37.97,0,0,53.16
01519 ,0000981,PHOT,3.567,0,0,4.99
01519 ,0000982,PHOT,3.567,0,0,4.99
01519 ,0000985,PHOT,3.567,0,0,4.99
01519 ,0000986,PHOT,3.321,0,0,4.65
01519 ,0001001,SCI ,46.89375,76.25,0,65.65
01519 ,0001003,MIN ,2.30625,0,0,3.23
01519 ,0001006,PHOT,27.64425,7,0,7
01519 ,0001021,MIN ,7.37296,0,0,10.32
01519 ,0001022,MIN ,2.42925,0,0,3.4
01519 ,0001024,MIN ,3.76175,0,0,5.27
01519 ,0001028,PHOT,16.00025,0,0,22.4
01519 ,0001036,SCI ,10.11,0,0,14.15
01519 ,0001043,MIN ,2.10125,6.75,6.75,6.75
01519 ,0001045,MIN ,3.4645,0,0,4.85
01519 ,0001046,MIN ,1.9475,1.99,0,1.99
01519 ,0001048,MIN ,2.3165,0,0,3.24
01519 ,0001051,MIN ,3.29025,0,0,4.61
01519 ,0001069,SCI ,10.23,0,0,14.32
01519 ,0001073,SCI ,6.98,0,0,9.77
01519 ,0001074,SCI ,13.05,0,0,18.27
01519 ,0001087,SCI ,14.44225,0,0,20.22
01519 ,0001089,PHOT,10.21925,0,0,14.31
01519 ,0001090,SCI ,0.97,0,0,1.36
01519 ,0001111,PHOT,18.583635,27.5,0,26.02
01519 ,0001112,PHOT,25.625,0,0,35.88
01519 ,0001125,PHOT,29.71475,0,0,41.6
01519 ,0001128,STTV,11.521,0,0,16.13
01519 ,0001129,STTV,13.31475,0,0,18.64
01519 ,0001130,STTV,14.72925,0,0,20.62
01519 ,0001133,STTV,12.6485,0,0,17.71
01519 ,0001134,STTV,14.33975,0,0,20.08
01519 ,0001137,STTV,14.72925,0,0,20.62
01519 ,0001138,STTV,12.6485,0,0,17.71
01519 ,0001141,PHOT,14.33975,0,0,20.08
01536 ,0000102,DEUT,414.1,0,0,621.15
01536 ,0000105,VISI,189.625,0,0,284.44
01536 ,0000106,DEUT,442.8,0,0,664.2
01536 ,0000110,DEUT,455.1,0,0,682.65
01536 ,0000115,DEUT,533,0,0,799.5
01536 ,0000116,DEUT,533,0,0,799.5
01536 ,0000122,SCI ,133.7625,0,0,200.64
01536 ,0000123,DEUT,290.9975,0,0,436.5
01536 ,0000124,PHOT,4.88,0,0,7.32
01536 ,0000125,PHOT,10.3935,0,0,15.59
01536 ,0000128,DEUT,599.625,0,0,899.44
01536 ,0000130,DEUT,442.8,0,0,664.2
01536 ,0000131,DEUT,350.55,759,0,525.83
01536 ,0000133,DEUT,423.325,916,0,634.99
01536 ,0000134,DEUT,313.65,0,0,470.48
01536 ,0000150,GERM,24.28225,0,0,36.42
01536 ,0000156,GERM,9.9835,0,0,14.97
01536 ,0000157,GERM,5.41,0,0,8.12
01536 ,0000161,SCI ,40.07,0,0,60.1
01536 ,0000163,GERM,19.5,0,0,29.25
01536 ,0000179,GERM,25.61475,0,0,38.42
01536 ,0000183,GERM,6.806,0,0,10.21
01536 ,0000184,GERM,1.92,0,0,2.88
01536 ,0000187,GERM,36.31,0,0,54.47
01536 ,0000192,GERM,6.0475,0,0,9.07
01536 ,0000194,GERM,4.85,9,0,7.28
01536 ,0000195,GERM,6.4985,9.24,0,9.24
01536 ,0000226,GERM,6.88,0,0,10.32
01536 ,0000230,GERM,3.53625,0,0,5.3
01536 ,0000233,GERM,6.36525,0,0,9.55
01536 ,0000234,GERM,11.07,0,0,16.61
01536 ,0000235,GERM,8.35,0,0,12.53
01536 ,0000242,SCI ,234,0,0,351
01536 ,0000246,DEUT,598.6,0,0,897.9
01536 ,0000247,DEUT,455.1,0,0,682.65
01536 ,0000249,SCI ,198.86025,0,0,298.29
01536 ,0000250,SCI ,222.57875,0,0,333.87
01536 ,0000253,DEUT,521.2125,0,0,781.82
01536 ,0000255,DEUT,442.8,0,0,664.2
01536 ,0000256,SCI ,91.225,0,0,136.84
01536 ,0000257,SCI ,91.225,0,0,136.84
01536 ,0000259,SCI ,261.375,0,0,392.06
01536 ,0000262,SCI ,311.6,0,0,467.4
01536 ,0000265,SCI ,321.85,0,0,482.77
01536 ,0000266,SCI ,429.475,0,0,644.21
01536 ,0000267,SCI ,166.05,0,0,249.07
01536 ,0000268,SCI ,94.3,0,0,141.45
01536 ,0000269,SCI ,94.3,0,0,141.45
01536 ,0000270,SCI ,316.725,0,0,475.09
01536 ,0000292,SCI ,281.875,0,0,422.81
01536 ,0000293,SCI ,79.089,0,0,118.63
01536 ,0000294,SCI ,93.7055,0,0,140.56
01536 ,0000295,SCI ,172.2,0,0,258.3
01536 ,0000296,SCI ,171.175,0,0,256.76
01536 ,0000298,SCI ,283.925,0,0,425.89
01536 ,0000299,SCI ,281.875,0,0,422.81
01536 ,0000300,SCI ,120.95,0,0,181.43
01536 ,0000301,SCI ,176.874,0,0,265.31
01536 ,0000302,SCI ,284.9705,0,0,427.46
01536 ,0000319,SCI ,1.148,0,0,1.72
01536 ,0000323,MIN ,22.24,0,0,33.36
01536 ,0000324,SCI ,56.76,72.25,0,72.25
01536 ,0000340,SCI ,102.3975,166.5,0,153.6
01536 ,0000342,SCI ,35.34,0,0,53.01
01536 ,0000343,SCI ,32.92,0,0,49.38
01536 ,0000345,SCI ,81.18,132,0,121.77
01536 ,0000346,SCI ,46.27875,75.25,0,69.42
01536 ,0000348,SCI ,62.94,0,0,94.41
01536 ,0000349,SCI ,48.12375,0,0,72.19
01536 ,0000350,SCI ,91.47,144.5,0,137.21
01536 ,0000351,SCI ,146.37,238,0,219.56
01536 ,0000352,SCI ,17.51,20,0,20
01536 ,0000353,SCI ,17.2,19.25,0,19.25
01536 ,0000354,SCI ,41.72,0,0,62.58
01536 ,0000355,SCI ,30.04,0,0,45.06
01536 ,0000356,SCI ,191.88,271,0,271
01536 ,0000357,SCI ,49.2,74.75,0,73.8
01536 ,0000361,SCI ,24.16,0,0,36.24
01536 ,0000362,SCI ,28.75125,42.5,0,42.5
01536 ,0000364,SCI ,61.51,0,0,92.27
01536 ,0000365,SCI ,116.235,189,0,174.35
01536 ,0000367,SCI ,54.4275,88.5,0,81.64
01536 ,0000389,SCI ,2.85,0,0,4.28
01536 ,0000399,SCI ,461.56,0,0,692.34
01536 ,0000413,STTV,13.6490025,0,0,20.47
01536 ,0000422,L L ,11.30862,0,0,16.96
01536 ,0000486,PHOT,0.97,0,0,1.46
01536 ,0000555,SCI ,2,0,0,3
01536 ,0000574,PHOT,11.07999375,12.99,0,12.99
01536 ,0000584,PHOT,15.78,0,0,23.67
01536 ,0000595,PHOT,3.49525,0,0,5.24
01536 ,0000604,MARI,18.928735,19,0,19
01536 ,0000615,PHOT,8.75,0,0,13.13
01536 ,0000623,PHOT,2.583,0,0,3.88
01536 ,0000637,SCI ,8.97,0,0,13.46
01536 ,0000645,STTV,8.74955375,8.99,0,8.99
01536 ,0000650,SCI ,12.63,0,0,18.95
01536 ,0000652,I R ,30.13738,0,0,45.21
01536 ,0000660,SCI ,9.05,0,0,13.57
01536 ,0000677,PHOT,26.18,0,0,39.27
01536 ,0000678,SCI ,15.83,0,0,23.75
01536 ,0000679,PHOT,13.5717175,0,0,20.36
01536 ,0000682,PHOT,3.6,0,0,5.4
01536 ,0000686,SCI ,12.55,0,0,18.82
01536 ,0000803,SCI ,29.53,0,0,44.3
01536 ,0000805,PHOT,12.13,0,0,18.2
01536 ,0000808,PHOT,5.79125,0,0,8.69
01536 ,0000829,PHOT,3.2595,0,0,4.89
01536 ,0000841,MIN ,2.57275,0,0,3.86
01536 ,0000844,MIN ,1.4965,0,0,2.25
01536 ,0000846,MIN ,1.2095,0,0,1.81
01536 ,0000847,MIN ,1.353,0,0,2.03
01536 ,0000849,MIN ,1.353,0,0,2.03
01536 ,0000850,MIN ,3.38,0,0,5.07
01536 ,0000851,MIN ,3.8976,0,0,5.85
01536 ,0000853,MIN ,3.4645,0,0,5.2
01536 ,0000855,MIN ,3.4645,0,0,5.2
01536 ,0000856,MIN ,5.87,0,0,8.8
01536 ,0000859,PHOT,1.42475,0,0,2.14
01536 ,0000860,PHOT,5.11475,0,0,7.67
01536 ,0000861,PHOT,1.148,0,0,1.72
01536 ,0000862,PHOT,12.12575,0,0,18.19
01536 ,0000863,PHOT,10.3935,0,0,15.59
01536 ,0000864,PHOT,9.99375,0,0,14.99
01536 ,0000865,PHOT,6.77525,0,0,10.16
01536 ,0000866,PHOT,3.8335,0,0,5.75
01536 ,0000868,PHOT,24.53,0,0,36.8
01536 ,0000870,PHOT,10.4345,0,0,15.65
01536 ,0000872,MARI,10.42425,0,0,15.64
01536 ,0000873,MARI,7.24675,0,0,10.87
01536 ,0000882,SCI ,3.61,0,0,5.42
01536 ,0000886,SCI ,3.7411885,0,0,5.61
01536 ,0000889,SCI ,7.18417,0,0,10.78
01536 ,0000898,PHOT,10.64975,0,0,15.97
01536 ,0000901,PHOT,5.1455,0,0,7.72
01536 ,0000902,PHOT,4.715,0,0,7.07
01536 ,0000903,PHOT,4.469,0,0,6.7
01536 ,0000904,PHOT,4.8995,0,0,7.35
01536 ,0000908,PHOT,4.56125,0,0,6.84
01536 ,0000910,PHOT,6.57,0,0,9.86
01536 ,0000914,PHOT,6.7855,0,0,10.18
01536 ,0000916,PHOT,1.5785,0,0,2.37
01536 ,0000920,PHOT,6.0885,0,0,9.13
01536 ,0000921,SCI ,8.4665,0,0,12.7
01536 ,0000922,PHOT,8.446,0,0,12.67
01536 ,0000924,PHOT,2.83925,0,0,4.26
01536 ,0000925,PHOT,13.54025,0,0,20.31
01536 ,0000926,PHOT,2.132,0,0,3.2
01536 ,0000927,PHOT,10.578,0,0,15.87
01536 ,0000928,PHOT,4.37675,0,0,6.57
01536 ,0000929,PHOT,7.6875,0,0,11.53
01536 ,0000930,PHOT,3.65925,0,0,5.49
01536 ,0000931,PHOT,4.43825,0,0,6.66
01536 ,0000932,PHOT,51.6805,0,0,77.52
01536 ,0000934,PHOT,6.18075,0,0,9.27
01536 ,0000935,PHOT,1.5785,0,0,2.37
01536 ,0000936,PHOT,2.501,0,0,3.75
01536 ,0000938,PHOT,4.90975,0,0,7.37
01536 ,0000940,SCI ,2.14225,0,0,3.21
01536 ,0000941,PHOT,2.3985,0,0,3.6
01536 ,0000942,PHOT,3.78225,0,0,5.67
01536 ,0000950,PHOT,6.5102875,0,0,9.77
01536 ,0000952,STTV,7.2538225,0,0,10.88
01536 ,0000963,MIN ,2.28375,0,0,3.43
01536 ,0000964,PHOT,6.0885,0,0,9.13
01536 ,0000967,SCI ,37.97,0,0,56.95
01536 ,0000981,PHOT,3.567,0,0,5.35
01536 ,0000982,PHOT,3.567,0,0,5.35
01536 ,0000985,PHOT,3.567,0,0,5.35
01536 ,0000986,PHOT,3.321,0,0,4.98
01536 ,0001001,SCI ,46.89375,76.25,0,70.34
01536 ,0001003,MIN ,2.30625,0,0,3.46
01536 ,0001006,PHOT,27.64425,7,0,7
01536 ,0001021,MIN ,7.37296,0,0,11.06
01536 ,0001022,MIN ,2.42925,0,0,3.64
01536 ,0001024,MIN ,3.76175,0,0,5.64
01536 ,0001028,PHOT,16.00025,0,0,24
01536 ,0001036,SCI ,10.11,0,0,15.16
01536 ,0001043,MIN ,2.10125,6.75,6.75,6.75
01536 ,0001045,MIN ,3.4645,0,0,5.2
01536 ,0001046,MIN ,1.9475,1.99,0,1.99
01536 ,0001048,MIN ,2.3165,0,0,3.48
01536 ,0001051,MIN ,3.29025,0,0,4.93
01536 ,0001069,SCI ,10.23,0,0,15.35
01536 ,0001073,SCI ,6.98,0,0,10.47
01536 ,0001074,SCI ,13.05,0,0,19.57
01536 ,0001087,SCI ,14.44225,0,0,21.66
01536 ,0001089,PHOT,10.21925,0,0,15.33
01536 ,0001090,SCI ,0.97,0,0,1.46
01536 ,0001111,PHOT,18.583635,27.5,0,27.5
01536 ,0001112,PHOT,25.625,0,0,38.44
01536 ,0001125,PHOT,29.71475,0,0,44.57
01536 ,0001128,STTV,11.521,0,0,17.28
01536 ,0001129,STTV,13.31475,0,0,19.97
01536 ,0001130,STTV,14.72925,0,0,22.09
01536 ,0001133,STTV,12.6485,0,0,18.97
01536 ,0001134,STTV,14.33975,0,0,21.51
01536 ,0001137,STTV,14.72925,0,0,22.09
01536 ,0001138,STTV,12.6485,0,0,18.97
01536 ,0001141,PHOT,14.33975,0,0,21.51
01553 ,0000102,DEUT,414.1,0,0,662.56
01553 ,0000105,VISI,189.625,0,0,303.4
01553 ,0000106,DEUT,442.8,0,0,708.48
01553 ,0000110,DEUT,455.1,0,0,728.16
01553 ,0000115,DEUT,533,0,0,852.8
01553 ,0000116,DEUT,533,0,0,852.8
01553 ,0000122,SCI ,133.7625,0,0,214.02
01553 ,0000123,DEUT,290.9975,0,0,465.6
01553 ,0000124,PHOT,4.88,0,0,7.81
01553 ,0000125,PHOT,10.3935,0,0,16.63
01553 ,0000128,DEUT,599.625,0,0,959.4
01553 ,0000130,DEUT,442.8,0,0,708.48
01553 ,0000131,DEUT,350.55,759,0,560.88
01553 ,0000133,DEUT,423.325,916,0,677.32
01553 ,0000134,DEUT,313.65,0,0,501.84
01553 ,0000150,GERM,24.28225,0,0,38.85
01553 ,0000156,GERM,9.9835,0,0,15.97
01553 ,0000157,GERM,5.41,0,0,8.66
01553 ,0000161,SCI ,40.07,0,0,64.11
01553 ,0000163,GERM,19.5,0,0,31.2
01553 ,0000179,GERM,25.61475,0,0,40.98
01553 ,0000183,GERM,6.806,0,0,10.89
01553 ,0000184,GERM,1.92,0,0,3.07
01553 ,0000187,GERM,36.31,0,0,58.1
01553 ,0000192,GERM,6.0475,0,0,9.68
01553 ,0000194,GERM,4.85,9,0,7.76
01553 ,0000195,GERM,6.4985,9.24,0,9.24
01553 ,0000226,GERM,6.88,0,0,11.01
01553 ,0000230,GERM,3.53625,0,0,5.66
01553 ,0000233,GERM,6.36525,0,0,10.18
01553 ,0000234,GERM,11.07,0,0,17.71
01553 ,0000235,GERM,8.35,0,0,13.36
01553 ,0000242,SCI ,234,0,0,374.4
01553 ,0000246,DEUT,598.6,0,0,957.76
01553 ,0000247,DEUT,455.1,0,0,728.16
01553 ,0000249,SCI ,198.86025,0,0,318.18
01553 ,0000250,SCI ,222.57875,0,0,356.13
01553 ,0000253,DEUT,521.2125,0,0,833.94
01553 ,0000255,DEUT,442.8,0,0,708.48
01553 ,0000256,SCI ,91.225,0,0,145.96
01553 ,0000257,SCI ,91.225,0,0,145.96
01553 ,0000259,SCI ,261.375,0,0,418.2
01553 ,0000262,SCI ,311.6,0,0,498.56
01553 ,0000265,SCI ,321.85,0,0,514.96
01553 ,0000266,SCI ,429.475,0,0,687.16
01553 ,0000267,SCI ,166.05,0,0,265.68
01553 ,0000268,SCI ,94.3,0,0,150.88
01553 ,0000269,SCI ,94.3,0,0,150.88
01553 ,0000270,SCI ,316.725,0,0,506.76
01553 ,0000292,SCI ,281.875,0,0,451
01553 ,0000293,SCI ,79.089,0,0,126.54
01553 ,0000294,SCI ,93.7055,0,0,149.93
01553 ,0000295,SCI ,172.2,0,0,275.52
01553 ,0000296,SCI ,171.175,0,0,273.88
01553 ,0000298,SCI ,283.925,0,0,454.28
01553 ,0000299,SCI ,281.875,0,0,451
01553 ,0000300,SCI ,120.95,0,0,193.52
01553 ,0000301,SCI ,176.874,0,0,283
01553 ,0000302,SCI ,284.9705,0,0,455.95
01553 ,0000319,SCI ,1.148,0,0,1.84
01553 ,0000323,MIN ,22.24,0,0,35.58
01553 ,0000324,SCI ,56.76,72.25,0,72.25
01553 ,0000340,SCI ,102.3975,166.5,0,163.84
01553 ,0000342,SCI ,35.34,0,0,56.54
01553 ,0000343,SCI ,32.92,0,0,52.67
01553 ,0000345,SCI ,81.18,132,0,129.89
01553 ,0000346,SCI ,46.27875,75.25,0,74.05
01553 ,0000348,SCI ,62.94,0,0,100.7
01553 ,0000349,SCI ,48.12375,0,0,77
01553 ,0000350,SCI ,91.47,144.5,0,144.5
01553 ,0000351,SCI ,146.37,238,0,234.19
01553 ,0000352,SCI ,17.51,20,0,20
01553 ,0000353,SCI ,17.2,19.25,0,19.25
01553 ,0000354,SCI ,41.72,0,0,66.75
01553 ,0000355,SCI ,30.04,0,0,48.06
01553 ,0000356,SCI ,191.88,271,0,271
01553 ,0000357,SCI ,49.2,74.75,0,74.75
01553 ,0000361,SCI ,24.16,0,0,38.66
01553 ,0000362,SCI ,28.75125,42.5,0,42.5
01553 ,0000364,SCI ,61.51,0,0,98.42
01553 ,0000365,SCI ,116.235,189,0,185.98
01553 ,0000367,SCI ,54.4275,88.5,0,87.08
01553 ,0000389,SCI ,2.85,0,0,4.56
01553 ,0000399,SCI ,461.56,0,0,738.5
01553 ,0000413,STTV,13.6490025,0,0,21.84
01553 ,0000422,L L ,11.30862,0,0,18.09
01553 ,0000486,PHOT,0.97,0,0,1.55
01553 ,0000555,SCI ,2,0,0,3.2
01553 ,0000574,PHOT,11.07999375,12.99,0,12.99
01553 ,0000584,PHOT,15.78,0,0,25.25
01553 ,0000595,PHOT,3.49525,0,0,5.59
01553 ,0000604,MARI,18.928735,19,0,19
01553 ,0000615,PHOT,8.75,0,0,14
01553 ,0000623,PHOT,2.583,0,0,4.13
01553 ,0000637,SCI ,8.97,0,0,14.35
01553 ,0000645,STTV,8.74955375,8.99,0,8.99
01553 ,0000650,SCI ,12.63,0,0,20.21
01553 ,0000652,I R ,30.13738,0,0,48.22
01553 ,0000660,SCI ,9.05,0,0,14.48
01553 ,0000677,PHOT,26.18,0,0,41.89
01553 ,0000678,SCI ,15.83,0,0,25.33
01553 ,0000679,PHOT,13.5717175,0,0,21.71
01553 ,0000682,PHOT,3.6,0,0,5.76
01553 ,0000686,SCI ,12.55,0,0,20.08
01553 ,0000803,SCI ,29.53,0,0,47.25
01553 ,0000805,PHOT,12.13,0,0,19.41
01553 ,0000808,PHOT,5.79125,0,0,9.27
01553 ,0000829,PHOT,3.2595,0,0,5.21
01553 ,0000841,MIN ,2.57275,0,0,4.12
01553 ,0000844,MIN ,1.4965,0,0,2.39
01553 ,0000846,MIN ,1.2095,0,0,1.94
01553 ,0000847,MIN ,1.353,0,0,2.17
01553 ,0000849,MIN ,1.353,0,0,2.17
01553 ,0000850,MIN ,3.38,0,0,5.41
01553 ,0000851,MIN ,3.8976,0,0,6.24
01553 ,0000853,MIN ,3.4645,0,0,5.54
01553 ,0000855,MIN ,3.4645,0,0,5.54
01553 ,0000856,MIN ,5.87,0,0,9.39
01553 ,0000859,PHOT,1.42475,0,0,2.28
01553 ,0000860,PHOT,5.11475,0,0,8.18
01553 ,0000861,PHOT,1.148,0,0,1.84
01553 ,0000862,PHOT,12.12575,0,0,19.4
01553 ,0000863,PHOT,10.3935,0,0,16.63
01553 ,0000864,PHOT,9.99375,0,0,15.99
01553 ,0000865,PHOT,6.77525,0,0,10.84
01553 ,0000866,PHOT,3.8335,0,0,6.13
01553 ,0000868,PHOT,24.53,0,0,39.25
01553 ,0000870,PHOT,10.4345,0,0,16.7
01553 ,0000872,MARI,10.42425,0,0,16.68
01553 ,0000873,MARI,7.24675,0,0,11.6
01553 ,0000882,SCI ,3.61,0,0,5.78
01553 ,0000886,SCI ,3.7411885,0,0,5.99
01553 ,0000889,SCI ,7.18417,0,0,11.49
01553 ,0000898,PHOT,10.64975,0,0,17.04
01553 ,0000901,PHOT,5.1455,0,0,8.23
01553 ,0000902,PHOT,4.715,0,0,7.54
01553 ,0000903,PHOT,4.469,0,0,7.15
01553 ,0000904,PHOT,4.8995,0,0,7.84
01553 ,0000908,PHOT,4.56125,0,0,7.3
01553 ,0000910,PHOT,6.57,0,0,10.51
01553 ,0000914,PHOT,6.7855,0,0,10.86
01553 ,0000916,PHOT,1.5785,0,0,2.53
01553 ,0000920,PHOT,6.0885,0,0,9.74
01553 ,0000921,SCI ,8.4665,0,0,13.55
01553 ,0000922,PHOT,8.446,0,0,13.51
01553 ,0000924,PHOT,2.83925,0,0,4.54
01553 ,0000925,PHOT,13.54025,0,0,21.66
01553 ,0000926,PHOT,2.132,0,0,3.41
01553 ,0000927,PHOT,10.578,0,0,16.93
01553 ,0000928,PHOT,4.37675,0,0,7
01553 ,0000929,PHOT,7.6875,0,0,12.3
01553 ,0000930,PHOT,3.65925,0,0,5.86
01553 ,0000931,PHOT,4.43825,0,0,7.1
01553 ,0000932,PHOT,51.6805,0,0,82.69
01553 ,0000934,PHOT,6.18075,0,0,9.89
01553 ,0000935,PHOT,1.5785,0,0,2.53
01553 ,0000936,PHOT,2.501,0,0,4
01553 ,0000938,PHOT,4.90975,0,0,7.86
01553 ,0000940,SCI ,2.14225,0,0,3.43
01553 ,0000941,PHOT,2.3985,0,0,3.84
01553 ,0000942,PHOT,3.78225,0,0,6.05
01553 ,0000950,PHOT,6.5102875,0,0,10.42
01553 ,0000952,STTV,7.2538225,0,0,11.61
01553 ,0000963,MIN ,2.28375,0,0,3.65
01553 ,0000964,PHOT,6.0885,0,0,9.74
01553 ,0000967,SCI ,37.97,0,0,60.75
01553 ,0000981,PHOT,3.567,0,0,5.71
01553 ,0000982,PHOT,3.567,0,0,5.71
01553 ,0000985,PHOT,3.567,0,0,5.71
01553 ,0000986,PHOT,3.321,0,0,5.31
01553 ,0001001,SCI ,46.89375,76.25,0,75.03
01553 ,0001003,MIN ,2.30625,0,0,3.69
01553 ,0001006,PHOT,27.64425,7,0,7
01553 ,0001021,MIN ,7.37296,0,0,11.8
01553 ,0001022,MIN ,2.42925,0,0,3.89
01553 ,0001024,MIN ,3.76175,0,0,6.02
01553 ,0001028,PHOT,16.00025,0,0,25.6
01553 ,0001036,SCI ,10.11,0,0,16.18
01553 ,0001043,MIN ,2.10125,6.75,6.75,6.75
01553 ,0001045,MIN ,3.4645,0,0,5.54
01553 ,0001046,MIN ,1.9475,1.99,0,1.99
01553 ,0001048,MIN ,2.3165,0,0,3.71
01553 ,0001051,MIN ,3.29025,0,0,5.26
01553 ,0001069,SCI ,10.23,0,0,16.37
01553 ,0001073,SCI ,6.98,0,0,11.17
01553 ,0001074,SCI ,13.05,0,0,20.88
01553 ,0001087,SCI ,14.44225,0,0,23.11
01553 ,0001089,PHOT,10.21925,0,0,16.35
01553 ,0001090,SCI ,0.97,0,0,1.55
01553 ,0001111,PHOT,18.583635,27.5,0,27.5
01553 ,0001112,PHOT,25.625,0,0,41
01553 ,0001125,PHOT,29.71475,0,0,47.54
01553 ,0001128,STTV,11.521,0,0,18.43
01553 ,0001129,STTV,13.31475,0,0,21.3
01553 ,0001130,STTV,14.72925,0,0,23.57
01553 ,0001133,STTV,12.6485,0,0,20.24
01553 ,0001134,STTV,14.33975,0,0,22.94
01553 ,0001137,STTV,14.72925,0,0,23.57
01553 ,0001138,STTV,12.6485,0,0,20.24
01553 ,0001141,PHOT,14.33975,0,0,22.94
01554 ,0000102,DEUT,414.1,0,0,662.56
01554 ,0000105,VISI,189.625,0,0,303.4
01554 ,0000106,DEUT,442.8,0,0,708.48
01554 ,0000110,DEUT,455.1,0,0,728.16
01554 ,0000115,DEUT,533,0,0,852.8
01554 ,0000116,DEUT,533,0,0,852.8
01554 ,0000122,SCI ,133.7625,0,0,214.02
01554 ,0000123,DEUT,290.9975,0,0,465.6
01554 ,0000124,PHOT,4.88,0,0,7.81
01554 ,0000125,PHOT,10.3935,0,0,16.63
01554 ,0000128,DEUT,599.625,0,0,959.4
01554 ,0000130,DEUT,442.8,0,0,708.48
01554 ,0000131,DEUT,350.55,759,0,560.88
01554 ,0000133,DEUT,423.325,916,0,677.32
01554 ,0000134,DEUT,313.65,0,0,501.84
01554 ,0000150,GERM,24.28225,0,0,38.85
01554 ,0000156,GERM,9.9835,0,0,15.97
01554 ,0000157,GERM,5.41,0,0,8.66
01554 ,0000161,SCI ,40.07,0,0,64.11
01554 ,0000163,GERM,19.5,0,0,31.2
01554 ,0000179,GERM,25.61475,0,0,40.98
01554 ,0000183,GERM,6.806,0,0,10.89
01554 ,0000184,GERM,1.92,0,0,3.07
01554 ,0000187,GERM,36.31,0,0,58.1
01554 ,0000192,GERM,6.0475,0,0,9.68
01554 ,0000194,GERM,4.85,9,0,7.76
01554 ,0000195,GERM,6.4985,9.24,0,9.24
01554 ,0000226,GERM,6.88,0,0,11.01
01554 ,0000230,GERM,3.53625,0,0,5.66
01554 ,0000233,GERM,6.36525,0,0,10.18
01554 ,0000234,GERM,11.07,0,0,17.71
01554 ,0000235,GERM,8.35,0,0,13.36
01554 ,0000242,SCI ,234,0,0,374.4
01554 ,0000246,DEUT,598.6,0,0,957.76
01554 ,0000247,DEUT,455.1,0,0,728.16
01554 ,0000249,SCI ,198.86025,0,0,318.18
01554 ,0000250,SCI ,222.57875,0,0,356.13
01554 ,0000253,DEUT,521.2125,0,0,833.94
01554 ,0000255,DEUT,442.8,0,0,708.48
01554 ,0000256,SCI ,91.225,0,0,145.96
01554 ,0000257,SCI ,91.225,0,0,145.96
01554 ,0000259,SCI ,261.375,0,0,418.2
01554 ,0000262,SCI ,311.6,0,0,498.56
01554 ,0000265,SCI ,321.85,0,0,514.96
01554 ,0000266,SCI ,429.475,0,0,687.16
01554 ,0000267,SCI ,166.05,0,0,265.68
01554 ,0000268,SCI ,94.3,0,0,150.88
01554 ,0000269,SCI ,94.3,0,0,150.88
01554 ,0000270,SCI ,316.725,0,0,506.76
01554 ,0000292,SCI ,281.875,0,0,451
01554 ,0000293,SCI ,79.089,0,0,126.54
01554 ,0000294,SCI ,93.7055,0,0,149.93
01554 ,0000295,SCI ,172.2,0,0,275.52
01554 ,0000296,SCI ,171.175,0,0,273.88
01554 ,0000298,SCI ,283.925,0,0,454.28
01554 ,0000299,SCI ,281.875,0,0,451
01554 ,0000300,SCI ,120.95,0,0,193.52
01554 ,0000301,SCI ,176.874,0,0,283
01554 ,0000302,SCI ,284.9705,0,0,455.95
01554 ,0000319,SCI ,1.148,0,0,1.84
01554 ,0000323,MIN ,22.24,0,0,35.58
01554 ,0000324,SCI ,56.76,72.25,0,72.25
01554 ,0000340,SCI ,102.3975,166.5,0,163.84
01554 ,0000342,SCI ,35.34,0,0,56.54
01554 ,0000343,SCI ,32.92,0,0,52.67
01554 ,0000345,SCI ,81.18,132,0,129.89
01554 ,0000346,SCI ,46.27875,75.25,0,74.05
01554 ,0000348,SCI ,62.94,0,0,100.7
01554 ,0000349,SCI ,48.12375,0,0,77
01554 ,0000350,SCI ,91.47,144.5,0,144.5
01554 ,0000351,SCI ,146.37,238,0,234.19
01554 ,0000352,SCI ,17.51,20,0,20
01554 ,0000353,SCI ,17.2,19.25,0,19.25
01554 ,0000354,SCI ,41.72,0,0,66.75
01554 ,0000355,SCI ,30.04,0,0,48.06
01554 ,0000356,SCI ,191.88,271,0,271
01554 ,0000357,SCI ,49.2,74.75,0,74.75
01554 ,0000361,SCI ,24.16,0,0,38.66
01554 ,0000362,SCI ,28.75125,42.5,0,42.5
01554 ,0000364,SCI ,61.51,0,0,98.42
01554 ,0000365,SCI ,116.235,189,0,185.98
01554 ,0000367,SCI ,54.4275,88.5,0,87.08
01554 ,0000389,SCI ,2.85,0,0,4.56
01554 ,0000399,SCI ,461.56,0,0,738.5
01554 ,0000413,STTV,13.6490025,0,0,21.84
01554 ,0000422,L L ,11.30862,0,0,18.09
01554 ,0000486,PHOT,0.97,0,0,1.55
01554 ,0000555,SCI ,2,0,0,3.2
01554 ,0000574,PHOT,11.07999375,12.99,0,12.99
01554 ,0000584,PHOT,15.78,0,0,25.25
01554 ,0000595,PHOT,3.49525,0,0,5.59
01554 ,0000604,MARI,18.928735,19,0,19
01554 ,0000615,PHOT,8.75,0,0,14
01554 ,0000623,PHOT,2.583,0,0,4.13
01554 ,0000637,SCI ,8.97,0,0,14.35
01554 ,0000645,STTV,8.74955375,8.99,0,8.99
01554 ,0000650,SCI ,12.63,0,0,20.21
01554 ,0000652,I R ,30.13738,0,0,48.22
01554 ,0000660,SCI ,9.05,0,0,14.48
01554 ,0000677,PHOT,26.18,0,0,41.89
01554 ,0000678,SCI ,15.83,0,0,25.33
01554 ,0000679,PHOT,13.5717175,0,0,21.71
01554 ,0000682,PHOT,3.6,0,0,5.76
01554 ,0000686,SCI ,12.55,0,0,20.08
01554 ,0000803,SCI ,29.53,0,0,47.25
01554 ,0000805,PHOT,12.13,0,0,19.41
01554 ,0000808,PHOT,5.79125,0,0,9.27
01554 ,0000829,PHOT,3.2595,0,0,5.21
01554 ,0000841,MIN ,2.57275,0,0,4.12
01554 ,0000844,MIN ,1.4965,0,0,2.39
01554 ,0000846,MIN ,1.2095,0,0,1.94
01554 ,0000847,MIN ,1.353,0,0,2.17
01554 ,0000849,MIN ,1.353,0,0,2.17
01554 ,0000850,MIN ,3.38,0,0,5.41
01554 ,0000851,MIN ,3.8976,0,0,6.24
01554 ,0000853,MIN ,3.4645,0,0,5.54
01554 ,0000855,MIN ,3.4645,0,0,5.54
01554 ,0000856,MIN ,5.87,0,0,9.39
01554 ,0000859,PHOT,1.42475,0,0,2.28
01554 ,0000860,PHOT,5.11475,0,0,8.18
01554 ,0000861,PHOT,1.148,0,0,1.84
01554 ,0000862,PHOT,12.12575,0,0,19.4
01554 ,0000863,PHOT,10.3935,0,0,16.63
01554 ,0000864,PHOT,9.99375,0,0,15.99
01554 ,0000865,PHOT,6.77525,0,0,10.84
01554 ,0000866,PHOT,3.8335,0,0,6.13
01554 ,0000868,PHOT,24.53,0,0,39.25
01554 ,0000870,PHOT,10.4345,0,0,16.7
01554 ,0000872,MARI,10.42425,0,0,16.68
01554 ,0000873,MARI,7.24675,0,0,11.6
01554 ,0000882,SCI ,3.61,0,0,5.78
01554 ,0000886,SCI ,3.7411885,0,0,5.99
01554 ,0000889,SCI ,7.18417,0,0,11.49
01554 ,0000898,PHOT,10.64975,0,0,17.04
01554 ,0000901,PHOT,5.1455,0,0,8.23
01554 ,0000902,PHOT,4.715,0,0,7.54
01554 ,0000903,PHOT,4.469,0,0,7.15
01554 ,0000904,PHOT,4.8995,0,0,7.84
01554 ,0000908,PHOT,4.56125,0,0,7.3
01554 ,0000910,PHOT,6.57,0,0,10.51
01554 ,0000914,PHOT,6.7855,0,0,10.86
01554 ,0000916,PHOT,1.5785,0,0,2.53
01554 ,0000920,PHOT,6.0885,0,0,9.74
01554 ,0000921,SCI ,8.4665,0,0,13.55
01554 ,0000922,PHOT,8.446,0,0,13.51
01554 ,0000924,PHOT,2.83925,0,0,4.54
01554 ,0000925,PHOT,13.54025,0,0,21.66
01554 ,0000926,PHOT,2.132,0,0,3.41
01554 ,0000927,PHOT,10.578,0,0,16.93
01554 ,0000928,PHOT,4.37675,0,0,7
01554 ,0000929,PHOT,7.6875,0,0,12.3
01554 ,0000930,PHOT,3.65925,0,0,5.86
01554 ,0000931,PHOT,4.43825,0,0,7.1
01554 ,0000932,PHOT,51.6805,0,0,82.69
01554 ,0000934,PHOT,6.18075,0,0,9.89
01554 ,0000935,PHOT,1.5785,0,0,2.53
01554 ,0000936,PHOT,2.501,0,0,4
01554 ,0000938,PHOT,4.90975,0,0,7.86
01554 ,0000940,SCI ,2.14225,0,0,3.43
01554 ,0000941,PHOT,2.3985,0,0,3.84
01554 ,0000942,PHOT,3.78225,0,0,6.05
01554 ,0000950,PHOT,6.5102875,0,0,10.42
01554 ,0000952,STTV,7.2538225,0,0,11.61
01554 ,0000963,MIN ,2.28375,0,0,3.65
01554 ,0000964,PHOT,6.0885,0,0,9.74
01554 ,0000967,SCI ,37.97,0,0,60.75
01554 ,0000981,PHOT,3.567,0,0,5.71
01554 ,0000982,PHOT,3.567,0,0,5.71
01554 ,0000985,PHOT,3.567,0,0,5.71
01554 ,0000986,PHOT,3.321,0,0,5.31
01554 ,0001001,SCI ,46.89375,76.25,0,75.03
01554 ,0001003,MIN ,2.30625,0,0,3.69
01554 ,0001006,PHOT,27.64425,7,0,7
01554 ,0001021,MIN ,7.37296,0,0,11.8
01554 ,0001022,MIN ,2.42925,0,0,3.89
01554 ,0001024,MIN ,3.76175,0,0,6.02
01554 ,0001028,PHOT,16.00025,0,0,25.6
01554 ,0001036,SCI ,10.11,0,0,16.18
01554 ,0001043,MIN ,2.10125,6.75,6.75,6.75
01554 ,0001045,MIN ,3.4645,0,0,5.54
01554 ,0001046,MIN ,1.9475,1.99,0,1.99
01554 ,0001048,MIN ,2.3165,0,0,3.71
01554 ,0001051,MIN ,3.29025,0,0,5.26
01554 ,0001069,SCI ,10.23,0,0,16.37
01554 ,0001073,SCI ,6.98,0,0,11.17
01554 ,0001074,SCI ,13.05,0,0,20.88
01554 ,0001087,SCI ,14.44225,0,0,23.11
01554 ,0001089,PHOT,10.21925,0,0,16.35
01554 ,0001090,SCI ,0.97,0,0,1.55
01554 ,0001111,PHOT,18.583635,27.5,0,27.5
01554 ,0001112,PHOT,25.625,0,0,41
01554 ,0001125,PHOT,29.71475,0,0,47.54
01554 ,0001128,STTV,11.521,0,0,18.43
01554 ,0001129,STTV,13.31475,0,0,21.3
01554 ,0001130,STTV,14.72925,0,0,23.57
01554 ,0001133,STTV,12.6485,0,0,20.24
01554 ,0001134,STTV,14.33975,0,0,22.94
01554 ,0001137,STTV,14.72925,0,0,23.57
01554 ,0001138,STTV,12.6485,0,0,20.24
01554 ,0001141,PHOT,14.33975,0,0,22.94
01556 ,0000102,DEUT,414.1,0,0,579.74
01556 ,0000105,VISI,189.625,0,0,265.48
01556 ,0000106,DEUT,442.8,0,0,619.92
01556 ,0000110,DEUT,455.1,0,0,637.14
01556 ,0000115,DEUT,533,0,0,746.2
01556 ,0000116,DEUT,533,0,0,746.2
01556 ,0000122,SCI ,133.7625,0,0,187.27
01556 ,0000123,DEUT,290.9975,0,0,407.4
01556 ,0000124,PHOT,4.88,0,0,6.83
01556 ,0000125,PHOT,10.3935,0,0,14.55
01556 ,0000128,DEUT,599.625,0,0,839.48
01556 ,0000130,DEUT,442.8,0,0,619.92
01556 ,0000131,DEUT,350.55,759,0,490.77
01556 ,0000133,DEUT,423.325,916,0,592.65
01556 ,0000134,DEUT,313.65,0,0,439.11
01556 ,0000150,GERM,24.28225,0,0,33.99
01556 ,0000156,GERM,9.9835,0,0,13.98
01556 ,0000157,GERM,5.41,0,0,7.57
01556 ,0000161,SCI ,40.07,0,0,56.1
01556 ,0000163,GERM,19.5,0,0,27.3
01556 ,0000179,GERM,25.61475,0,0,35.86
01556 ,0000183,GERM,6.806,0,0,9.53
01556 ,0000184,GERM,1.92,0,0,2.69
01556 ,0000187,GERM,36.31,0,0,50.83
01556 ,0000192,GERM,6.0475,0,0,8.47
01556 ,0000194,GERM,4.85,9,0,6.79
01556 ,0000195,GERM,6.4985,9.24,0,9.1
01556 ,0000226,GERM,6.88,0,0,9.63
01556 ,0000230,GERM,3.53625,0,0,4.95
01556 ,0000233,GERM,6.36525,0,0,8.91
01556 ,0000234,GERM,11.07,0,0,15.5
01556 ,0000235,GERM,8.35,0,0,11.69
01556 ,0000242,SCI ,234,0,0,327.6
01556 ,0000246,DEUT,598.6,0,0,838.04
01556 ,0000247,DEUT,455.1,0,0,637.14
01556 ,0000249,SCI ,198.86025,0,0,278.4
01556 ,0000250,SCI ,222.57875,0,0,311.61
01556 ,0000253,DEUT,521.2125,0,0,729.7
01556 ,0000255,DEUT,442.8,0,0,619.92
01556 ,0000256,SCI ,91.225,0,0,127.72
01556 ,0000257,SCI ,91.225,0,0,127.72
01556 ,0000259,SCI ,261.375,0,0,365.93
01556 ,0000262,SCI ,311.6,0,0,436.24
01556 ,0000265,SCI ,321.85,0,0,450.59
01556 ,0000266,SCI ,429.475,0,0,601.26
01556 ,0000267,SCI ,166.05,0,0,232.47
01556 ,0000268,SCI ,94.3,0,0,132.02
01556 ,0000269,SCI ,94.3,0,0,132.02
01556 ,0000270,SCI ,316.725,0,0,443.42
01556 ,0000292,SCI ,281.875,0,0,394.63
01556 ,0000293,SCI ,79.089,0,0,110.72
01556 ,0000294,SCI ,93.7055,0,0,131.19
01556 ,0000295,SCI ,172.2,0,0,241.08
01556 ,0000296,SCI ,171.175,0,0,239.65
01556 ,0000298,SCI ,283.925,0,0,397.5
01556 ,0000299,SCI ,281.875,0,0,394.63
01556 ,0000300,SCI ,120.95,0,0,169.33
01556 ,0000301,SCI ,176.874,0,0,247.62
01556 ,0000302,SCI ,284.9705,0,0,398.96
01556 ,0000319,SCI ,1.148,0,0,1.61
01556 ,0000323,MIN ,22.24,0,0,31.14
01556 ,0000324,SCI ,56.76,72.25,0,72.25
01556 ,0000340,SCI ,102.3975,166.5,0,143.36
01556 ,0000342,SCI ,35.34,0,0,49.48
01556 ,0000343,SCI ,32.92,0,0,46.09
01556 ,0000345,SCI ,81.18,132,0,113.65
01556 ,0000346,SCI ,46.27875,75.25,0,64.79
01556 ,0000348,SCI ,62.94,0,0,88.12
01556 ,0000349,SCI ,48.12375,0,0,67.37
01556 ,0000350,SCI ,91.47,144.5,0,128.06
01556 ,0000351,SCI ,146.37,238,0,204.92
01556 ,0000352,SCI ,17.51,20,0,20
01556 ,0000353,SCI ,17.2,19.25,0,19.25
01556 ,0000354,SCI ,41.72,0,0,58.41
01556 ,0000355,SCI ,30.04,0,0,42.06
01556 ,0000356,SCI ,191.88,271,0,268.63
01556 ,0000357,SCI ,49.2,74.75,0,68.88
01556 ,0000361,SCI ,24.16,0,0,33.82
01556 ,0000362,SCI ,28.75125,42.5,0,40.25
01556 ,0000364,SCI ,61.51,0,0,86.11
01556 ,0000365,SCI ,116.235,189,0,162.73
01556 ,0000367,SCI ,54.4275,88.5,0,76.2
01556 ,0000389,SCI ,2.85,0,0,3.99
01556 ,0000399,SCI ,461.56,0,0,646.18
01556 ,0000413,STTV,13.6490025,0,0,19.11
01556 ,0000422,L L ,11.30862,0,0,15.83
01556 ,0000486,PHOT,0.97,0,0,1.36
01556 ,0000555,SCI ,2,0,0,2.8
01556 ,0000574,PHOT,11.07999375,12.99,0,12.99
01556 ,0000584,PHOT,15.78,0,0,22.09
01556 ,0000595,PHOT,3.49525,0,0,4.89
01556 ,0000604,MARI,18.928735,19,0,19
01556 ,0000615,PHOT,8.75,0,0,12.25
01556 ,0000623,PHOT,2.583,0,0,3.62
01556 ,0000637,SCI ,8.97,0,0,12.56
01556 ,0000645,STTV,8.74955375,8.99,0,8.99
01556 ,0000650,SCI ,12.63,0,0,17.68
01556 ,0000652,I R ,30.13738,0,0,42.19
01556 ,0000660,SCI ,9.05,0,0,12.67
01556 ,0000677,PHOT,26.18,0,0,36.65
01556 ,0000678,SCI ,15.83,0,0,22.16
01556 ,0000679,PHOT,13.5717175,0,0,19
01556 ,0000682,PHOT,3.6,0,0,5.04
01556 ,0000686,SCI ,12.55,0,0,17.57
01556 ,0000803,SCI ,29.53,0,0,41.34
01556 ,0000805,PHOT,12.13,0,0,16.98
01556 ,0000808,PHOT,5.79125,0,0,8.11
01556 ,0000829,PHOT,3.2595,0,0,4.56
01556 ,0000841,MIN ,2.57275,0,0,3.6
01556 ,0000844,MIN ,1.4965,0,0,2.1
01556 ,0000846,MIN ,1.2095,0,0,1.69
01556 ,0000847,MIN ,1.353,0,0,1.89
01556 ,0000849,MIN ,1.353,0,0,1.89
01556 ,0000850,MIN ,3.38,0,0,4.73
01556 ,0000851,MIN ,3.8976,0,0,5.46
01556 ,0000853,MIN ,3.4645,0,0,4.85
01556 ,0000855,MIN ,3.4645,0,0,4.85
01556 ,0000856,MIN ,5.87,0,0,8.22
01556 ,0000859,PHOT,1.42475,0,0,2
01556 ,0000860,PHOT,5.11475,0,0,7.16
01556 ,0000861,PHOT,1.148,0,0,1.61
01556 ,0000862,PHOT,12.12575,0,0,16.98
01556 ,0000863,PHOT,10.3935,0,0,14.55
01556 ,0000864,PHOT,9.99375,0,0,13.99
01556 ,0000865,PHOT,6.77525,0,0,9.48
01556 ,0000866,PHOT,3.8335,0,0,5.37
01556 ,0000868,PHOT,24.53,0,0,34.34
01556 ,0000870,PHOT,10.4345,0,0,14.61
01556 ,0000872,MARI,10.42425,0,0,14.59
01556 ,0000873,MARI,7.24675,0,0,10.14
01556 ,0000882,SCI ,3.61,0,0,5.05
01556 ,0000886,SCI ,3.7411885,0,0,5.24
01556 ,0000889,SCI ,7.18417,0,0,10.06
01556 ,0000898,PHOT,10.64975,0,0,14.91
01556 ,0000901,PHOT,5.1455,0,0,7.2
01556 ,0000902,PHOT,4.715,0,0,6.6
01556 ,0000903,PHOT,4.469,0,0,6.26
01556 ,0000904,PHOT,4.8995,0,0,6.86
01556 ,0000908,PHOT,4.56125,0,0,6.39
01556 ,0000910,PHOT,6.57,0,0,9.2
01556 ,0000914,PHOT,6.7855,0,0,9.5
01556 ,0000916,PHOT,1.5785,0,0,2.21
01556 ,0000920,PHOT,6.0885,0,0,8.52
01556 ,0000921,SCI ,8.4665,0,0,11.85
01556 ,0000922,PHOT,8.446,0,0,11.82
01556 ,0000924,PHOT,2.83925,0,0,3.98
01556 ,0000925,PHOT,13.54025,0,0,18.96
01556 ,0000926,PHOT,2.132,0,0,2.98
01556 ,0000927,PHOT,10.578,0,0,14.81
01556 ,0000928,PHOT,4.37675,0,0,6.13
01556 ,0000929,PHOT,7.6875,0,0,10.76
01556 ,0000930,PHOT,3.65925,0,0,5.12
01556 ,0000931,PHOT,4.43825,0,0,6.21
01556 ,0000932,PHOT,51.6805,0,0,72.35
01556 ,0000934,PHOT,6.18075,0,0,8.65
01556 ,0000935,PHOT,1.5785,0,0,2.21
01556 ,0000936,PHOT,2.501,0,0,3.5
01556 ,0000938,PHOT,4.90975,0,0,6.87
01556 ,0000940,SCI ,2.14225,0,0,3
01556 ,0000941,PHOT,2.3985,0,0,3.36
01556 ,0000942,PHOT,3.78225,0,0,5.29
01556 ,0000950,PHOT,6.5102875,0,0,9.11
01556 ,0000952,STTV,7.2538225,0,0,10.15
01556 ,0000963,MIN ,2.28375,0,0,3.2
01556 ,0000964,PHOT,6.0885,0,0,8.52
01556 ,0000967,SCI ,37.97,0,0,53.16
01556 ,0000981,PHOT,3.567,0,0,4.99
01556 ,0000982,PHOT,3.567,0,0,4.99
01556 ,0000985,PHOT,3.567,0,0,4.99
01556 ,0000986,PHOT,3.321,0,0,4.65
01556 ,0001001,SCI ,46.89375,76.25,0,65.65
01556 ,0001003,MIN ,2.30625,0,0,3.23
01556 ,0001006,PHOT,27.64425,7,0,7
01556 ,0001021,MIN ,7.37296,0,0,10.32
01556 ,0001022,MIN ,2.42925,0,0,3.4
01556 ,0001024,MIN ,3.76175,0,0,5.27
01556 ,0001028,PHOT,16.00025,0,0,22.4
01556 ,0001036,SCI ,10.11,0,0,14.15
01556 ,0001043,MIN ,2.10125,6.75,6.75,6.75
01556 ,0001045,MIN ,3.4645,0,0,4.85
01556 ,0001046,MIN ,1.9475,1.99,0,1.99
01556 ,0001048,MIN ,2.3165,0,0,3.24
01556 ,0001051,MIN ,3.29025,0,0,4.61
01556 ,0001069,SCI ,10.23,0,0,14.32
01556 ,0001073,SCI ,6.98,0,0,9.77
01556 ,0001074,SCI ,13.05,0,0,18.27
01556 ,0001087,SCI ,14.44225,0,0,20.22
01556 ,0001089,PHOT,10.21925,0,0,14.31
01556 ,0001090,SCI ,0.97,0,0,1.36
01556 ,0001111,PHOT,18.583635,27.5,0,26.02
01556 ,0001112,PHOT,25.625,0,0,35.88
01556 ,0001125,PHOT,29.71475,0,0,41.6
01556 ,0001128,STTV,11.521,0,0,16.13
01556 ,0001129,STTV,13.31475,0,0,18.64
01556 ,0001130,STTV,14.72925,0,0,20.62
01556 ,0001133,STTV,12.6485,0,0,17.71
01556 ,0001134,STTV,14.33975,0,0,20.08
01556 ,0001137,STTV,14.72925,0,0,20.62
01556 ,0001138,STTV,12.6485,0,0,17.71
01556 ,0001141,PHOT,14.33975,0,0,20.08
01583 ,0000102,DEUT,414.1,0,0,621.15
01583 ,0000105,VISI,189.625,0,0,284.44
01583 ,0000106,DEUT,442.8,0,0,664.2
01583 ,0000110,DEUT,455.1,0,0,682.65
01583 ,0000115,DEUT,533,0,0,799.5
01583 ,0000116,DEUT,533,0,0,799.5
01583 ,0000122,SCI ,133.7625,0,0,200.64
01583 ,0000123,DEUT,290.9975,0,0,436.5
01583 ,0000124,PHOT,4.88,0,0,7.32
01583 ,0000125,PHOT,10.3935,0,0,15.59
01583 ,0000128,DEUT,599.625,0,0,899.44
01583 ,0000130,DEUT,442.8,0,0,664.2
01583 ,0000131,DEUT,350.55,759,0,525.83
01583 ,0000133,DEUT,423.325,916,0,634.99
01583 ,0000134,DEUT,313.65,0,0,470.48
01583 ,0000150,GERM,24.28225,0,0,36.42
01583 ,0000156,GERM,9.9835,0,0,14.97
01583 ,0000157,GERM,5.41,0,0,8.12
01583 ,0000161,SCI ,40.07,0,0,60.1
01583 ,0000163,GERM,19.5,0,0,29.25
01583 ,0000179,GERM,25.61475,0,0,38.42
01583 ,0000183,GERM,6.806,0,0,10.21
01583 ,0000184,GERM,1.92,0,0,2.88
01583 ,0000187,GERM,36.31,0,0,54.47
01583 ,0000192,GERM,6.0475,0,0,9.07
01583 ,0000194,GERM,4.85,9,0,7.28
01583 ,0000195,GERM,6.4985,9.24,0,9.24
01583 ,0000226,GERM,6.88,0,0,10.32
01583 ,0000230,GERM,3.53625,0,0,5.3
01583 ,0000233,GERM,6.36525,0,0,9.55
01583 ,0000234,GERM,11.07,0,0,16.61
01583 ,0000235,GERM,8.35,0,0,12.53
01583 ,0000242,SCI ,234,0,0,351
01583 ,0000246,DEUT,598.6,0,0,897.9
01583 ,0000247,DEUT,455.1,0,0,682.65
01583 ,0000249,SCI ,198.86025,0,0,298.29
01583 ,0000250,SCI ,222.57875,0,0,333.87
01583 ,0000253,DEUT,521.2125,0,0,781.82
01583 ,0000255,DEUT,442.8,0,0,664.2
01583 ,0000256,SCI ,91.225,0,0,136.84
01583 ,0000257,SCI ,91.225,0,0,136.84
01583 ,0000259,SCI ,261.375,0,0,392.06
01583 ,0000262,SCI ,311.6,0,0,467.4
01583 ,0000265,SCI ,321.85,0,0,482.77
01583 ,0000266,SCI ,429.475,0,0,644.21
01583 ,0000267,SCI ,166.05,0,0,249.07
01583 ,0000268,SCI ,94.3,0,0,141.45
01583 ,0000269,SCI ,94.3,0,0,141.45
01583 ,0000270,SCI ,316.725,0,0,475.09
01583 ,0000292,SCI ,281.875,0,0,422.81
01583 ,0000293,SCI ,79.089,0,0,118.63
01583 ,0000294,SCI ,93.7055,0,0,140.56
01583 ,0000295,SCI ,172.2,0,0,258.3
01583 ,0000296,SCI ,171.175,0,0,256.76
01583 ,0000298,SCI ,283.925,0,0,425.89
01583 ,0000299,SCI ,281.875,0,0,422.81
01583 ,0000300,SCI ,120.95,0,0,181.43
01583 ,0000301,SCI ,176.874,0,0,265.31
01583 ,0000302,SCI ,284.9705,0,0,427.46
01583 ,0000319,SCI ,1.148,0,0,1.72
01583 ,0000323,MIN ,22.24,0,0,33.36
01583 ,0000324,SCI ,56.76,72.25,0,72.25
01583 ,0000340,SCI ,102.3975,166.5,0,153.6
01583 ,0000342,SCI ,35.34,0,0,53.01
01583 ,0000343,SCI ,32.92,0,0,49.38
01583 ,0000345,SCI ,81.18,132,0,121.77
01583 ,0000346,SCI ,46.27875,75.25,0,69.42
01583 ,0000348,SCI ,62.94,0,0,94.41
01583 ,0000349,SCI ,48.12375,0,0,72.19
01583 ,0000350,SCI ,91.47,144.5,0,137.21
01583 ,0000351,SCI ,146.37,238,0,219.56
01583 ,0000352,SCI ,17.51,20,0,20
01583 ,0000353,SCI ,17.2,19.25,0,19.25
01583 ,0000354,SCI ,41.72,0,0,62.58
01583 ,0000355,SCI ,30.04,0,0,45.06
01583 ,0000356,SCI ,191.88,271,0,271
01583 ,0000357,SCI ,49.2,74.75,0,73.8
01583 ,0000361,SCI ,24.16,0,0,36.24
01583 ,0000362,SCI ,28.75125,42.5,0,42.5
01583 ,0000364,SCI ,61.51,0,0,92.27
01583 ,0000365,SCI ,116.235,189,0,174.35
01583 ,0000367,SCI ,54.4275,88.5,0,81.64
01583 ,0000389,SCI ,2.85,0,0,4.28
01583 ,0000399,SCI ,461.56,0,0,692.34
01583 ,0000413,STTV,13.6490025,0,0,20.47
01583 ,0000422,L L ,11.30862,0,0,16.96
01583 ,0000486,PHOT,0.97,0,0,1.46
01583 ,0000555,SCI ,2,0,0,3
01583 ,0000574,PHOT,11.07999375,12.99,0,12.99
01583 ,0000584,PHOT,15.78,0,0,23.67
01583 ,0000595,PHOT,3.49525,0,0,5.24
01583 ,0000604,MARI,18.928735,19,0,19
01583 ,0000615,PHOT,8.75,0,0,13.13
01583 ,0000623,PHOT,2.583,0,0,3.88
01583 ,0000637,SCI ,8.97,0,0,13.46
01583 ,0000645,STTV,8.74955375,8.99,0,8.99
01583 ,0000650,SCI ,12.63,0,0,18.95
01583 ,0000652,I R ,30.13738,0,0,45.21
01583 ,0000660,SCI ,9.05,0,0,13.57
01583 ,0000677,PHOT,26.18,0,0,39.27
01583 ,0000678,SCI ,15.83,0,0,23.75
01583 ,0000679,PHOT,13.5717175,0,0,20.36
01583 ,0000682,PHOT,3.6,0,0,5.4
01583 ,0000686,SCI ,12.55,0,0,18.82
01583 ,0000803,SCI ,29.53,0,0,44.3
01583 ,0000805,PHOT,12.13,0,0,18.2
01583 ,0000808,PHOT,5.79125,0,0,8.69
01583 ,0000829,PHOT,3.2595,0,0,4.89
01583 ,0000841,MIN ,2.57275,0,0,3.86
01583 ,0000844,MIN ,1.4965,0,0,2.25
01583 ,0000846,MIN ,1.2095,0,0,1.81
01583 ,0000847,MIN ,1.353,0,0,2.03
01583 ,0000849,MIN ,1.353,0,0,2.03
01583 ,0000850,MIN ,3.38,0,0,5.07
01583 ,0000851,MIN ,3.8976,0,0,5.85
01583 ,0000853,MIN ,3.4645,0,0,5.2
01583 ,0000855,MIN ,3.4645,0,0,5.2
01583 ,0000856,MIN ,5.87,0,0,8.8
01583 ,0000859,PHOT,1.42475,0,0,2.14
01583 ,0000860,PHOT,5.11475,0,0,7.67
01583 ,0000861,PHOT,1.148,0,0,1.72
01583 ,0000862,PHOT,12.12575,0,0,18.19
01583 ,0000863,PHOT,10.3935,0,0,15.59
01583 ,0000864,PHOT,9.99375,0,0,14.99
01583 ,0000865,PHOT,6.77525,0,0,10.16
01583 ,0000866,PHOT,3.8335,0,0,5.75
01583 ,0000868,PHOT,24.53,0,0,36.8
01583 ,0000870,PHOT,10.4345,0,0,15.65
01583 ,0000872,MARI,10.42425,0,0,15.64
01583 ,0000873,MARI,7.24675,0,0,10.87
01583 ,0000882,SCI ,3.61,0,0,5.42
01583 ,0000886,SCI ,3.7411885,0,0,5.61
01583 ,0000889,SCI ,7.18417,0,0,10.78
01583 ,0000898,PHOT,10.64975,0,0,15.97
01583 ,0000901,PHOT,5.1455,0,0,7.72
01583 ,0000902,PHOT,4.715,0,0,7.07
01583 ,0000903,PHOT,4.469,0,0,6.7
01583 ,0000904,PHOT,4.8995,0,0,7.35
01583 ,0000908,PHOT,4.56125,0,0,6.84
01583 ,0000910,PHOT,6.57,0,0,9.86
01583 ,0000914,PHOT,6.7855,0,0,10.18
01583 ,0000916,PHOT,1.5785,0,0,2.37
01583 ,0000920,PHOT,6.0885,0,0,9.13
01583 ,0000921,SCI ,8.4665,0,0,12.7
01583 ,0000922,PHOT,8.446,0,0,12.67
01583 ,0000924,PHOT,2.83925,0,0,4.26
01583 ,0000925,PHOT,13.54025,0,0,20.31
01583 ,0000926,PHOT,2.132,0,0,3.2
01583 ,0000927,PHOT,10.578,0,0,15.87
01583 ,0000928,PHOT,4.37675,0,0,6.57
01583 ,0000929,PHOT,7.6875,0,0,11.53
01583 ,0000930,PHOT,3.65925,0,0,5.49
01583 ,0000931,PHOT,4.43825,0,0,6.66
01583 ,0000932,PHOT,51.6805,0,0,77.52
01583 ,0000934,PHOT,6.18075,0,0,9.27
01583 ,0000935,PHOT,1.5785,0,0,2.37
01583 ,0000936,PHOT,2.501,0,0,3.75
01583 ,0000938,PHOT,4.90975,0,0,7.37
01583 ,0000940,SCI ,2.14225,0,0,3.21
01583 ,0000941,PHOT,2.3985,0,0,3.6
01583 ,0000942,PHOT,3.78225,0,0,5.67
01583 ,0000950,PHOT,6.5102875,0,0,9.77
01583 ,0000952,STTV,7.2538225,0,0,10.88
01583 ,0000963,MIN ,2.28375,0,0,3.43
01583 ,0000964,PHOT,6.0885,0,0,9.13
01583 ,0000967,SCI ,37.97,0,0,56.95
01583 ,0000981,PHOT,3.567,0,0,5.35
01583 ,0000982,PHOT,3.567,0,0,5.35
01583 ,0000985,PHOT,3.567,0,0,5.35
01583 ,0000986,PHOT,3.321,0,0,4.98
01583 ,0001001,SCI ,46.89375,76.25,0,70.34
01583 ,0001003,MIN ,2.30625,0,0,3.46
01583 ,0001006,PHOT,27.64425,7,0,7
01583 ,0001021,MIN ,7.37296,0,0,11.06
01583 ,0001022,MIN ,2.42925,0,0,3.64
01583 ,0001024,MIN ,3.76175,0,0,5.64
01583 ,0001028,PHOT,16.00025,0,0,24
01583 ,0001036,SCI ,10.11,0,0,15.16
01583 ,0001043,MIN ,2.10125,6.75,6.75,6.75
01583 ,0001045,MIN ,3.4645,0,0,5.2
01583 ,0001046,MIN ,1.9475,1.99,0,1.99
01583 ,0001048,MIN ,2.3165,0,0,3.48
01583 ,0001051,MIN ,3.29025,0,0,4.93
01583 ,0001069,SCI ,10.23,0,0,15.35
01583 ,0001073,SCI ,6.98,0,0,10.47
01583 ,0001074,SCI ,13.05,0,0,19.57
01583 ,0001087,SCI ,14.44225,0,0,21.66
01583 ,0001089,PHOT,10.21925,0,0,15.33
01583 ,0001090,SCI ,0.97,0,0,1.46
01583 ,0001111,PHOT,18.583635,27.5,0,27.5
01583 ,0001112,PHOT,25.625,0,0,38.44
01583 ,0001125,PHOT,29.71475,0,0,44.57
01583 ,0001128,STTV,11.521,0,0,17.28
01583 ,0001129,STTV,13.31475,0,0,19.97
01583 ,0001130,STTV,14.72925,0,0,22.09
01583 ,0001133,STTV,12.6485,0,0,18.97
01583 ,0001134,STTV,14.33975,0,0,21.51
01583 ,0001137,STTV,14.72925,0,0,22.09
01583 ,0001138,STTV,12.6485,0,0,18.97
01583 ,0001141,PHOT,14.33975,0,0,21.51
01630 ,0000102,DEUT,414.1,0,0,641.86
01630 ,0000105,VISI,189.625,0,0,293.92
01630 ,0000106,DEUT,442.8,0,0,686.34
01630 ,0000110,DEUT,455.1,0,0,705.4
01630 ,0000115,DEUT,533,0,0,826.15
01630 ,0000116,DEUT,533,0,0,826.15
01630 ,0000122,SCI ,133.7625,0,0,207.33
01630 ,0000123,DEUT,290.9975,0,0,451.05
01630 ,0000124,PHOT,4.88,0,0,7.56
01630 ,0000125,PHOT,10.3935,0,0,16.11
01630 ,0000128,DEUT,599.625,0,0,929.42
01630 ,0000130,DEUT,442.8,0,0,686.34
01630 ,0000131,DEUT,350.55,759,0,543.35
01630 ,0000133,DEUT,423.325,916,0,656.15
01630 ,0000134,DEUT,313.65,0,0,486.16
01630 ,0000150,GERM,24.28225,0,0,37.64
01630 ,0000156,GERM,9.9835,0,0,15.47
01630 ,0000157,GERM,5.41,0,0,8.39
01630 ,0000161,SCI ,40.07,0,0,62.11
01630 ,0000163,GERM,19.5,0,0,30.23
01630 ,0000179,GERM,25.61475,0,0,39.7
01630 ,0000183,GERM,6.806,0,0,10.55
01630 ,0000184,GERM,1.92,0,0,2.98
01630 ,0000187,GERM,36.31,0,0,56.28
01630 ,0000192,GERM,6.0475,0,0,9.37
01630 ,0000194,GERM,4.85,9,0,7.52
01630 ,0000195,GERM,6.4985,9.24,0,9.24
01630 ,0000226,GERM,6.88,0,0,10.66
01630 ,0000230,GERM,3.53625,0,0,5.48
01630 ,0000233,GERM,6.36525,0,0,9.87
01630 ,0000234,GERM,11.07,0,0,17.16
01630 ,0000235,GERM,8.35,0,0,12.94
01630 ,0000242,SCI ,234,0,0,362.7
01630 ,0000246,DEUT,598.6,0,0,927.83
01630 ,0000247,DEUT,455.1,0,0,705.4
01630 ,0000249,SCI ,198.86025,0,0,308.23
01630 ,0000250,SCI ,222.57875,0,0,345
01630 ,0000253,DEUT,521.2125,0,0,807.88
01630 ,0000255,DEUT,442.8,0,0,686.34
01630 ,0000256,SCI ,91.225,0,0,141.4
01630 ,0000257,SCI ,91.225,0,0,141.4
01630 ,0000259,SCI ,261.375,0,0,405.13
01630 ,0000262,SCI ,311.6,0,0,482.98
01630 ,0000265,SCI ,321.85,0,0,498.87
01630 ,0000266,SCI ,429.475,0,0,665.69
01630 ,0000267,SCI ,166.05,0,0,257.38
01630 ,0000268,SCI ,94.3,0,0,146.16
01630 ,0000269,SCI ,94.3,0,0,146.16
01630 ,0000270,SCI ,316.725,0,0,490.92
01630 ,0000292,SCI ,281.875,0,0,436.91
01630 ,0000293,SCI ,79.089,0,0,122.59
01630 ,0000294,SCI ,93.7055,0,0,145.24
01630 ,0000295,SCI ,172.2,0,0,266.91
01630 ,0000296,SCI ,171.175,0,0,265.32
01630 ,0000298,SCI ,283.925,0,0,440.08
01630 ,0000299,SCI ,281.875,0,0,436.91
01630 ,0000300,SCI ,120.95,0,0,187.47
01630 ,0000301,SCI ,176.874,0,0,274.15
01630 ,0000302,SCI ,284.9705,0,0,441.7
01630 ,0000319,SCI ,1.148,0,0,1.78
01630 ,0000323,MIN ,22.24,0,0,34.47
01630 ,0000324,SCI ,56.76,72.25,0,72.25
01630 ,0000340,SCI ,102.3975,166.5,0,158.72
01630 ,0000342,SCI ,35.34,0,0,54.78
01630 ,0000343,SCI ,32.92,0,0,51.03
01630 ,0000345,SCI ,81.18,132,0,125.83
01630 ,0000346,SCI ,46.27875,75.25,0,71.73
01630 ,0000348,SCI ,62.94,0,0,97.56
01630 ,0000349,SCI ,48.12375,0,0,74.59
01630 ,0000350,SCI ,91.47,144.5,0,141.78
01630 ,0000351,SCI ,146.37,238,0,226.87
01630 ,0000352,SCI ,17.51,20,0,20
01630 ,0000353,SCI ,17.2,19.25,0,19.25
01630 ,0000354,SCI ,41.72,0,0,64.67
01630 ,0000355,SCI ,30.04,0,0,46.56
01630 ,0000356,SCI ,191.88,271,0,271
01630 ,0000357,SCI ,49.2,74.75,0,74.75
01630 ,0000361,SCI ,24.16,0,0,37.45
01630 ,0000362,SCI ,28.75125,42.5,0,42.5
01630 ,0000364,SCI ,61.51,0,0,95.34
01630 ,0000365,SCI ,116.235,189,0,180.16
01630 ,0000367,SCI ,54.4275,88.5,0,84.36
01630 ,0000389,SCI ,2.85,0,0,4.42
01630 ,0000399,SCI ,461.56,0,0,715.42
01630 ,0000413,STTV,13.6490025,0,0,21.16
01630 ,0000422,L L ,11.30862,0,0,17.53
01630 ,0000486,PHOT,0.97,0,0,1.5
01630 ,0000555,SCI ,2,0,0,3.1
01630 ,0000574,PHOT,11.07999375,12.99,0,12.99
01630 ,0000584,PHOT,15.78,0,0,24.46
01630 ,0000595,PHOT,3.49525,0,0,5.42
01630 ,0000604,MARI,18.928735,19,0,19
01630 ,0000615,PHOT,8.75,0,0,13.56
01630 ,0000623,PHOT,2.583,0,0,4
01630 ,0000637,SCI ,8.97,0,0,13.9
01630 ,0000645,STTV,8.74955375,8.99,0,8.99
01630 ,0000650,SCI ,12.63,0,0,19.58
01630 ,0000652,I R ,30.13738,0,0,46.71
01630 ,0000660,SCI ,9.05,0,0,14.03
01630 ,0000677,PHOT,26.18,0,0,40.58
01630 ,0000678,SCI ,15.83,0,0,24.54
01630 ,0000679,PHOT,13.5717175,0,0,21.04
01630 ,0000682,PHOT,3.6,0,0,5.58
01630 ,0000686,SCI ,12.55,0,0,19.45
01630 ,0000803,SCI ,29.53,0,0,45.77
01630 ,0000805,PHOT,12.13,0,0,18.8
01630 ,0000808,PHOT,5.79125,0,0,8.98
01630 ,0000829,PHOT,3.2595,0,0,5.05
01630 ,0000841,MIN ,2.57275,0,0,3.99
01630 ,0000844,MIN ,1.4965,0,0,2.32
01630 ,0000846,MIN ,1.2095,0,0,1.88
01630 ,0000847,MIN ,1.353,0,0,2.1
01630 ,0000849,MIN ,1.353,0,0,2.1
01630 ,0000850,MIN ,3.38,0,0,5.24
01630 ,0000851,MIN ,3.8976,0,0,6.04
01630 ,0000853,MIN ,3.4645,0,0,5.37
01630 ,0000855,MIN ,3.4645,0,0,5.37
01630 ,0000856,MIN ,5.87,0,0,9.1
01630 ,0000859,PHOT,1.42475,0,0,2.21
01630 ,0000860,PHOT,5.11475,0,0,7.93
01630 ,0000861,PHOT,1.148,0,0,1.78
01630 ,0000862,PHOT,12.12575,0,0,18.8
01630 ,0000863,PHOT,10.3935,0,0,16.11
01630 ,0000864,PHOT,9.99375,0,0,15.49
01630 ,0000865,PHOT,6.77525,0,0,10.5
01630 ,0000866,PHOT,3.8335,0,0,5.94
01630 ,0000868,PHOT,24.53,0,0,38.02
01630 ,0000870,PHOT,10.4345,0,0,16.17
01630 ,0000872,MARI,10.42425,0,0,16.16
01630 ,0000873,MARI,7.24675,0,0,11.23
01630 ,0000882,SCI ,3.61,0,0,5.59
01630 ,0000886,SCI ,3.7411885,0,0,5.8
01630 ,0000889,SCI ,7.18417,0,0,11.13
01630 ,0000898,PHOT,10.64975,0,0,16.51
01630 ,0000901,PHOT,5.1455,0,0,7.98
01630 ,0000902,PHOT,4.715,0,0,7.31
01630 ,0000903,PHOT,4.469,0,0,6.93
01630 ,0000904,PHOT,4.8995,0,0,7.59
01630 ,0000908,PHOT,4.56125,0,0,7.07
01630 ,0000910,PHOT,6.57,0,0,10.18
01630 ,0000914,PHOT,6.7855,0,0,10.52
01630 ,0000916,PHOT,1.5785,0,0,2.45
01630 ,0000920,PHOT,6.0885,0,0,9.44
01630 ,0000921,SCI ,8.4665,0,0,13.12
01630 ,0000922,PHOT,8.446,0,0,13.09
01630 ,0000924,PHOT,2.83925,0,0,4.4
01630 ,0000925,PHOT,13.54025,0,0,20.99
01630 ,0000926,PHOT,2.132,0,0,3.31
01630 ,0000927,PHOT,10.578,0,0,16.4
01630 ,0000928,PHOT,4.37675,0,0,6.78
01630 ,0000929,PHOT,7.6875,0,0,11.92
01630 ,0000930,PHOT,3.65925,0,0,5.67
01630 ,0000931,PHOT,4.43825,0,0,6.88
01630 ,0000932,PHOT,51.6805,0,0,80.11
01630 ,0000934,PHOT,6.18075,0,0,9.58
01630 ,0000935,PHOT,1.5785,0,0,2.45
01630 ,0000936,PHOT,2.501,0,0,3.88
01630 ,0000938,PHOT,4.90975,0,0,7.61
01630 ,0000940,SCI ,2.14225,0,0,3.32
01630 ,0000941,PHOT,2.3985,0,0,3.72
01630 ,0000942,PHOT,3.78225,0,0,5.86
01630 ,0000950,PHOT,6.5102875,0,0,10.09
01630 ,0000952,STTV,7.2538225,0,0,11.24
01630 ,0000963,MIN ,2.28375,0,0,3.54
01630 ,0000964,PHOT,6.0885,0,0,9.44
01630 ,0000967,SCI ,37.97,0,0,58.85
01630 ,0000981,PHOT,3.567,0,0,5.53
01630 ,0000982,PHOT,3.567,0,0,5.53
01630 ,0000985,PHOT,3.567,0,0,5.53
01630 ,0000986,PHOT,3.321,0,0,5.15
01630 ,0001001,SCI ,46.89375,76.25,0,72.69
01630 ,0001003,MIN ,2.30625,0,0,3.58
01630 ,0001006,PHOT,27.64425,7,0,7
01630 ,0001021,MIN ,7.37296,0,0,11.43
01630 ,0001022,MIN ,2.42925,0,0,3.77
01630 ,0001024,MIN ,3.76175,0,0,5.83
01630 ,0001028,PHOT,16.00025,0,0,24.8
01630 ,0001036,SCI ,10.11,0,0,15.67
01630 ,0001043,MIN ,2.10125,6.75,6.75,6.75
01630 ,0001045,MIN ,3.4645,0,0,5.37
01630 ,0001046,MIN ,1.9475,1.99,0,1.99
01630 ,0001048,MIN ,2.3165,0,0,3.59
01630 ,0001051,MIN ,3.29025,0,0,5.1
01630 ,0001069,SCI ,10.23,0,0,15.86
01630 ,0001073,SCI ,6.98,0,0,10.82
01630 ,0001074,SCI ,13.05,0,0,20.23
01630 ,0001087,SCI ,14.44225,0,0,22.39
01630 ,0001089,PHOT,10.21925,0,0,15.84
01630 ,0001090,SCI ,0.97,0,0,1.5
01630 ,0001111,PHOT,18.583635,27.5,0,27.5
01630 ,0001112,PHOT,25.625,0,0,39.72
01630 ,0001125,PHOT,29.71475,0,0,46.06
01630 ,0001128,STTV,11.521,0,0,17.86
01630 ,0001129,STTV,13.31475,0,0,20.64
01630 ,0001130,STTV,14.72925,0,0,22.83
01630 ,0001133,STTV,12.6485,0,0,19.61
01630 ,0001134,STTV,14.33975,0,0,22.23
01630 ,0001137,STTV,14.72925,0,0,22.83
01630 ,0001138,STTV,12.6485,0,0,19.61
01630 ,0001141,PHOT,14.33975,0,0,22.23
01706 ,0000102,DEUT,414.1,0,0,641.86
01706 ,0000105,VISI,189.625,0,0,293.92
01706 ,0000106,DEUT,442.8,0,0,686.34
01706 ,0000110,DEUT,455.1,0,0,705.4
01706 ,0000115,DEUT,533,0,0,826.15
01706 ,0000116,DEUT,533,0,0,826.15
01706 ,0000122,SCI ,133.7625,0,0,207.33
01706 ,0000123,DEUT,290.9975,0,0,451.05
01706 ,0000124,PHOT,4.88,0,0,7.56
01706 ,0000125,PHOT,10.3935,0,0,16.11
01706 ,0000128,DEUT,599.625,0,0,929.42
01706 ,0000130,DEUT,442.8,0,0,686.34
01706 ,0000131,DEUT,350.55,759,0,543.35
01706 ,0000133,DEUT,423.325,916,0,656.15
01706 ,0000134,DEUT,313.65,0,0,486.16
01706 ,0000150,GERM,24.28225,0,0,37.64
01706 ,0000156,GERM,9.9835,0,0,15.47
01706 ,0000157,GERM,5.41,0,0,8.39
01706 ,0000161,SCI ,40.07,0,0,62.11
01706 ,0000163,GERM,19.5,0,0,30.23
01706 ,0000179,GERM,25.61475,0,0,39.7
01706 ,0000183,GERM,6.806,0,0,10.55
01706 ,0000184,GERM,1.92,0,0,2.98
01706 ,0000187,GERM,36.31,0,0,56.28
01706 ,0000192,GERM,6.0475,0,0,9.37
01706 ,0000194,GERM,4.85,9,0,7.52
01706 ,0000195,GERM,6.4985,9.24,0,9.24
01706 ,0000226,GERM,6.88,0,0,10.66
01706 ,0000230,GERM,3.53625,0,0,5.48
01706 ,0000233,GERM,6.36525,0,0,9.87
01706 ,0000234,GERM,11.07,0,0,17.16
01706 ,0000235,GERM,8.35,0,0,12.94
01706 ,0000242,SCI ,234,0,0,362.7
01706 ,0000246,DEUT,598.6,0,0,927.83
01706 ,0000247,DEUT,455.1,0,0,705.4
01706 ,0000249,SCI ,198.86025,0,0,308.23
01706 ,0000250,SCI ,222.57875,0,0,345
01706 ,0000253,DEUT,521.2125,0,0,807.88
01706 ,0000255,DEUT,442.8,0,0,686.34
01706 ,0000256,SCI ,91.225,0,0,141.4
01706 ,0000257,SCI ,91.225,0,0,141.4
01706 ,0000259,SCI ,261.375,0,0,405.13
01706 ,0000262,SCI ,311.6,0,0,482.98
01706 ,0000265,SCI ,321.85,0,0,498.87
01706 ,0000266,SCI ,429.475,0,0,665.69
01706 ,0000267,SCI ,166.05,0,0,257.38
01706 ,0000268,SCI ,94.3,0,0,146.16
01706 ,0000269,SCI ,94.3,0,0,146.16
01706 ,0000270,SCI ,316.725,0,0,490.92
01706 ,0000292,SCI ,281.875,0,0,436.91
01706 ,0000293,SCI ,79.089,0,0,122.59
01706 ,0000294,SCI ,93.7055,0,0,145.24
01706 ,0000295,SCI ,172.2,0,0,266.91
01706 ,0000296,SCI ,171.175,0,0,265.32
01706 ,0000298,SCI ,283.925,0,0,440.08
01706 ,0000299,SCI ,281.875,0,0,436.91
01706 ,0000300,SCI ,120.95,0,0,187.47
01706 ,0000301,SCI ,176.874,0,0,274.15
01706 ,0000302,SCI ,284.9705,0,0,441.7
01706 ,0000319,SCI ,1.148,0,0,1.78
01706 ,0000323,MIN ,22.24,0,0,34.47
01706 ,0000324,SCI ,56.76,72.25,0,72.25
01706 ,0000340,SCI ,102.3975,166.5,0,158.72
01706 ,0000342,SCI ,35.34,0,0,54.78
01706 ,0000343,SCI ,32.92,0,0,51.03
01706 ,0000345,SCI ,81.18,132,0,125.83
01706 ,0000346,SCI ,46.27875,75.25,0,71.73
01706 ,0000348,SCI ,62.94,0,0,97.56
01706 ,0000349,SCI ,48.12375,0,0,74.59
01706 ,0000350,SCI ,91.47,144.5,0,141.78
01706 ,0000351,SCI ,146.37,238,0,226.87
01706 ,0000352,SCI ,17.51,20,0,20
01706 ,0000353,SCI ,17.2,19.25,0,19.25
01706 ,0000354,SCI ,41.72,0,0,64.67
01706 ,0000355,SCI ,30.04,0,0,46.56
01706 ,0000356,SCI ,191.88,271,0,271
01706 ,0000357,SCI ,49.2,74.75,0,74.75
01706 ,0000361,SCI ,24.16,0,0,37.45
01706 ,0000362,SCI ,28.75125,42.5,0,42.5
01706 ,0000364,SCI ,61.51,0,0,95.34
01706 ,0000365,SCI ,116.235,189,0,180.16
01706 ,0000367,SCI ,54.4275,88.5,0,84.36
01706 ,0000389,SCI ,2.85,0,0,4.42
01706 ,0000399,SCI ,461.56,0,0,715.42
01706 ,0000413,STTV,13.6490025,0,0,21.16
01706 ,0000422,L L ,11.30862,0,0,17.53
01706 ,0000486,PHOT,0.97,0,0,1.5
01706 ,0000555,SCI ,2,0,0,3.1
01706 ,0000574,PHOT,11.07999375,12.99,0,12.99
01706 ,0000584,PHOT,15.78,0,0,24.46
01706 ,0000595,PHOT,3.49525,0,0,5.42
01706 ,0000604,MARI,18.928735,19,0,19
01706 ,0000615,PHOT,8.75,0,0,13.56
01706 ,0000623,PHOT,2.583,0,0,4
01706 ,0000637,SCI ,8.97,0,0,13.9
01706 ,0000645,STTV,8.74955375,8.99,0,8.99
01706 ,0000650,SCI ,12.63,0,0,19.58
01706 ,0000652,I R ,30.13738,0,0,46.71
01706 ,0000660,SCI ,9.05,0,0,14.03
01706 ,0000677,PHOT,26.18,0,0,40.58
01706 ,0000678,SCI ,15.83,0,0,24.54
01706 ,0000679,PHOT,13.5717175,0,0,21.04
01706 ,0000682,PHOT,3.6,0,0,5.58
01706 ,0000686,SCI ,12.55,0,0,19.45
01706 ,0000803,SCI ,29.53,0,0,45.77
01706 ,0000805,PHOT,12.13,0,0,18.8
01706 ,0000808,PHOT,5.79125,0,0,8.98
01706 ,0000829,PHOT,3.2595,0,0,5.05
01706 ,0000841,MIN ,2.57275,0,0,3.99
01706 ,0000844,MIN ,1.4965,0,0,2.32
01706 ,0000846,MIN ,1.2095,0,0,1.88
01706 ,0000847,MIN ,1.353,0,0,2.1
01706 ,0000849,MIN ,1.353,0,0,2.1
01706 ,0000850,MIN ,3.38,0,0,5.24
01706 ,0000851,MIN ,3.8976,0,0,6.04
01706 ,0000853,MIN ,3.4645,0,0,5.37
01706 ,0000855,MIN ,3.4645,0,0,5.37
01706 ,0000856,MIN ,5.87,0,0,9.1
01706 ,0000859,PHOT,1.42475,0,0,2.21
01706 ,0000860,PHOT,5.11475,0,0,7.93
01706 ,0000861,PHOT,1.148,0,0,1.78
01706 ,0000862,PHOT,12.12575,0,0,18.8
01706 ,0000863,PHOT,10.3935,0,0,16.11
01706 ,0000864,PHOT,9.99375,0,0,15.49
01706 ,0000865,PHOT,6.77525,0,0,10.5
01706 ,0000866,PHOT,3.8335,0,0,5.94
01706 ,0000868,PHOT,24.53,0,0,38.02
01706 ,0000870,PHOT,10.4345,0,0,16.17
01706 ,0000872,MARI,10.42425,0,0,16.16
01706 ,0000873,MARI,7.24675,0,0,11.23
01706 ,0000882,SCI ,3.61,0,0,5.59
01706 ,0000886,SCI ,3.7411885,0,0,5.8
01706 ,0000889,SCI ,7.18417,0,0,11.13
01706 ,0000898,PHOT,10.64975,0,0,16.51
01706 ,0000901,PHOT,5.1455,0,0,7.98
01706 ,0000902,PHOT,4.715,0,0,7.31
01706 ,0000903,PHOT,4.469,0,0,6.93
01706 ,0000904,PHOT,4.8995,0,0,7.59
01706 ,0000908,PHOT,4.56125,0,0,7.07
01706 ,0000910,PHOT,6.57,0,0,10.18
01706 ,0000914,PHOT,6.7855,0,0,10.52
01706 ,0000916,PHOT,1.5785,0,0,2.45
01706 ,0000920,PHOT,6.0885,0,0,9.44
01706 ,0000921,SCI ,8.4665,0,0,13.12
01706 ,0000922,PHOT,8.446,0,0,13.09
01706 ,0000924,PHOT,2.83925,0,0,4.4
01706 ,0000925,PHOT,13.54025,0,0,20.99
01706 ,0000926,PHOT,2.132,0,0,3.31
01706 ,0000927,PHOT,10.578,0,0,16.4
01706 ,0000928,PHOT,4.37675,0,0,6.78
01706 ,0000929,PHOT,7.6875,0,0,11.92
01706 ,0000930,PHOT,3.65925,0,0,5.67
01706 ,0000931,PHOT,4.43825,0,0,6.88
01706 ,0000932,PHOT,51.6805,0,0,80.11
01706 ,0000934,PHOT,6.18075,0,0,9.58
01706 ,0000935,PHOT,1.5785,0,0,2.45
01706 ,0000936,PHOT,2.501,0,0,3.88
01706 ,0000938,PHOT,4.90975,0,0,7.61
01706 ,0000940,SCI ,2.14225,0,0,3.32
01706 ,0000941,PHOT,2.3985,0,0,3.72
01706 ,0000942,PHOT,3.78225,0,0,5.86
01706 ,0000950,PHOT,6.5102875,0,0,10.09
01706 ,0000952,STTV,7.2538225,0,0,11.24
01706 ,0000963,MIN ,2.28375,0,0,3.54
01706 ,0000964,PHOT,6.0885,0,0,9.44
01706 ,0000967,SCI ,37.97,0,0,58.85
01706 ,0000981,PHOT,3.567,0,0,5.53
01706 ,0000982,PHOT,3.567,0,0,5.53
01706 ,0000985,PHOT,3.567,0,0,5.53
01706 ,0000986,PHOT,3.321,0,0,5.15
01706 ,0001001,SCI ,46.89375,76.25,0,72.69
01706 ,0001003,MIN ,2.30625,0,0,3.58
01706 ,0001006,PHOT,27.64425,7,0,7
01706 ,0001021,MIN ,7.37296,0,0,11.43
01706 ,0001022,MIN ,2.42925,0,0,3.77
01706 ,0001024,MIN ,3.76175,0,0,5.83
01706 ,0001028,PHOT,16.00025,0,0,24.8
01706 ,0001036,SCI ,10.11,0,0,15.67
01706 ,0001043,MIN ,2.10125,6.75,6.75,6.75
01706 ,0001045,MIN ,3.4645,0,0,5.37
01706 ,0001046,MIN ,1.9475,1.99,0,1.99
01706 ,0001048,MIN ,2.3165,0,0,3.59
01706 ,0001051,MIN ,3.29025,0,0,5.1
01706 ,0001069,SCI ,10.23,0,0,15.86
01706 ,0001073,SCI ,6.98,0,0,10.82
01706 ,0001074,SCI ,13.05,0,0,20.23
01706 ,0001087,SCI ,14.44225,0,0,22.39
01706 ,0001089,PHOT,10.21925,0,0,15.84
01706 ,0001090,SCI ,0.97,0,0,1.5
01706 ,0001111,PHOT,18.583635,27.5,0,27.5
01706 ,0001112,PHOT,25.625,0,0,39.72
01706 ,0001125,PHOT,29.71475,0,0,46.06
01706 ,0001128,STTV,11.521,0,0,17.86
01706 ,0001129,STTV,13.31475,0,0,20.64
01706 ,0001130,STTV,14.72925,0,0,22.83
01706 ,0001133,STTV,12.6485,0,0,19.61
01706 ,0001134,STTV,14.33975,0,0,22.23
01706 ,0001137,STTV,14.72925,0,0,22.83
01706 ,0001138,STTV,12.6485,0,0,19.61
01706 ,0001141,PHOT,14.33975,0,0,22.23
01742 ,0000102,DEUT,414.1,0,0,662.56
01742 ,0000105,VISI,189.625,0,0,303.4
01742 ,0000106,DEUT,442.8,0,0,708.48
01742 ,0000110,DEUT,455.1,0,0,728.16
01742 ,0000115,DEUT,533,0,0,852.8
01742 ,0000116,DEUT,533,0,0,852.8
01742 ,0000122,SCI ,133.7625,0,0,214.02
01742 ,0000123,DEUT,290.9975,0,0,465.6
01742 ,0000124,PHOT,4.88,0,0,7.81
01742 ,0000125,PHOT,10.3935,0,0,16.63
01742 ,0000128,DEUT,599.625,0,0,959.4
01742 ,0000130,DEUT,442.8,0,0,708.48
01742 ,0000131,DEUT,350.55,759,0,560.88
01742 ,0000133,DEUT,423.325,916,0,677.32
01742 ,0000134,DEUT,313.65,0,0,501.84
01742 ,0000150,GERM,24.28225,0,0,38.85
01742 ,0000156,GERM,9.9835,0,0,15.97
01742 ,0000157,GERM,5.41,0,0,8.66
01742 ,0000161,SCI ,40.07,0,0,64.11
01742 ,0000163,GERM,19.5,0,0,31.2
01742 ,0000179,GERM,25.61475,0,0,40.98
01742 ,0000183,GERM,6.806,0,0,10.89
01742 ,0000184,GERM,1.92,0,0,3.07
01742 ,0000187,GERM,36.31,0,0,58.1
01742 ,0000192,GERM,6.0475,0,0,9.68
01742 ,0000194,GERM,4.85,9,0,7.76
01742 ,0000195,GERM,6.4985,9.24,0,9.24
01742 ,0000226,GERM,6.88,0,0,11.01
01742 ,0000230,GERM,3.53625,0,0,5.66
01742 ,0000233,GERM,6.36525,0,0,10.18
01742 ,0000234,GERM,11.07,0,0,17.71
01742 ,0000235,GERM,8.35,0,0,13.36
01742 ,0000242,SCI ,234,0,0,374.4
01742 ,0000246,DEUT,598.6,0,0,957.76
01742 ,0000247,DEUT,455.1,0,0,728.16
01742 ,0000249,SCI ,198.86025,0,0,318.18
01742 ,0000250,SCI ,222.57875,0,0,356.13
01742 ,0000253,DEUT,521.2125,0,0,833.94
01742 ,0000255,DEUT,442.8,0,0,708.48
01742 ,0000256,SCI ,91.225,0,0,145.96
01742 ,0000257,SCI ,91.225,0,0,145.96
01742 ,0000259,SCI ,261.375,0,0,418.2
01742 ,0000262,SCI ,311.6,0,0,498.56
01742 ,0000265,SCI ,321.85,0,0,514.96
01742 ,0000266,SCI ,429.475,0,0,687.16
01742 ,0000267,SCI ,166.05,0,0,265.68
01742 ,0000268,SCI ,94.3,0,0,150.88
01742 ,0000269,SCI ,94.3,0,0,150.88
01742 ,0000270,SCI ,316.725,0,0,506.76
01742 ,0000292,SCI ,281.875,0,0,451
01742 ,0000293,SCI ,79.089,0,0,126.54
01742 ,0000294,SCI ,93.7055,0,0,149.93
01742 ,0000295,SCI ,172.2,0,0,275.52
01742 ,0000296,SCI ,171.175,0,0,273.88
01742 ,0000298,SCI ,283.925,0,0,454.28
01742 ,0000299,SCI ,281.875,0,0,451
01742 ,0000300,SCI ,120.95,0,0,193.52
01742 ,0000301,SCI ,176.874,0,0,283
01742 ,0000302,SCI ,284.9705,0,0,455.95
01742 ,0000319,SCI ,1.148,0,0,1.84
01742 ,0000323,MIN ,22.24,0,0,35.58
01742 ,0000324,SCI ,56.76,72.25,0,72.25
01742 ,0000340,SCI ,102.3975,166.5,0,163.84
01742 ,0000342,SCI ,35.34,0,0,56.54
01742 ,0000343,SCI ,32.92,0,0,52.67
01742 ,0000345,SCI ,81.18,132,0,129.89
01742 ,0000346,SCI ,46.27875,75.25,0,74.05
01742 ,0000348,SCI ,62.94,0,0,100.7
01742 ,0000349,SCI ,48.12375,0,0,77
01742 ,0000350,SCI ,91.47,144.5,0,144.5
01742 ,0000351,SCI ,146.37,238,0,234.19
01742 ,0000352,SCI ,17.51,20,0,20
01742 ,0000353,SCI ,17.2,19.25,0,19.25
01742 ,0000354,SCI ,41.72,0,0,66.75
01742 ,0000355,SCI ,30.04,0,0,48.06
01742 ,0000356,SCI ,191.88,271,0,271
01742 ,0000357,SCI ,49.2,74.75,0,74.75
01742 ,0000361,SCI ,24.16,0,0,38.66
01742 ,0000362,SCI ,28.75125,42.5,0,42.5
01742 ,0000364,SCI ,61.51,0,0,98.42
01742 ,0000365,SCI ,116.235,189,0,185.98
01742 ,0000367,SCI ,54.4275,88.5,0,87.08
01742 ,0000389,SCI ,2.85,0,0,4.56
01742 ,0000399,SCI ,461.56,0,0,738.5
01742 ,0000413,STTV,13.6490025,0,0,21.84
01742 ,0000422,L L ,11.30862,0,0,18.09
01742 ,0000486,PHOT,0.97,0,0,1.55
01742 ,0000555,SCI ,2,0,0,3.2
01742 ,0000574,PHOT,11.07999375,12.99,0,12.99
01742 ,0000584,PHOT,15.78,0,0,25.25
01742 ,0000595,PHOT,3.49525,0,0,5.59
01742 ,0000604,MARI,18.928735,19,0,19
01742 ,0000615,PHOT,8.75,0,0,14
01742 ,0000623,PHOT,2.583,0,0,4.13
01742 ,0000637,SCI ,8.97,0,0,14.35
01742 ,0000645,STTV,8.74955375,8.99,0,8.99
01742 ,0000650,SCI ,12.63,0,0,20.21
01742 ,0000652,I R ,30.13738,0,0,46.71
01742 ,0000660,SCI ,9.05,0,0,14.48
01742 ,0000677,PHOT,26.18,0,0,41.89
01742 ,0000678,SCI ,15.83,0,0,25.33
01742 ,0000679,PHOT,13.5717175,0,0,21.71
01742 ,0000682,PHOT,3.6,0,0,5.76
01742 ,0000686,SCI ,12.55,0,0,20.08
01742 ,0000803,SCI ,29.53,0,0,47.25
01742 ,0000805,PHOT,12.13,0,0,19.41
01742 ,0000808,PHOT,5.79125,0,0,9.27
01742 ,0000829,PHOT,3.2595,0,0,5.21
01742 ,0000841,MIN ,2.57275,0,0,4.12
01742 ,0000844,MIN ,1.4965,0,0,2.39
01742 ,0000846,MIN ,1.2095,0,0,1.94
01742 ,0000847,MIN ,1.353,0,0,2.17
01742 ,0000849,MIN ,1.353,0,0,2.17
01742 ,0000850,MIN ,3.38,0,0,5.41
01742 ,0000851,MIN ,3.8976,0,0,6.24
01742 ,0000853,MIN ,3.4645,0,0,5.54
01742 ,0000855,MIN ,3.4645,0,0,5.54
01742 ,0000856,MIN ,5.87,0,0,9.39
01742 ,0000859,PHOT,1.42475,0,0,2.28
01742 ,0000860,PHOT,5.11475,0,0,8.18
01742 ,0000861,PHOT,1.148,0,0,1.84
01742 ,0000862,PHOT,12.12575,0,0,19.4
01742 ,0000863,PHOT,10.3935,0,0,16.63
01742 ,0000864,PHOT,9.99375,0,0,15.99
01742 ,0000865,PHOT,6.77525,0,0,10.84
01742 ,0000866,PHOT,3.8335,0,0,6.13
01742 ,0000868,PHOT,24.53,0,0,39.25
01742 ,0000870,PHOT,10.4345,0,0,16.7
01742 ,0000872,MARI,10.42425,0,0,16.68
01742 ,0000873,MARI,7.24675,0,0,11.6
01742 ,0000882,SCI ,3.61,0,0,5.78
01742 ,0000886,SCI ,3.7411885,0,0,5.99
01742 ,0000889,SCI ,7.18417,0,0,11.49
01742 ,0000898,PHOT,10.64975,0,0,17.04
01742 ,0000901,PHOT,5.1455,0,0,8.23
01742 ,0000902,PHOT,4.715,0,0,7.54
01742 ,0000903,PHOT,4.469,0,0,7.15
01742 ,0000904,PHOT,4.8995,0,0,7.84
01742 ,0000908,PHOT,4.56125,0,0,7.3
01742 ,0000910,PHOT,6.57,0,0,10.51
01742 ,0000914,PHOT,6.7855,0,0,10.86
01742 ,0000916,PHOT,1.5785,0,0,2.53
01742 ,0000920,PHOT,6.0885,0,0,9.74
01742 ,0000921,SCI ,8.4665,0,0,13.55
01742 ,0000922,PHOT,8.446,0,0,13.51
01742 ,0000924,PHOT,2.83925,0,0,4.54
01742 ,0000925,PHOT,13.54025,0,0,21.66
01742 ,0000926,PHOT,2.132,0,0,3.41
01742 ,0000927,PHOT,10.578,0,0,16.93
01742 ,0000928,PHOT,4.37675,0,0,7
01742 ,0000929,PHOT,7.6875,0,0,12.3
01742 ,0000930,PHOT,3.65925,0,0,5.86
01742 ,0000931,PHOT,4.43825,0,0,7.1
01742 ,0000932,PHOT,51.6805,0,0,82.69
01742 ,0000934,PHOT,6.18075,0,0,9.89
01742 ,0000935,PHOT,1.5785,0,0,2.53
01742 ,0000936,PHOT,2.501,0,0,4
01742 ,0000938,PHOT,4.90975,0,0,7.86
01742 ,0000940,SCI ,2.14225,0,0,3.43
01742 ,0000941,PHOT,2.3985,0,0,3.84
01742 ,0000942,PHOT,3.78225,0,0,6.05
01742 ,0000950,PHOT,6.5102875,0,0,10.42
01742 ,0000952,STTV,7.2538225,0,0,11.61
01742 ,0000963,MIN ,2.28375,0,0,3.65
01742 ,0000964,PHOT,6.0885,0,0,9.74
01742 ,0000967,SCI ,37.97,0,0,60.75
01742 ,0000981,PHOT,3.567,0,0,5.71
01742 ,0000982,PHOT,3.567,0,0,5.71
01742 ,0000985,PHOT,3.567,0,0,5.71
01742 ,0000986,PHOT,3.321,0,0,5.31
01742 ,0001001,SCI ,46.89375,76.25,0,75.03
01742 ,0001003,MIN ,2.30625,0,0,3.69
01742 ,0001006,PHOT,27.64425,7,0,7
01742 ,0001021,MIN ,7.37296,0,0,11.8
01742 ,0001022,MIN ,2.42925,0,0,3.89
01742 ,0001024,MIN ,3.76175,0,0,6.02
01742 ,0001028,PHOT,16.00025,0,0,25.6
01742 ,0001036,SCI ,10.11,0,0,16.18
01742 ,0001043,MIN ,2.10125,6.75,6.75,6.75
01742 ,0001045,MIN ,3.4645,0,0,5.54
01742 ,0001046,MIN ,1.9475,1.99,0,1.99
01742 ,0001048,MIN ,2.3165,0,0,3.71
01742 ,0001051,MIN ,3.29025,0,0,5.26
01742 ,0001069,SCI ,10.23,0,0,16.37
01742 ,0001073,SCI ,6.98,0,0,11.17
01742 ,0001074,SCI ,13.05,0,0,20.88
01742 ,0001087,SCI ,14.44225,0,0,23.11
01742 ,0001089,PHOT,10.21925,0,0,16.35
01742 ,0001090,SCI ,0.97,0,0,1.55
01742 ,0001111,PHOT,18.583635,27.5,0,27.5
01742 ,0001112,PHOT,25.625,0,0,41
01742 ,0001125,PHOT,29.71475,0,0,47.54
01742 ,0001128,STTV,11.521,0,0,18.43
01742 ,0001129,STTV,13.31475,0,0,21.3
01742 ,0001130,STTV,14.72925,0,0,23.57
01742 ,0001133,STTV,12.6485,0,0,20.24
01742 ,0001134,STTV,14.33975,0,0,22.94
01742 ,0001137,STTV,14.72925,0,0,23.57
01742 ,0001138,STTV,12.6485,0,0,20.24
01742 ,0001141,PHOT,14.33975,0,0,22.94
01865 ,0000102,DEUT,414.1,0,0,621.15
01865 ,0000105,VISI,189.625,0,0,284.44
01865 ,0000106,DEUT,442.8,0,0,664.2
01865 ,0000110,DEUT,455.1,0,0,682.65
01865 ,0000115,DEUT,533,0,0,799.5
01865 ,0000116,DEUT,533,0,0,799.5
01865 ,0000122,SCI ,133.7625,0,0,200.64
01865 ,0000123,DEUT,290.9975,0,0,436.5
01865 ,0000124,PHOT,4.88,0,0,7.32
01865 ,0000125,PHOT,10.3935,0,0,15.59
01865 ,0000128,DEUT,599.625,0,0,899.44
01865 ,0000130,DEUT,442.8,0,0,664.2
01865 ,0000131,DEUT,350.55,759,0,525.83
01865 ,0000133,DEUT,423.325,916,0,634.99
01865 ,0000134,DEUT,313.65,0,0,470.48
01865 ,0000150,GERM,24.28225,0,0,36.42
01865 ,0000156,GERM,9.9835,0,0,14.97
01865 ,0000157,GERM,5.41,0,0,8.12
01865 ,0000161,SCI ,40.07,0,0,60.1
01865 ,0000163,GERM,19.5,0,0,29.25
01865 ,0000179,GERM,25.61475,0,0,38.42
01865 ,0000183,GERM,6.806,0,0,10.21
01865 ,0000184,GERM,1.92,0,0,2.88
01865 ,0000187,GERM,36.31,0,0,54.47
01865 ,0000192,GERM,6.0475,0,0,9.07
01865 ,0000194,GERM,4.85,9,0,7.28
01865 ,0000195,GERM,6.4985,9.24,0,9.24
01865 ,0000226,GERM,6.88,0,0,10.32
01865 ,0000230,GERM,3.53625,0,0,5.3
01865 ,0000233,GERM,6.36525,0,0,9.55
01865 ,0000234,GERM,11.07,0,0,16.61
01865 ,0000235,GERM,8.35,0,0,12.53
01865 ,0000242,SCI ,234,0,0,351
01865 ,0000246,DEUT,598.6,0,0,897.9
01865 ,0000247,DEUT,455.1,0,0,682.65
01865 ,0000249,SCI ,198.86025,0,0,298.29
01865 ,0000250,SCI ,222.57875,0,0,333.87
01865 ,0000253,DEUT,521.2125,0,0,781.82
01865 ,0000255,DEUT,442.8,0,0,664.2
01865 ,0000256,SCI ,91.225,0,0,136.84
01865 ,0000257,SCI ,91.225,0,0,136.84
01865 ,0000259,SCI ,261.375,0,0,392.06
01865 ,0000262,SCI ,311.6,0,0,467.4
01865 ,0000265,SCI ,321.85,0,0,482.77
01865 ,0000266,SCI ,429.475,0,0,644.21
01865 ,0000267,SCI ,166.05,0,0,249.07
01865 ,0000268,SCI ,94.3,0,0,141.45
01865 ,0000269,SCI ,94.3,0,0,141.45
01865 ,0000270,SCI ,316.725,0,0,475.09
01865 ,0000292,SCI ,281.875,0,0,422.81
01865 ,0000293,SCI ,79.089,0,0,118.63
01865 ,0000294,SCI ,93.7055,0,0,140.56
01865 ,0000295,SCI ,172.2,0,0,258.3
01865 ,0000296,SCI ,171.175,0,0,256.76
01865 ,0000298,SCI ,283.925,0,0,425.89
01865 ,0000299,SCI ,281.875,0,0,422.81
01865 ,0000300,SCI ,120.95,0,0,181.43
01865 ,0000301,SCI ,176.874,0,0,265.31
01865 ,0000302,SCI ,284.9705,0,0,427.46
01865 ,0000319,SCI ,1.148,0,0,1.72
01865 ,0000323,MIN ,22.24,0,0,33.36
01865 ,0000324,SCI ,56.76,72.25,0,72.25
01865 ,0000340,SCI ,102.3975,166.5,0,153.6
01865 ,0000342,SCI ,35.34,0,0,53.01
01865 ,0000343,SCI ,32.92,0,0,49.38
01865 ,0000345,SCI ,81.18,132,0,121.77
01865 ,0000346,SCI ,46.27875,75.25,0,69.42
01865 ,0000348,SCI ,62.94,0,0,94.41
01865 ,0000349,SCI ,48.12375,0,0,72.19
01865 ,0000350,SCI ,91.47,144.5,0,137.21
01865 ,0000351,SCI ,146.37,238,0,219.56
01865 ,0000352,SCI ,17.51,20,0,20
01865 ,0000353,SCI ,17.2,19.25,0,19.25
01865 ,0000354,SCI ,41.72,0,0,62.58
01865 ,0000355,SCI ,30.04,0,0,45.06
01865 ,0000356,SCI ,191.88,271,0,271
01865 ,0000357,SCI ,49.2,74.75,0,73.8
01865 ,0000361,SCI ,24.16,0,0,36.24
01865 ,0000362,SCI ,28.75125,42.5,0,42.5
01865 ,0000364,SCI ,61.51,0,0,92.27
01865 ,0000365,SCI ,116.235,189,0,174.35
01865 ,0000367,SCI ,54.4275,88.5,0,81.64
01865 ,0000389,SCI ,2.85,0,0,4.28
01865 ,0000399,SCI ,461.56,0,0,692.34
01865 ,0000413,STTV,13.6490025,0,0,20.47
01865 ,0000422,L L ,11.30862,0,0,16.96
01865 ,0000486,PHOT,0.97,0,0,1.46
01865 ,0000555,SCI ,2,0,0,3
01865 ,0000574,PHOT,11.07999375,12.99,0,12.99
01865 ,0000584,PHOT,15.78,0,0,23.67
01865 ,0000595,PHOT,3.49525,0,0,5.24
01865 ,0000604,MARI,18.928735,19,0,19
01865 ,0000615,PHOT,8.75,0,0,13.13
01865 ,0000623,PHOT,2.583,0,0,3.88
01865 ,0000637,SCI ,8.97,0,0,13.46
01865 ,0000645,STTV,8.74955375,8.99,0,8.99
01865 ,0000650,SCI ,12.63,0,0,18.95
01865 ,0000652,I R ,30.13738,0,0,45.21
01865 ,0000660,SCI ,9.05,0,0,13.57
01865 ,0000677,PHOT,26.18,0,0,39.27
01865 ,0000678,SCI ,15.83,0,0,23.75
01865 ,0000679,PHOT,13.5717175,0,0,20.36
01865 ,0000682,PHOT,3.6,0,0,5.4
01865 ,0000686,SCI ,12.55,0,0,18.82
01865 ,0000803,SCI ,29.53,0,0,44.3
01865 ,0000805,PHOT,12.13,0,0,18.2
01865 ,0000808,PHOT,5.79125,0,0,8.69
01865 ,0000829,PHOT,3.2595,0,0,4.89
01865 ,0000841,MIN ,2.57275,0,0,3.86
01865 ,0000844,MIN ,1.4965,0,0,2.25
01865 ,0000846,MIN ,1.2095,0,0,1.81
01865 ,0000847,MIN ,1.353,0,0,2.03
01865 ,0000849,MIN ,1.353,0,0,2.03
01865 ,0000850,MIN ,3.38,0,0,5.07
01865 ,0000851,MIN ,3.8976,0,0,5.85
01865 ,0000853,MIN ,3.4645,0,0,5.2
01865 ,0000855,MIN ,3.4645,0,0,5.2
01865 ,0000856,MIN ,5.87,0,0,8.8
01865 ,0000859,PHOT,1.42475,0,0,2.14
01865 ,0000860,PHOT,5.11475,0,0,7.67
01865 ,0000861,PHOT,1.148,0,0,1.72
01865 ,0000862,PHOT,12.12575,0,0,18.19
01865 ,0000863,PHOT,10.3935,0,0,15.59
01865 ,0000864,PHOT,9.99375,0,0,14.99
01865 ,0000865,PHOT,6.77525,0,0,10.16
01865 ,0000866,PHOT,3.8335,0,0,5.75
01865 ,0000868,PHOT,24.53,0,0,36.8
01865 ,0000870,PHOT,10.4345,0,0,15.65
01865 ,0000872,MARI,10.42425,0,0,15.64
01865 ,0000873,MARI,7.24675,0,0,10.87
01865 ,0000882,SCI ,3.61,0,0,5.42
01865 ,0000886,SCI ,3.7411885,0,0,5.61
01865 ,0000889,SCI ,7.18417,0,0,10.78
01865 ,0000898,PHOT,10.64975,0,0,15.97
01865 ,0000901,PHOT,5.1455,0,0,7.72
01865 ,0000902,PHOT,4.715,0,0,7.07
01865 ,0000903,PHOT,4.469,0,0,6.7
01865 ,0000904,PHOT,4.8995,0,0,7.35
01865 ,0000908,PHOT,4.56125,0,0,6.84
01865 ,0000910,PHOT,6.57,0,0,9.86
01865 ,0000914,PHOT,6.7855,0,0,10.18
01865 ,0000916,PHOT,1.5785,0,0,2.37
01865 ,0000920,PHOT,6.0885,0,0,9.13
01865 ,0000921,SCI ,8.4665,0,0,12.7
01865 ,0000922,PHOT,8.446,0,0,12.67
01865 ,0000924,PHOT,2.83925,0,0,4.26
01865 ,0000925,PHOT,13.54025,0,0,20.31
01865 ,0000926,PHOT,2.132,0,0,3.2
01865 ,0000927,PHOT,10.578,0,0,15.87
01865 ,0000928,PHOT,4.37675,0,0,6.57
01865 ,0000929,PHOT,7.6875,0,0,11.53
01865 ,0000930,PHOT,3.65925,0,0,5.49
01865 ,0000931,PHOT,4.43825,0,0,6.66
01865 ,0000932,PHOT,51.6805,0,0,77.52
01865 ,0000934,PHOT,6.18075,0,0,9.27
01865 ,0000935,PHOT,1.5785,0,0,2.37
01865 ,0000936,PHOT,2.501,0,0,3.75
01865 ,0000938,PHOT,4.90975,0,0,7.37
01865 ,0000940,SCI ,2.14225,0,0,3.21
01865 ,0000941,PHOT,2.3985,0,0,3.6
01865 ,0000942,PHOT,3.78225,0,0,5.67
01865 ,0000950,PHOT,6.5102875,0,0,9.77
01865 ,0000952,STTV,7.2538225,0,0,10.88
01865 ,0000963,MIN ,2.28375,0,0,3.43
01865 ,0000964,PHOT,6.0885,0,0,9.13
01865 ,0000967,SCI ,37.97,0,0,56.95
01865 ,0000981,PHOT,3.567,0,0,5.35
01865 ,0000982,PHOT,3.567,0,0,5.35
01865 ,0000985,PHOT,3.567,0,0,5.35
01865 ,0000986,PHOT,3.321,0,0,4.98
01865 ,0001001,SCI ,46.89375,76.25,0,70.34
01865 ,0001003,MIN ,2.30625,0,0,3.46
01865 ,0001006,PHOT,27.64425,7,0,7
01865 ,0001021,MIN ,7.37296,0,0,11.06
01865 ,0001022,MIN ,2.42925,0,0,3.64
01865 ,0001024,MIN ,3.76175,0,0,5.64
01865 ,0001028,PHOT,16.00025,0,0,24
01865 ,0001036,SCI ,10.11,0,0,15.16
01865 ,0001043,MIN ,2.10125,6.75,6.75,6.75
01865 ,0001045,MIN ,3.4645,0,0,5.2
01865 ,0001046,MIN ,1.9475,1.99,0,1.99
01865 ,0001048,MIN ,2.3165,0,0,3.48
01865 ,0001051,MIN ,3.29025,0,0,4.93
01865 ,0001069,SCI ,10.23,0,0,15.35
01865 ,0001073,SCI ,6.98,0,0,10.47
01865 ,0001074,SCI ,13.05,0,0,19.57
01865 ,0001087,SCI ,14.44225,0,0,21.66
01865 ,0001089,PHOT,10.21925,0,0,15.33
01865 ,0001090,SCI ,0.97,0,0,1.46
01865 ,0001111,PHOT,18.583635,27.5,0,27.5
01865 ,0001112,PHOT,25.625,0,0,38.44
01865 ,0001125,PHOT,29.71475,0,0,44.57
01865 ,0001128,STTV,11.521,0,0,17.28
01865 ,0001129,STTV,13.31475,0,0,19.97
01865 ,0001130,STTV,14.72925,0,0,22.09
01865 ,0001133,STTV,12.6485,0,0,18.97
01865 ,0001134,STTV,14.33975,0,0,21.51
01865 ,0001137,STTV,14.72925,0,0,22.09
01865 ,0001138,STTV,12.6485,0,0,18.97
01865 ,0001141,PHOT,14.33975,0,0,21.51
01871 ,0000102,DEUT,414.1,0,0,600.45
01871 ,0000105,VISI,189.625,0,0,274.96
01871 ,0000106,DEUT,442.8,0,0,642.06
01871 ,0000110,DEUT,455.1,0,0,659.89
01871 ,0000115,DEUT,533,0,0,772.85
01871 ,0000116,DEUT,533,0,0,772.85
01871 ,0000122,SCI ,133.7625,0,0,193.96
01871 ,0000123,DEUT,290.9975,0,0,421.95
01871 ,0000124,PHOT,4.88,0,0,7.08
01871 ,0000125,PHOT,10.3935,0,0,15.07
01871 ,0000128,DEUT,599.625,0,0,869.46
01871 ,0000130,DEUT,442.8,0,0,642.06
01871 ,0000131,DEUT,350.55,759,0,508.3
01871 ,0000133,DEUT,423.325,916,0,613.82
01871 ,0000134,DEUT,313.65,0,0,454.79
01871 ,0000150,GERM,24.28225,0,0,35.21
01871 ,0000156,GERM,9.9835,0,0,14.48
01871 ,0000157,GERM,5.41,0,0,7.84
01871 ,0000161,SCI ,40.07,0,0,58.1
01871 ,0000163,GERM,19.5,0,0,28.27
01871 ,0000179,GERM,25.61475,0,0,37.14
01871 ,0000183,GERM,6.806,0,0,9.87
01871 ,0000184,GERM,1.92,0,0,2.78
01871 ,0000187,GERM,36.31,0,0,52.65
01871 ,0000192,GERM,6.0475,0,0,8.77
01871 ,0000194,GERM,4.85,9,0,7.03
01871 ,0000195,GERM,6.4985,9.24,0,9.24
01871 ,0000226,GERM,6.88,0,0,9.98
01871 ,0000230,GERM,3.53625,0,0,5.13
01871 ,0000233,GERM,6.36525,0,0,9.23
01871 ,0000234,GERM,11.07,0,0,16.05
01871 ,0000235,GERM,8.35,0,0,12.11
01871 ,0000242,SCI ,234,0,0,339.3
01871 ,0000246,DEUT,598.6,0,0,867.97
01871 ,0000247,DEUT,455.1,0,0,659.89
01871 ,0000249,SCI ,198.86025,0,0,288.35
01871 ,0000250,SCI ,222.57875,0,0,322.74
01871 ,0000253,DEUT,521.2125,0,0,755.76
01871 ,0000255,DEUT,442.8,0,0,642.06
01871 ,0000256,SCI ,91.225,0,0,132.28
01871 ,0000257,SCI ,91.225,0,0,132.28
01871 ,0000259,SCI ,261.375,0,0,378.99
01871 ,0000262,SCI ,311.6,0,0,451.82
01871 ,0000265,SCI ,321.85,0,0,466.68
01871 ,0000266,SCI ,429.475,0,0,622.74
01871 ,0000267,SCI ,166.05,0,0,240.77
01871 ,0000268,SCI ,94.3,0,0,136.74
01871 ,0000269,SCI ,94.3,0,0,136.74
01871 ,0000270,SCI ,316.725,0,0,459.25
01871 ,0000292,SCI ,281.875,0,0,408.72
01871 ,0000293,SCI ,79.089,0,0,114.68
01871 ,0000294,SCI ,93.7055,0,0,135.87
01871 ,0000295,SCI ,172.2,0,0,249.69
01871 ,0000296,SCI ,171.175,0,0,248.2
01871 ,0000298,SCI ,283.925,0,0,411.69
01871 ,0000299,SCI ,281.875,0,0,408.72
01871 ,0000300,SCI ,120.95,0,0,175.38
01871 ,0000301,SCI ,176.874,0,0,256.47
01871 ,0000302,SCI ,284.9705,0,0,413.21
01871 ,0000319,SCI ,1.148,0,0,1.67
01871 ,0000323,MIN ,22.24,0,0,32.25
01871 ,0000324,SCI ,56.76,72.25,0,72.25
01871 ,0000340,SCI ,102.3975,166.5,0,148.48
01871 ,0000342,SCI ,35.34,0,0,51.24
01871 ,0000343,SCI ,32.92,0,0,47.73
01871 ,0000345,SCI ,81.18,132,0,117.71
01871 ,0000346,SCI ,46.27875,75.25,0,67.1
01871 ,0000348,SCI ,62.94,0,0,91.26
01871 ,0000349,SCI ,48.12375,0,0,69.78
01871 ,0000350,SCI ,91.47,144.5,0,132.63
01871 ,0000351,SCI ,146.37,238,0,212.24
01871 ,0000352,SCI ,17.51,20,0,20
01871 ,0000353,SCI ,17.2,19.25,0,19.25
01871 ,0000354,SCI ,41.72,0,0,60.49
01871 ,0000355,SCI ,30.04,0,0,43.56
01871 ,0000356,SCI ,191.88,271,0,271
01871 ,0000357,SCI ,49.2,74.75,0,71.34
01871 ,0000361,SCI ,24.16,0,0,35.03
01871 ,0000362,SCI ,28.75125,42.5,0,41.69
01871 ,0000364,SCI ,61.51,0,0,89.19
01871 ,0000365,SCI ,116.235,189,0,168.54
01871 ,0000367,SCI ,54.4275,88.5,0,78.92
01871 ,0000389,SCI ,2.85,0,0,4.13
01871 ,0000399,SCI ,461.56,0,0,669.26
01871 ,0000413,STTV,13.6490025,0,0,19.79
01871 ,0000422,L L ,11.30862,0,0,16.4
01871 ,0000486,PHOT,0.97,0,0,1.41
01871 ,0000555,SCI ,2,0,0,2.9
01871 ,0000574,PHOT,11.07999375,12.99,0,12.99
01871 ,0000584,PHOT,15.78,0,0,22.88
01871 ,0000595,PHOT,3.49525,0,0,5.07
01871 ,0000604,MARI,18.928735,19,0,19
01871 ,0000615,PHOT,8.75,0,0,12.69
01871 ,0000623,PHOT,2.583,0,0,3.75
01871 ,0000637,SCI ,8.97,0,0,13.01
01871 ,0000645,STTV,8.74955375,8.99,0,8.99
01871 ,0000650,SCI ,12.63,0,0,18.31
01871 ,0000652,I R ,30.13738,0,0,43.7
01871 ,0000660,SCI ,9.05,0,0,13.12
01871 ,0000677,PHOT,26.18,0,0,37.96
01871 ,0000678,SCI ,15.83,0,0,22.95
01871 ,0000679,PHOT,13.5717175,0,0,19.68
01871 ,0000682,PHOT,3.6,0,0,5.22
01871 ,0000686,SCI ,12.55,0,0,18.2
01871 ,0000803,SCI ,29.53,0,0,42.82
01871 ,0000805,PHOT,12.13,0,0,17.59
01871 ,0000808,PHOT,5.79125,0,0,8.4
01871 ,0000829,PHOT,3.2595,0,0,4.73
01871 ,0000841,MIN ,2.57275,0,0,3.73
01871 ,0000844,MIN ,1.4965,0,0,2.17
01871 ,0000846,MIN ,1.2095,0,0,1.75
01871 ,0000847,MIN ,1.353,0,0,1.96
01871 ,0000849,MIN ,1.353,0,0,1.96
01871 ,0000850,MIN ,3.38,0,0,4.9
01871 ,0000851,MIN ,3.8976,0,0,5.65
01871 ,0000853,MIN ,3.4645,0,0,5.02
01871 ,0000855,MIN ,3.4645,0,0,5.02
01871 ,0000856,MIN ,5.87,0,0,8.51
01871 ,0000859,PHOT,1.42475,0,0,2.07
01871 ,0000860,PHOT,5.11475,0,0,7.42
01871 ,0000861,PHOT,1.148,0,0,1.67
01871 ,0000862,PHOT,12.12575,0,0,17.58
01871 ,0000863,PHOT,10.3935,0,0,15.07
01871 ,0000864,PHOT,9.99375,0,0,14.49
01871 ,0000865,PHOT,6.77525,0,0,9.82
01871 ,0000866,PHOT,3.8335,0,0,5.56
01871 ,0000868,PHOT,24.53,0,0,35.57
01871 ,0000870,PHOT,10.4345,0,0,15.13
01871 ,0000872,MARI,10.42425,0,0,15.12
01871 ,0000873,MARI,7.24675,0,0,10.51
01871 ,0000882,SCI ,3.61,0,0,5.24
01871 ,0000886,SCI ,3.7411885,0,0,5.42
01871 ,0000889,SCI ,7.18417,0,0,10.42
01871 ,0000898,PHOT,10.64975,0,0,15.44
01871 ,0000901,PHOT,5.1455,0,0,7.46
01871 ,0000902,PHOT,4.715,0,0,6.84
01871 ,0000903,PHOT,4.469,0,0,6.48
01871 ,0000904,PHOT,4.8995,0,0,7.1
01871 ,0000908,PHOT,4.56125,0,0,6.61
01871 ,0000910,PHOT,6.57,0,0,9.53
01871 ,0000914,PHOT,6.7855,0,0,9.84
01871 ,0000916,PHOT,1.5785,0,0,2.29
01871 ,0000920,PHOT,6.0885,0,0,8.83
01871 ,0000921,SCI ,8.4665,0,0,12.28
01871 ,0000922,PHOT,8.446,0,0,12.25
01871 ,0000924,PHOT,2.83925,0,0,4.12
01871 ,0000925,PHOT,13.54025,0,0,19.63
01871 ,0000926,PHOT,2.132,0,0,3.09
01871 ,0000927,PHOT,10.578,0,0,15.34
01871 ,0000928,PHOT,4.37675,0,0,6.35
01871 ,0000929,PHOT,7.6875,0,0,11.15
01871 ,0000930,PHOT,3.65925,0,0,5.31
01871 ,0000931,PHOT,4.43825,0,0,6.43
01871 ,0000932,PHOT,51.6805,0,0,74.94
01871 ,0000934,PHOT,6.18075,0,0,8.96
01871 ,0000935,PHOT,1.5785,0,0,2.29
01871 ,0000936,PHOT,2.501,0,0,3.63
01871 ,0000938,PHOT,4.90975,0,0,7.12
01871 ,0000940,SCI ,2.14225,0,0,3.11
01871 ,0000941,PHOT,2.3985,0,0,3.48
01871 ,0000942,PHOT,3.78225,0,0,5.48
01871 ,0000950,PHOT,6.5102875,0,0,9.44
01871 ,0000952,STTV,7.2538225,0,0,10.52
01871 ,0000963,MIN ,2.28375,0,0,3.31
01871 ,0000964,PHOT,6.0885,0,0,8.83
01871 ,0000967,SCI ,37.97,0,0,55.06
01871 ,0000981,PHOT,3.567,0,0,5.17
01871 ,0000982,PHOT,3.567,0,0,5.17
01871 ,0000985,PHOT,3.567,0,0,5.17
01871 ,0000986,PHOT,3.321,0,0,4.82
01871 ,0001001,SCI ,46.89375,76.25,0,68
01871 ,0001003,MIN ,2.30625,0,0,3.34
01871 ,0001006,PHOT,27.64425,7,0,7
01871 ,0001021,MIN ,7.37296,0,0,10.69
01871 ,0001022,MIN ,2.42925,0,0,3.52
01871 ,0001024,MIN ,3.76175,0,0,5.46
01871 ,0001028,PHOT,16.00025,0,0,23.2
01871 ,0001036,SCI ,10.11,0,0,14.66
01871 ,0001043,MIN ,2.10125,6.75,6.75,6.75
01871 ,0001045,MIN ,3.4645,0,0,5.02
01871 ,0001046,MIN ,1.9475,1.99,0,1.99
01871 ,0001048,MIN ,2.3165,0,0,3.36
01871 ,0001051,MIN ,3.29025,0,0,4.77
01871 ,0001069,SCI ,10.23,0,0,14.83
01871 ,0001073,SCI ,6.98,0,0,10.12
01871 ,0001074,SCI ,13.05,0,0,18.92
01871 ,0001087,SCI ,14.44225,0,0,20.94
01871 ,0001089,PHOT,10.21925,0,0,14.82
01871 ,0001090,SCI ,0.97,0,0,1.41
01871 ,0001111,PHOT,18.583635,27.5,0,26.95
01871 ,0001112,PHOT,25.625,0,0,37.16
01871 ,0001125,PHOT,29.71475,0,0,43.09
01871 ,0001128,STTV,11.521,0,0,16.7
01871 ,0001129,STTV,13.31475,0,0,19.31
01871 ,0001130,STTV,14.72925,0,0,21.36
01871 ,0001133,STTV,12.6485,0,0,18.34
01871 ,0001134,STTV,14.33975,0,0,20.79
01871 ,0001137,STTV,14.72925,0,0,21.36
01871 ,0001138,STTV,12.6485,0,0,18.34
01871 ,0001141,PHOT,14.33975,0,0,20.79
01892 ,0000102,DEUT,414.1,0,0,662.56
01892 ,0000105,VISI,189.625,0,0,303.4
01892 ,0000106,DEUT,442.8,0,0,708.48
01892 ,0000110,DEUT,455.1,0,0,728.16
01892 ,0000115,DEUT,533,0,0,852.8
01892 ,0000116,DEUT,533,0,0,852.8
01892 ,0000122,SCI ,133.7625,0,0,214.02
01892 ,0000123,DEUT,290.9975,0,0,465.6
01892 ,0000124,PHOT,4.88,0,0,7.81
01892 ,0000125,PHOT,10.3935,0,0,16.63
01892 ,0000128,DEUT,599.625,0,0,959.4
01892 ,0000130,DEUT,442.8,0,0,708.48
01892 ,0000131,DEUT,350.55,759,0,560.88
01892 ,0000133,DEUT,423.325,916,0,677.32
01892 ,0000134,DEUT,313.65,0,0,501.84
01892 ,0000150,GERM,24.28225,0,0,38.85
01892 ,0000156,GERM,9.9835,0,0,15.97
01892 ,0000157,GERM,5.41,0,0,8.66
01892 ,0000161,SCI ,40.07,0,0,64.11
01892 ,0000163,GERM,19.5,0,0,31.2
01892 ,0000179,GERM,25.61475,0,0,40.98
01892 ,0000183,GERM,6.806,0,0,10.89
01892 ,0000184,GERM,1.92,0,0,3.07
01892 ,0000187,GERM,36.31,0,0,58.1
01892 ,0000192,GERM,6.0475,0,0,9.68
01892 ,0000194,GERM,4.85,9,0,7.76
01892 ,0000195,GERM,6.4985,9.24,0,9.24
01892 ,0000226,GERM,6.88,0,0,11.01
01892 ,0000230,GERM,3.53625,0,0,5.66
01892 ,0000233,GERM,6.36525,0,0,10.18
01892 ,0000234,GERM,11.07,0,0,17.71
01892 ,0000235,GERM,8.35,0,0,13.36
01892 ,0000242,SCI ,234,0,0,374.4
01892 ,0000246,DEUT,598.6,0,0,957.76
01892 ,0000247,DEUT,455.1,0,0,728.16
01892 ,0000249,SCI ,198.86025,0,0,318.18
01892 ,0000250,SCI ,222.57875,0,0,356.13
01892 ,0000253,DEUT,521.2125,0,0,833.94
01892 ,0000255,DEUT,442.8,0,0,708.48
01892 ,0000256,SCI ,91.225,0,0,145.96
01892 ,0000257,SCI ,91.225,0,0,145.96
01892 ,0000259,SCI ,261.375,0,0,418.2
01892 ,0000262,SCI ,311.6,0,0,498.56
01892 ,0000265,SCI ,321.85,0,0,514.96
01892 ,0000266,SCI ,429.475,0,0,687.16
01892 ,0000267,SCI ,166.05,0,0,265.68
01892 ,0000268,SCI ,94.3,0,0,150.88
01892 ,0000269,SCI ,94.3,0,0,150.88
01892 ,0000270,SCI ,316.725,0,0,506.76
01892 ,0000292,SCI ,281.875,0,0,451
01892 ,0000293,SCI ,79.089,0,0,126.54
01892 ,0000294,SCI ,93.7055,0,0,149.93
01892 ,0000295,SCI ,172.2,0,0,275.52
01892 ,0000296,SCI ,171.175,0,0,273.88
01892 ,0000298,SCI ,283.925,0,0,454.28
01892 ,0000299,SCI ,281.875,0,0,451
01892 ,0000300,SCI ,120.95,0,0,193.52
01892 ,0000301,SCI ,176.874,0,0,283
01892 ,0000302,SCI ,284.9705,0,0,455.95
01892 ,0000319,SCI ,1.148,0,0,1.84
01892 ,0000323,MIN ,22.24,0,0,35.58
01892 ,0000324,SCI ,56.76,72.25,0,72.25
01892 ,0000340,SCI ,102.3975,166.5,0,163.84
01892 ,0000342,SCI ,35.34,0,0,56.54
01892 ,0000343,SCI ,32.92,0,0,52.67
01892 ,0000345,SCI ,81.18,132,0,129.89
01892 ,0000346,SCI ,46.27875,75.25,0,74.05
01892 ,0000348,SCI ,62.94,0,0,100.7
01892 ,0000349,SCI ,48.12375,0,0,77
01892 ,0000350,SCI ,91.47,144.5,0,144.5
01892 ,0000351,SCI ,146.37,238,0,234.19
01892 ,0000352,SCI ,17.51,20,0,20
01892 ,0000353,SCI ,17.2,19.25,0,19.25
01892 ,0000354,SCI ,41.72,0,0,66.75
01892 ,0000355,SCI ,30.04,0,0,48.06
01892 ,0000356,SCI ,191.88,271,0,271
01892 ,0000357,SCI ,49.2,74.75,0,74.75
01892 ,0000361,SCI ,24.16,0,0,38.66
01892 ,0000362,SCI ,28.75125,42.5,0,42.5
01892 ,0000364,SCI ,61.51,0,0,98.42
01892 ,0000365,SCI ,116.235,189,0,185.98
01892 ,0000367,SCI ,54.4275,88.5,0,87.08
01892 ,0000389,SCI ,2.85,0,0,4.56
01892 ,0000399,SCI ,461.56,0,0,738.5
01892 ,0000413,STTV,13.6490025,0,0,21.84
01892 ,0000422,L L ,11.30862,0,0,18.09
01892 ,0000486,PHOT,0.97,0,0,1.55
01892 ,0000555,SCI ,2,0,0,3.2
01892 ,0000574,PHOT,11.07999375,12.99,0,12.99
01892 ,0000584,PHOT,15.78,0,0,25.25
01892 ,0000595,PHOT,3.49525,0,0,5.59
01892 ,0000604,MARI,18.928735,19,0,19
01892 ,0000615,PHOT,8.75,0,0,14
01892 ,0000623,PHOT,2.583,0,0,4.13
01892 ,0000637,SCI ,8.97,0,0,14.35
01892 ,0000645,STTV,8.74955375,8.99,0,8.99
01892 ,0000650,SCI ,12.63,0,0,20.21
01892 ,0000652,I R ,30.13738,0,0,48.22
01892 ,0000660,SCI ,9.05,0,0,14.48
01892 ,0000677,PHOT,26.18,0,0,41.89
01892 ,0000678,SCI ,15.83,0,0,25.33
01892 ,0000679,PHOT,13.5717175,0,0,21.71
01892 ,0000682,PHOT,3.6,0,0,5.76
01892 ,0000686,SCI ,12.55,0,0,20.08
01892 ,0000803,SCI ,29.53,0,0,47.25
01892 ,0000805,PHOT,12.13,0,0,19.41
01892 ,0000808,PHOT,5.79125,0,0,9.27
01892 ,0000829,PHOT,3.2595,0,0,5.21
01892 ,0000841,MIN ,2.57275,0,0,4.12
01892 ,0000844,MIN ,1.4965,0,0,2.39
01892 ,0000846,MIN ,1.2095,0,0,1.94
01892 ,0000847,MIN ,1.353,0,0,2.17
01892 ,0000849,MIN ,1.353,0,0,2.17
01892 ,0000850,MIN ,3.38,0,0,5.41
01892 ,0000851,MIN ,3.8976,0,0,6.24
01892 ,0000853,MIN ,3.4645,0,0,5.54
01892 ,0000855,MIN ,3.4645,0,0,5.54
01892 ,0000856,MIN ,5.87,0,0,9.39
01892 ,0000859,PHOT,1.42475,0,0,2.28
01892 ,0000860,PHOT,5.11475,0,0,8.18
01892 ,0000861,PHOT,1.148,0,0,1.84
01892 ,0000862,PHOT,12.12575,0,0,19.4
01892 ,0000863,PHOT,10.3935,0,0,16.63
01892 ,0000864,PHOT,9.99375,0,0,15.99
01892 ,0000865,PHOT,6.77525,0,0,10.84
01892 ,0000866,PHOT,3.8335,0,0,6.13
01892 ,0000868,PHOT,24.53,0,0,39.25
01892 ,0000870,PHOT,10.4345,0,0,16.7
01892 ,0000872,MARI,10.42425,0,0,16.68
01892 ,0000873,MARI,7.24675,0,0,11.6
01892 ,0000882,SCI ,3.61,0,0,5.78
01892 ,0000886,SCI ,3.7411885,0,0,5.99
01892 ,0000889,SCI ,7.18417,0,0,11.49
01892 ,0000898,PHOT,10.64975,0,0,17.04
01892 ,0000901,PHOT,5.1455,0,0,8.23
01892 ,0000902,PHOT,4.715,0,0,7.54
01892 ,0000903,PHOT,4.469,0,0,7.15
01892 ,0000904,PHOT,4.8995,0,0,7.84
01892 ,0000908,PHOT,4.56125,0,0,7.3
01892 ,0000910,PHOT,6.57,0,0,10.51
01892 ,0000914,PHOT,6.7855,0,0,10.86
01892 ,0000916,PHOT,1.5785,0,0,2.53
01892 ,0000920,PHOT,6.0885,0,0,9.74
01892 ,0000921,SCI ,8.4665,0,0,13.55
01892 ,0000922,PHOT,8.446,0,0,13.51
01892 ,0000924,PHOT,2.83925,0,0,4.54
01892 ,0000925,PHOT,13.54025,0,0,21.66
01892 ,0000926,PHOT,2.132,0,0,3.41
01892 ,0000927,PHOT,10.578,0,0,16.93
01892 ,0000928,PHOT,4.37675,0,0,7
01892 ,0000929,PHOT,7.6875,0,0,12.3
01892 ,0000930,PHOT,3.65925,0,0,5.86
01892 ,0000931,PHOT,4.43825,0,0,7.1
01892 ,0000932,PHOT,51.6805,0,0,82.69
01892 ,0000934,PHOT,6.18075,0,0,9.89
01892 ,0000935,PHOT,1.5785,0,0,2.53
01892 ,0000936,PHOT,2.501,0,0,4
01892 ,0000938,PHOT,4.90975,0,0,7.86
01892 ,0000940,SCI ,2.14225,0,0,3.43
01892 ,0000941,PHOT,2.3985,0,0,3.84
01892 ,0000942,PHOT,3.78225,0,0,6.05
01892 ,0000950,PHOT,6.5102875,0,0,10.42
01892 ,0000952,STTV,7.2538225,0,0,11.61
01892 ,0000963,MIN ,2.28375,0,0,3.65
01892 ,0000964,PHOT,6.0885,0,0,9.74
01892 ,0000967,SCI ,37.97,0,0,60.75
01892 ,0000981,PHOT,3.567,0,0,5.71
01892 ,0000982,PHOT,3.567,0,0,5.71
01892 ,0000985,PHOT,3.567,0,0,5.71
01892 ,0000986,PHOT,3.321,0,0,5.31
01892 ,0001001,SCI ,46.89375,76.25,0,75.03
01892 ,0001003,MIN ,2.30625,0,0,3.69
01892 ,0001006,PHOT,27.64425,7,0,7
01892 ,0001021,MIN ,7.37296,0,0,11.8
01892 ,0001022,MIN ,2.42925,0,0,3.89
01892 ,0001024,MIN ,3.76175,0,0,6.02
01892 ,0001028,PHOT,16.00025,0,0,25.6
01892 ,0001036,SCI ,10.11,0,0,16.18
01892 ,0001043,MIN ,2.10125,6.75,6.75,6.75
01892 ,0001045,MIN ,3.4645,0,0,5.54
01892 ,0001046,MIN ,1.9475,1.99,0,1.99
01892 ,0001048,MIN ,2.3165,0,0,3.71
01892 ,0001051,MIN ,3.29025,0,0,5.26
01892 ,0001069,SCI ,10.23,0,0,16.37
01892 ,0001073,SCI ,6.98,0,0,11.17
01892 ,0001074,SCI ,13.05,0,0,20.88
01892 ,0001087,SCI ,14.44225,0,0,23.11
01892 ,0001089,PHOT,10.21925,0,0,16.35
01892 ,0001090,SCI ,0.97,0,0,1.55
01892 ,0001111,PHOT,18.583635,27.5,0,27.5
01892 ,0001112,PHOT,25.625,0,0,41
01892 ,0001125,PHOT,29.71475,0,0,47.54
01892 ,0001128,STTV,11.521,0,0,18.43
01892 ,0001129,STTV,13.31475,0,0,21.3
01892 ,0001130,STTV,14.72925,0,0,23.57
01892 ,0001133,STTV,12.6485,0,0,20.24
01892 ,0001134,STTV,14.33975,0,0,22.94
01892 ,0001137,STTV,14.72925,0,0,23.57
01892 ,0001138,STTV,12.6485,0,0,20.24
01892 ,0001141,PHOT,14.33975,0,0,22.94
01893 ,0000102,DEUT,414.1,0,0,662.56
01893 ,0000105,VISI,189.625,0,0,303.4
01893 ,0000106,DEUT,442.8,0,0,708.48
01893 ,0000110,DEUT,455.1,0,0,728.16
01893 ,0000115,DEUT,533,0,0,852.8
01893 ,0000116,DEUT,533,0,0,852.8
01893 ,0000122,SCI ,133.7625,0,0,214.02
01893 ,0000123,DEUT,290.9975,0,0,465.6
01893 ,0000124,PHOT,4.88,0,0,7.81
01893 ,0000125,PHOT,10.3935,0,0,16.63
01893 ,0000128,DEUT,599.625,0,0,959.4
01893 ,0000130,DEUT,442.8,0,0,708.48
01893 ,0000131,DEUT,350.55,759,0,560.88
01893 ,0000133,DEUT,423.325,916,0,677.32
01893 ,0000134,DEUT,313.65,0,0,501.84
01893 ,0000150,GERM,24.28225,0,0,38.85
01893 ,0000156,GERM,9.9835,0,0,15.97
01893 ,0000157,GERM,5.41,0,0,8.66
01893 ,0000161,SCI ,40.07,0,0,64.11
01893 ,0000163,GERM,19.5,0,0,31.2
01893 ,0000179,GERM,25.61475,0,0,40.98
01893 ,0000183,GERM,6.806,0,0,10.89
01893 ,0000184,GERM,1.92,0,0,3.07
01893 ,0000187,GERM,36.31,0,0,58.1
01893 ,0000192,GERM,6.0475,0,0,9.68
01893 ,0000194,GERM,4.85,9,0,7.76
01893 ,0000195,GERM,6.4985,9.24,0,9.24
01893 ,0000226,GERM,6.88,0,0,11.01
01893 ,0000230,GERM,3.53625,0,0,5.66
01893 ,0000233,GERM,6.36525,0,0,10.18
01893 ,0000234,GERM,11.07,0,0,17.71
01893 ,0000235,GERM,8.35,0,0,13.36
01893 ,0000242,SCI ,234,0,0,374.4
01893 ,0000246,DEUT,598.6,0,0,957.76
01893 ,0000247,DEUT,455.1,0,0,728.16
01893 ,0000249,SCI ,198.86025,0,0,318.18
01893 ,0000250,SCI ,222.57875,0,0,356.13
01893 ,0000253,DEUT,521.2125,0,0,833.94
01893 ,0000255,DEUT,442.8,0,0,708.48
01893 ,0000256,SCI ,91.225,0,0,145.96
01893 ,0000257,SCI ,91.225,0,0,145.96
01893 ,0000259,SCI ,261.375,0,0,418.2
01893 ,0000262,SCI ,311.6,0,0,498.56
01893 ,0000265,SCI ,321.85,0,0,514.96
01893 ,0000266,SCI ,429.475,0,0,687.16
01893 ,0000267,SCI ,166.05,0,0,265.68
01893 ,0000268,SCI ,94.3,0,0,150.88
01893 ,0000269,SCI ,94.3,0,0,150.88
01893 ,0000270,SCI ,316.725,0,0,506.76
01893 ,0000292,SCI ,281.875,0,0,451
01893 ,0000293,SCI ,79.089,0,0,126.54
01893 ,0000294,SCI ,93.7055,0,0,149.93
01893 ,0000295,SCI ,172.2,0,0,275.52
01893 ,0000296,SCI ,171.175,0,0,273.88
01893 ,0000298,SCI ,283.925,0,0,454.28
01893 ,0000299,SCI ,281.875,0,0,451
01893 ,0000300,SCI ,120.95,0,0,193.52
01893 ,0000301,SCI ,176.874,0,0,283
01893 ,0000302,SCI ,284.9705,0,0,455.95
01893 ,0000319,SCI ,1.148,0,0,1.84
01893 ,0000323,MIN ,22.24,0,0,35.58
01893 ,0000324,SCI ,56.76,72.25,0,72.25
01893 ,0000340,SCI ,102.3975,166.5,0,163.84
01893 ,0000342,SCI ,35.34,0,0,56.54
01893 ,0000343,SCI ,32.92,0,0,52.67
01893 ,0000345,SCI ,81.18,132,0,129.89
01893 ,0000346,SCI ,46.27875,75.25,0,74.05
01893 ,0000348,SCI ,62.94,0,0,100.7
01893 ,0000349,SCI ,48.12375,0,0,77
01893 ,0000350,SCI ,91.47,144.5,0,144.5
01893 ,0000351,SCI ,146.37,238,0,234.19
01893 ,0000352,SCI ,17.51,20,0,20
01893 ,0000353,SCI ,17.2,19.25,0,19.25
01893 ,0000354,SCI ,41.72,0,0,66.75
01893 ,0000355,SCI ,30.04,0,0,48.06
01893 ,0000356,SCI ,191.88,271,0,271
01893 ,0000357,SCI ,49.2,74.75,0,74.75
01893 ,0000361,SCI ,24.16,0,0,38.66
01893 ,0000362,SCI ,28.75125,42.5,0,42.5
01893 ,0000364,SCI ,61.51,0,0,98.42
01893 ,0000365,SCI ,116.235,189,0,185.98
01893 ,0000367,SCI ,54.4275,88.5,0,87.08
01893 ,0000389,SCI ,2.85,0,0,4.56
01893 ,0000399,SCI ,461.56,0,0,738.5
01893 ,0000413,STTV,13.6490025,0,0,21.84
01893 ,0000422,L L ,11.30862,0,0,18.09
01893 ,0000486,PHOT,0.97,0,0,1.55
01893 ,0000555,SCI ,2,0,0,3.2
01893 ,0000574,PHOT,11.07999375,12.99,0,12.99
01893 ,0000584,PHOT,15.78,0,0,25.25
01893 ,0000595,PHOT,3.49525,0,0,5.59
01893 ,0000604,MARI,18.928735,19,0,19
01893 ,0000615,PHOT,8.75,0,0,14
01893 ,0000623,PHOT,2.583,0,0,4.13
01893 ,0000637,SCI ,8.97,0,0,14.35
01893 ,0000645,STTV,8.74955375,8.99,0,8.99
01893 ,0000650,SCI ,12.63,0,0,20.21
01893 ,0000652,I R ,30.13738,0,0,48.22
01893 ,0000660,SCI ,9.05,0,0,14.48
01893 ,0000677,PHOT,26.18,0,0,41.89
01893 ,0000678,SCI ,15.83,0,0,25.33
01893 ,0000679,PHOT,13.5717175,0,0,21.71
01893 ,0000682,PHOT,3.6,0,0,5.76
01893 ,0000686,SCI ,12.55,0,0,20.08
01893 ,0000803,SCI ,29.53,0,0,47.25
01893 ,0000805,PHOT,12.13,0,0,19.41
01893 ,0000808,PHOT,5.79125,0,0,9.27
01893 ,0000829,PHOT,3.2595,0,0,5.21
01893 ,0000841,MIN ,2.57275,0,0,4.12
01893 ,0000844,MIN ,1.4965,0,0,2.39
01893 ,0000846,MIN ,1.2095,0,0,1.94
01893 ,0000847,MIN ,1.353,0,0,2.17
01893 ,0000849,MIN ,1.353,0,0,2.17
01893 ,0000850,MIN ,3.38,0,0,5.41
01893 ,0000851,MIN ,3.8976,0,0,6.24
01893 ,0000853,MIN ,3.4645,0,0,5.54
01893 ,0000855,MIN ,3.4645,0,0,5.54
01893 ,0000856,MIN ,5.87,0,0,9.39
01893 ,0000859,PHOT,1.42475,0,0,2.28
01893 ,0000860,PHOT,5.11475,0,0,8.18
01893 ,0000861,PHOT,1.148,0,0,1.84
01893 ,0000862,PHOT,12.12575,0,0,19.4
01893 ,0000863,PHOT,10.3935,0,0,16.63
01893 ,0000864,PHOT,9.99375,0,0,15.99
01893 ,0000865,PHOT,6.77525,0,0,10.84
01893 ,0000866,PHOT,3.8335,0,0,6.13
01893 ,0000868,PHOT,24.53,0,0,39.25
01893 ,0000870,PHOT,10.4345,0,0,16.7
01893 ,0000872,MARI,10.42425,0,0,16.68
01893 ,0000873,MARI,7.24675,0,0,11.6
01893 ,0000882,SCI ,3.61,0,0,5.78
01893 ,0000886,SCI ,3.7411885,0,0,5.99
01893 ,0000889,SCI ,7.18417,0,0,11.49
01893 ,0000898,PHOT,10.64975,0,0,17.04
01893 ,0000901,PHOT,5.1455,0,0,8.23
01893 ,0000902,PHOT,4.715,0,0,7.54
01893 ,0000903,PHOT,4.469,0,0,7.15
01893 ,0000904,PHOT,4.8995,0,0,7.84
01893 ,0000908,PHOT,4.56125,0,0,7.3
01893 ,0000910,PHOT,6.57,0,0,10.51
01893 ,0000914,PHOT,6.7855,0,0,10.86
01893 ,0000916,PHOT,1.5785,0,0,2.53
01893 ,0000920,PHOT,6.0885,0,0,9.74
01893 ,0000921,SCI ,8.4665,0,0,13.55
01893 ,0000922,PHOT,8.446,0,0,13.51
01893 ,0000924,PHOT,2.83925,0,0,4.54
01893 ,0000925,PHOT,13.54025,0,0,21.66
01893 ,0000926,PHOT,2.132,0,0,3.41
01893 ,0000927,PHOT,10.578,0,0,16.93
01893 ,0000928,PHOT,4.37675,0,0,7
01893 ,0000929,PHOT,7.6875,0,0,12.3
01893 ,0000930,PHOT,3.65925,0,0,5.86
01893 ,0000931,PHOT,4.43825,0,0,7.1
01893 ,0000932,PHOT,51.6805,0,0,82.69
01893 ,0000934,PHOT,6.18075,0,0,9.89
01893 ,0000935,PHOT,1.5785,0,0,2.53
01893 ,0000936,PHOT,2.501,0,0,4
01893 ,0000938,PHOT,4.90975,0,0,7.86
01893 ,0000940,SCI ,2.14225,0,0,3.43
01893 ,0000941,PHOT,2.3985,0,0,3.84
01893 ,0000942,PHOT,3.78225,0,0,6.05
01893 ,0000950,PHOT,6.5102875,0,0,10.42
01893 ,0000952,STTV,7.2538225,0,0,11.61
01893 ,0000963,MIN ,2.28375,0,0,3.65
01893 ,0000964,PHOT,6.0885,0,0,9.74
01893 ,0000967,SCI ,37.97,0,0,60.75
01893 ,0000981,PHOT,3.567,0,0,5.71
01893 ,0000982,PHOT,3.567,0,0,5.71
01893 ,0000985,PHOT,3.567,0,0,5.71
01893 ,0000986,PHOT,3.321,0,0,5.31
01893 ,0001001,SCI ,46.89375,76.25,0,75.03
01893 ,0001003,MIN ,2.30625,0,0,3.69
01893 ,0001006,PHOT,27.64425,7,0,7
01893 ,0001021,MIN ,7.37296,0,0,11.8
01893 ,0001022,MIN ,2.42925,0,0,3.89
01893 ,0001024,MIN ,3.76175,0,0,6.02
01893 ,0001028,PHOT,16.00025,0,0,25.6
01893 ,0001036,SCI ,10.11,0,0,16.18
01893 ,0001043,MIN ,2.10125,6.75,6.75,6.75
01893 ,0001045,MIN ,3.4645,0,0,5.54
01893 ,0001046,MIN ,1.9475,1.99,0,1.99
01893 ,0001048,MIN ,2.3165,0,0,3.71
01893 ,0001051,MIN ,3.29025,0,0,5.26
01893 ,0001069,SCI ,10.23,0,0,16.37
01893 ,0001073,SCI ,6.98,0,0,11.17
01893 ,0001074,SCI ,13.05,0,0,20.88
01893 ,0001087,SCI ,14.44225,0,0,23.11
01893 ,0001089,PHOT,10.21925,0,0,16.35
01893 ,0001090,SCI ,0.97,0,0,1.55
01893 ,0001111,PHOT,18.583635,27.5,0,27.5
01893 ,0001112,PHOT,25.625,0,0,41
01893 ,0001125,PHOT,29.71475,0,0,47.54
01893 ,0001128,STTV,11.521,0,0,18.43
01893 ,0001129,STTV,13.31475,0,0,21.3
01893 ,0001130,STTV,14.72925,0,0,23.57
01893 ,0001133,STTV,12.6485,0,0,20.24
01893 ,0001134,STTV,14.33975,0,0,22.94
01893 ,0001137,STTV,14.72925,0,0,23.57
01893 ,0001138,STTV,12.6485,0,0,20.24
01893 ,0001141,PHOT,14.33975,0,0,22.94
01947 ,0000102,DEUT,414.1,0,0,600.45
01947 ,0000105,VISI,189.625,0,0,274.96
01947 ,0000106,DEUT,442.8,0,0,642.06
01947 ,0000110,DEUT,455.1,0,0,659.89
01947 ,0000115,DEUT,533,0,0,772.85
01947 ,0000116,DEUT,533,0,0,772.85
01947 ,0000122,SCI ,133.7625,0,0,193.96
01947 ,0000123,DEUT,290.9975,0,0,421.95
01947 ,0000124,PHOT,4.88,0,0,7.08
01947 ,0000125,PHOT,10.3935,0,0,15.07
01947 ,0000128,DEUT,599.625,0,0,869.46
01947 ,0000130,DEUT,442.8,0,0,642.06
01947 ,0000131,DEUT,350.55,759,0,508.3
01947 ,0000133,DEUT,423.325,916,0,613.82
01947 ,0000134,DEUT,313.65,0,0,454.79
01947 ,0000150,GERM,24.28225,0,0,35.21
01947 ,0000156,GERM,9.9835,0,0,14.48
01947 ,0000157,GERM,5.41,0,0,7.84
01947 ,0000161,SCI ,40.07,0,0,58.1
01947 ,0000163,GERM,19.5,0,0,28.27
01947 ,0000179,GERM,25.61475,0,0,37.14
01947 ,0000183,GERM,6.806,0,0,9.87
01947 ,0000184,GERM,1.92,0,0,2.78
01947 ,0000187,GERM,36.31,0,0,52.65
01947 ,0000192,GERM,6.0475,0,0,8.77
01947 ,0000194,GERM,4.85,9,0,7.03
01947 ,0000195,GERM,6.4985,9.24,0,9.24
01947 ,0000226,GERM,6.88,0,0,9.98
01947 ,0000230,GERM,3.53625,0,0,5.13
01947 ,0000233,GERM,6.36525,0,0,9.23
01947 ,0000234,GERM,11.07,0,0,16.05
01947 ,0000235,GERM,8.35,0,0,12.11
01947 ,0000242,SCI ,234,0,0,339.3
01947 ,0000246,DEUT,598.6,0,0,867.97
01947 ,0000247,DEUT,455.1,0,0,659.89
01947 ,0000249,SCI ,198.86025,0,0,288.35
01947 ,0000250,SCI ,222.57875,0,0,322.74
01947 ,0000253,DEUT,521.2125,0,0,755.76
01947 ,0000255,DEUT,442.8,0,0,642.06
01947 ,0000256,SCI ,91.225,0,0,132.28
01947 ,0000257,SCI ,91.225,0,0,132.28
01947 ,0000259,SCI ,261.375,0,0,378.99
01947 ,0000262,SCI ,311.6,0,0,451.82
01947 ,0000265,SCI ,321.85,0,0,466.68
01947 ,0000266,SCI ,429.475,0,0,622.74
01947 ,0000267,SCI ,166.05,0,0,240.77
01947 ,0000268,SCI ,94.3,0,0,136.74
01947 ,0000269,SCI ,94.3,0,0,136.74
01947 ,0000270,SCI ,316.725,0,0,459.25
01947 ,0000292,SCI ,281.875,0,0,408.72
01947 ,0000293,SCI ,79.089,0,0,114.68
01947 ,0000294,SCI ,93.7055,0,0,135.87
01947 ,0000295,SCI ,172.2,0,0,249.69
01947 ,0000296,SCI ,171.175,0,0,248.2
01947 ,0000298,SCI ,283.925,0,0,411.69
01947 ,0000299,SCI ,281.875,0,0,408.72
01947 ,0000300,SCI ,120.95,0,0,175.38
01947 ,0000301,SCI ,176.874,0,0,256.47
01947 ,0000302,SCI ,284.9705,0,0,413.21
01947 ,0000319,SCI ,1.148,0,0,1.67
01947 ,0000323,MIN ,22.24,0,0,32.25
01947 ,0000324,SCI ,56.76,72.25,0,72.25
01947 ,0000340,SCI ,102.3975,166.5,0,148.48
01947 ,0000342,SCI ,35.34,0,0,51.24
01947 ,0000343,SCI ,32.92,0,0,47.73
01947 ,0000345,SCI ,81.18,132,0,117.71
01947 ,0000346,SCI ,46.27875,75.25,0,67.1
01947 ,0000348,SCI ,62.94,0,0,91.26
01947 ,0000349,SCI ,48.12375,0,0,69.78
01947 ,0000350,SCI ,91.47,144.5,0,132.63
01947 ,0000351,SCI ,146.37,238,0,212.24
01947 ,0000352,SCI ,17.51,20,0,20
01947 ,0000353,SCI ,17.2,19.25,0,19.25
01947 ,0000354,SCI ,41.72,0,0,60.49
01947 ,0000355,SCI ,30.04,0,0,43.56
01947 ,0000356,SCI ,191.88,271,0,271
01947 ,0000357,SCI ,49.2,74.75,0,71.34
01947 ,0000361,SCI ,24.16,0,0,35.03
01947 ,0000362,SCI ,28.75125,42.5,0,41.69
01947 ,0000364,SCI ,61.51,0,0,89.19
01947 ,0000365,SCI ,116.235,189,0,168.54
01947 ,0000367,SCI ,54.4275,88.5,0,78.92
01947 ,0000389,SCI ,2.85,0,0,4.13
01947 ,0000399,SCI ,461.56,0,0,669.26
01947 ,0000413,STTV,13.6490025,0,0,19.79
01947 ,0000422,L L ,11.30862,0,0,16.4
01947 ,0000486,PHOT,0.97,0,0,1.41
01947 ,0000555,SCI ,2,0,0,2.9
01947 ,0000574,PHOT,11.07999375,12.99,0,12.99
01947 ,0000584,PHOT,15.78,0,0,22.88
01947 ,0000595,PHOT,3.49525,0,0,5.07
01947 ,0000604,MARI,18.928735,19,0,19
01947 ,0000615,PHOT,8.75,0,0,12.69
01947 ,0000623,PHOT,2.583,0,0,3.75
01947 ,0000637,SCI ,8.97,0,0,13.01
01947 ,0000645,STTV,8.74955375,8.99,0,8.99
01947 ,0000650,SCI ,12.63,0,0,18.31
01947 ,0000652,I R ,30.13738,0,0,43.7
01947 ,0000660,SCI ,9.05,0,0,13.12
01947 ,0000677,PHOT,26.18,0,0,37.96
01947 ,0000678,SCI ,15.83,0,0,22.95
01947 ,0000679,PHOT,13.5717175,0,0,19.68
01947 ,0000682,PHOT,3.6,0,0,5.22
01947 ,0000686,SCI ,12.55,0,0,18.2
01947 ,0000803,SCI ,29.53,0,0,42.82
01947 ,0000805,PHOT,12.13,0,0,17.59
01947 ,0000808,PHOT,5.79125,0,0,8.4
01947 ,0000829,PHOT,3.2595,0,0,4.73
01947 ,0000841,MIN ,2.57275,0,0,3.73
01947 ,0000844,MIN ,1.4965,0,0,2.17
01947 ,0000846,MIN ,1.2095,0,0,1.75
01947 ,0000847,MIN ,1.353,0,0,1.96
01947 ,0000849,MIN ,1.353,0,0,1.96
01947 ,0000850,MIN ,3.38,0,0,4.9
01947 ,0000851,MIN ,3.8976,0,0,5.65
01947 ,0000853,MIN ,3.4645,0,0,5.02
01947 ,0000855,MIN ,3.4645,0,0,5.02
01947 ,0000856,MIN ,5.87,0,0,8.51
01947 ,0000859,PHOT,1.42475,0,0,2.07
01947 ,0000860,PHOT,5.11475,0,0,7.42
01947 ,0000861,PHOT,1.148,0,0,1.67
01947 ,0000862,PHOT,12.12575,0,0,17.58
01947 ,0000863,PHOT,10.3935,0,0,15.07
01947 ,0000864,PHOT,9.99375,0,0,14.49
01947 ,0000865,PHOT,6.77525,0,0,9.82
01947 ,0000866,PHOT,3.8335,0,0,5.56
01947 ,0000868,PHOT,24.53,0,0,35.57
01947 ,0000870,PHOT,10.4345,0,0,15.13
01947 ,0000872,MARI,10.42425,0,0,15.12
01947 ,0000873,MARI,7.24675,0,0,10.51
01947 ,0000882,SCI ,3.61,0,0,5.24
01947 ,0000886,SCI ,3.7411885,0,0,5.42
01947 ,0000889,SCI ,7.18417,0,0,10.42
01947 ,0000898,PHOT,10.64975,0,0,15.44
01947 ,0000901,PHOT,5.1455,0,0,7.46
01947 ,0000902,PHOT,4.715,0,0,6.84
01947 ,0000903,PHOT,4.469,0,0,6.48
01947 ,0000904,PHOT,4.8995,0,0,7.1
01947 ,0000908,PHOT,4.56125,0,0,6.61
01947 ,0000910,PHOT,6.57,0,0,9.53
01947 ,0000914,PHOT,6.7855,0,0,9.84
01947 ,0000916,PHOT,1.5785,0,0,2.29
01947 ,0000920,PHOT,6.0885,0,0,8.83
01947 ,0000921,SCI ,8.4665,0,0,12.28
01947 ,0000922,PHOT,8.446,0,0,12.25
01947 ,0000924,PHOT,2.83925,0,0,4.12
01947 ,0000925,PHOT,13.54025,0,0,19.63
01947 ,0000926,PHOT,2.132,0,0,3.09
01947 ,0000927,PHOT,10.578,0,0,15.34
01947 ,0000928,PHOT,4.37675,0,0,6.35
01947 ,0000929,PHOT,7.6875,0,0,11.15
01947 ,0000930,PHOT,3.65925,0,0,5.31
01947 ,0000931,PHOT,4.43825,0,0,6.43
01947 ,0000932,PHOT,51.6805,0,0,74.94
01947 ,0000934,PHOT,6.18075,0,0,8.96
01947 ,0000935,PHOT,1.5785,0,0,2.29
01947 ,0000936,PHOT,2.501,0,0,3.63
01947 ,0000938,PHOT,4.90975,0,0,7.12
01947 ,0000940,SCI ,2.14225,0,0,3.11
01947 ,0000941,PHOT,2.3985,0,0,3.48
01947 ,0000942,PHOT,3.78225,0,0,5.48
01947 ,0000950,PHOT,6.5102875,0,0,9.44
01947 ,0000952,STTV,7.2538225,0,0,10.52
01947 ,0000963,MIN ,2.28375,0,0,3.31
01947 ,0000964,PHOT,6.0885,0,0,8.83
01947 ,0000967,SCI ,37.97,0,0,55.06
01947 ,0000981,PHOT,3.567,0,0,5.17
01947 ,0000982,PHOT,3.567,0,0,5.17
01947 ,0000985,PHOT,3.567,0,0,5.17
01947 ,0000986,PHOT,3.321,0,0,4.82
01947 ,0001001,SCI ,46.89375,76.25,0,68
01947 ,0001003,MIN ,2.30625,0,0,3.34
01947 ,0001006,PHOT,27.64425,7,0,7
01947 ,0001021,MIN ,7.37296,0,0,10.69
01947 ,0001022,MIN ,2.42925,0,0,3.52
01947 ,0001024,MIN ,3.76175,0,0,5.46
01947 ,0001028,PHOT,16.00025,0,0,23.2
01947 ,0001036,SCI ,10.11,0,0,14.66
01947 ,0001043,MIN ,2.10125,6.75,6.75,6.75
01947 ,0001045,MIN ,3.4645,0,0,5.02
01947 ,0001046,MIN ,1.9475,1.99,0,1.99
01947 ,0001048,MIN ,2.3165,0,0,3.36
01947 ,0001051,MIN ,3.29025,0,0,4.77
01947 ,0001069,SCI ,10.23,0,0,14.83
01947 ,0001073,SCI ,6.98,0,0,10.12
01947 ,0001074,SCI ,13.05,0,0,18.92
01947 ,0001087,SCI ,14.44225,0,0,20.94
01947 ,0001089,PHOT,10.21925,0,0,14.82
01947 ,0001090,SCI ,0.97,0,0,1.41
01947 ,0001111,PHOT,18.583635,27.5,0,26.95
01947 ,0001112,PHOT,25.625,0,0,37.16
01947 ,0001125,PHOT,29.71475,0,0,43.09
01947 ,0001128,STTV,11.521,0,0,16.7
01947 ,0001129,STTV,13.31475,0,0,19.31
01947 ,0001130,STTV,14.72925,0,0,21.36
01947 ,0001133,STTV,12.6485,0,0,18.34
01947 ,0001134,STTV,14.33975,0,0,20.79
01947 ,0001137,STTV,14.72925,0,0,21.36
01947 ,0001138,STTV,12.6485,0,0,18.34
01947 ,0001141,PHOT,14.33975,0,0,20.79
01966 ,0000102,DEUT,414.1,0,0,662.56
01966 ,0000105,VISI,189.625,0,0,303.4
01966 ,0000106,DEUT,442.8,0,0,708.48
01966 ,0000110,DEUT,455.1,0,0,728.16
01966 ,0000115,DEUT,533,0,0,852.8
01966 ,0000116,DEUT,533,0,0,852.8
01966 ,0000122,SCI ,133.7625,0,0,214.02
01966 ,0000123,DEUT,290.9975,0,0,465.6
01966 ,0000124,PHOT,4.88,0,0,7.81
01966 ,0000125,PHOT,10.3935,0,0,16.63
01966 ,0000128,DEUT,599.625,0,0,959.4
01966 ,0000130,DEUT,442.8,0,0,708.48
01966 ,0000131,DEUT,350.55,759,0,560.88
01966 ,0000133,DEUT,423.325,916,0,677.32
01966 ,0000134,DEUT,313.65,0,0,501.84
01966 ,0000150,GERM,24.28225,0,0,38.85
01966 ,0000156,GERM,9.9835,0,0,15.97
01966 ,0000157,GERM,5.41,0,0,8.66
01966 ,0000161,SCI ,40.07,0,0,64.11
01966 ,0000163,GERM,19.5,0,0,31.2
01966 ,0000179,GERM,25.61475,0,0,40.98
01966 ,0000183,GERM,6.806,0,0,10.89
01966 ,0000184,GERM,1.92,0,0,3.07
01966 ,0000187,GERM,36.31,0,0,58.1
01966 ,0000192,GERM,6.0475,0,0,9.68
01966 ,0000194,GERM,4.85,9,0,7.76
01966 ,0000195,GERM,6.4985,9.24,0,9.24
01966 ,0000226,GERM,6.88,0,0,11.01
01966 ,0000230,GERM,3.53625,0,0,5.66
01966 ,0000233,GERM,6.36525,0,0,10.18
01966 ,0000234,GERM,11.07,0,0,17.71
01966 ,0000235,GERM,8.35,0,0,13.36
01966 ,0000242,SCI ,234,0,0,374.4
01966 ,0000246,DEUT,598.6,0,0,957.76
01966 ,0000247,DEUT,455.1,0,0,728.16
01966 ,0000249,SCI ,198.86025,0,0,318.18
01966 ,0000250,SCI ,222.57875,0,0,356.13
01966 ,0000253,DEUT,521.2125,0,0,833.94
01966 ,0000255,DEUT,442.8,0,0,708.48
01966 ,0000256,SCI ,91.225,0,0,145.96
01966 ,0000257,SCI ,91.225,0,0,145.96
01966 ,0000259,SCI ,261.375,0,0,418.2
01966 ,0000262,SCI ,311.6,0,0,498.56
01966 ,0000265,SCI ,321.85,0,0,514.96
01966 ,0000266,SCI ,429.475,0,0,687.16
01966 ,0000267,SCI ,166.05,0,0,265.68
01966 ,0000268,SCI ,94.3,0,0,150.88
01966 ,0000269,SCI ,94.3,0,0,150.88
01966 ,0000270,SCI ,316.725,0,0,506.76
01966 ,0000292,SCI ,281.875,0,0,451
01966 ,0000293,SCI ,79.089,0,0,126.54
01966 ,0000294,SCI ,93.7055,0,0,149.93
01966 ,0000295,SCI ,172.2,0,0,275.52
01966 ,0000296,SCI ,171.175,0,0,273.88
01966 ,0000298,SCI ,283.925,0,0,454.28
01966 ,0000299,SCI ,281.875,0,0,451
01966 ,0000300,SCI ,120.95,0,0,193.52
01966 ,0000301,SCI ,176.874,0,0,283
01966 ,0000302,SCI ,284.9705,0,0,455.95
01966 ,0000319,SCI ,1.148,0,0,1.84
01966 ,0000323,MIN ,22.24,0,0,35.58
01966 ,0000324,SCI ,56.76,72.25,0,72.25
01966 ,0000340,SCI ,102.3975,166.5,0,163.84
01966 ,0000342,SCI ,35.34,0,0,56.54
01966 ,0000343,SCI ,32.92,0,0,52.67
01966 ,0000345,SCI ,81.18,132,0,129.89
01966 ,0000346,SCI ,46.27875,75.25,0,74.05
01966 ,0000348,SCI ,62.94,0,0,100.7
01966 ,0000349,SCI ,48.12375,0,0,77
01966 ,0000350,SCI ,91.47,144.5,0,144.5
01966 ,0000351,SCI ,146.37,238,0,234.19
01966 ,0000352,SCI ,17.51,20,0,20
01966 ,0000353,SCI ,17.2,19.25,0,19.25
01966 ,0000354,SCI ,41.72,0,0,66.75
01966 ,0000355,SCI ,30.04,0,0,48.06
01966 ,0000356,SCI ,191.88,271,0,271
01966 ,0000357,SCI ,49.2,74.75,0,74.75
01966 ,0000361,SCI ,24.16,0,0,38.66
01966 ,0000362,SCI ,28.75125,42.5,0,42.5
01966 ,0000364,SCI ,61.51,0,0,98.42
01966 ,0000365,SCI ,116.235,189,0,185.98
01966 ,0000367,SCI ,54.4275,88.5,0,87.08
01966 ,0000389,SCI ,2.85,0,0,4.56
01966 ,0000399,SCI ,461.56,0,0,738.5
01966 ,0000413,STTV,13.6490025,0,0,21.84
01966 ,0000422,L L ,11.30862,0,0,18.09
01966 ,0000486,PHOT,0.97,0,0,1.55
01966 ,0000555,SCI ,2,0,0,3.2
01966 ,0000574,PHOT,11.07999375,12.99,0,12.99
01966 ,0000584,PHOT,15.78,0,0,25.25
01966 ,0000595,PHOT,3.49525,0,0,5.59
01966 ,0000604,MARI,18.928735,19,0,19
01966 ,0000615,PHOT,8.75,0,0,14
01966 ,0000623,PHOT,2.583,0,0,4.13
01966 ,0000637,SCI ,8.97,0,0,14.35
01966 ,0000645,STTV,8.74955375,8.99,0,8.99
01966 ,0000650,SCI ,12.63,0,0,20.21
01966 ,0000652,I R ,30.13738,0,0,48.22
01966 ,0000660,SCI ,9.05,0,0,14.48
01966 ,0000677,PHOT,26.18,0,0,41.89
01966 ,0000678,SCI ,15.83,0,0,25.33
01966 ,0000679,PHOT,13.5717175,0,0,21.71
01966 ,0000682,PHOT,3.6,0,0,5.76
01966 ,0000686,SCI ,12.55,0,0,20.08
01966 ,0000803,SCI ,29.53,0,0,47.25
01966 ,0000805,PHOT,12.13,0,0,19.41
01966 ,0000808,PHOT,5.79125,0,0,9.27
01966 ,0000829,PHOT,3.2595,0,0,5.21
01966 ,0000841,MIN ,2.57275,0,0,4.12
01966 ,0000844,MIN ,1.4965,0,0,2.39
01966 ,0000846,MIN ,1.2095,0,0,1.94
01966 ,0000847,MIN ,1.353,0,0,2.17
01966 ,0000849,MIN ,1.353,0,0,2.17
01966 ,0000850,MIN ,3.38,0,0,5.41
01966 ,0000851,MIN ,3.8976,0,0,6.24
01966 ,0000853,MIN ,3.4645,0,0,5.54
01966 ,0000855,MIN ,3.4645,0,0,5.54
01966 ,0000856,MIN ,5.87,0,0,9.39
01966 ,0000859,PHOT,1.42475,0,0,2.28
01966 ,0000860,PHOT,5.11475,0,0,8.18
01966 ,0000861,PHOT,1.148,0,0,1.84
01966 ,0000862,PHOT,12.12575,0,0,19.4
01966 ,0000863,PHOT,10.3935,0,0,16.63
01966 ,0000864,PHOT,9.99375,0,0,15.99
01966 ,0000865,PHOT,6.77525,0,0,10.84
01966 ,0000866,PHOT,3.8335,0,0,6.13
01966 ,0000868,PHOT,24.53,0,0,39.25
01966 ,0000870,PHOT,10.4345,0,0,16.7
01966 ,0000872,MARI,10.42425,0,0,16.68
01966 ,0000873,MARI,7.24675,0,0,11.6
01966 ,0000882,SCI ,3.61,0,0,5.78
01966 ,0000886,SCI ,3.7411885,0,0,5.99
01966 ,0000889,SCI ,7.18417,0,0,11.49
01966 ,0000898,PHOT,10.64975,0,0,17.04
01966 ,0000901,PHOT,5.1455,0,0,8.23
01966 ,0000902,PHOT,4.715,0,0,7.54
01966 ,0000903,PHOT,4.469,0,0,7.15
01966 ,0000904,PHOT,4.8995,0,0,7.84
01966 ,0000908,PHOT,4.56125,0,0,7.3
01966 ,0000910,PHOT,6.57,0,0,10.51
01966 ,0000914,PHOT,6.7855,0,0,10.86
01966 ,0000916,PHOT,1.5785,0,0,2.53
01966 ,0000920,PHOT,6.0885,0,0,9.74
01966 ,0000921,SCI ,8.4665,0,0,13.55
01966 ,0000922,PHOT,8.446,0,0,13.51
01966 ,0000924,PHOT,2.83925,0,0,4.54
01966 ,0000925,PHOT,13.54025,0,0,21.66
01966 ,0000926,PHOT,2.132,0,0,3.41
01966 ,0000927,PHOT,10.578,0,0,16.93
01966 ,0000928,PHOT,4.37675,0,0,7
01966 ,0000929,PHOT,7.6875,0,0,12.3
01966 ,0000930,PHOT,3.65925,0,0,5.86
01966 ,0000931,PHOT,4.43825,0,0,7.1
01966 ,0000932,PHOT,51.6805,0,0,82.69
01966 ,0000934,PHOT,6.18075,0,0,9.89
01966 ,0000935,PHOT,1.5785,0,0,2.53
01966 ,0000936,PHOT,2.501,0,0,4
01966 ,0000938,PHOT,4.90975,0,0,7.86
01966 ,0000940,SCI ,2.14225,0,0,3.43
01966 ,0000941,PHOT,2.3985,0,0,3.84
01966 ,0000942,PHOT,3.78225,0,0,6.05
01966 ,0000950,PHOT,6.5102875,0,0,10.42
01966 ,0000952,STTV,7.2538225,0,0,11.61
01966 ,0000963,MIN ,2.28375,0,0,3.65
01966 ,0000964,PHOT,6.0885,0,0,9.74
01966 ,0000967,SCI ,37.97,0,0,60.75
01966 ,0000981,PHOT,3.567,0,0,5.71
01966 ,0000982,PHOT,3.567,0,0,5.71
01966 ,0000985,PHOT,3.567,0,0,5.71
01966 ,0000986,PHOT,3.321,0,0,5.31
01966 ,0001001,SCI ,46.89375,76.25,0,75.03
01966 ,0001003,MIN ,2.30625,0,0,3.69
01966 ,0001006,PHOT,27.64425,7,0,7
01966 ,0001021,MIN ,7.37296,0,0,11.8
01966 ,0001022,MIN ,2.42925,0,0,3.89
01966 ,0001024,MIN ,3.76175,0,0,6.02
01966 ,0001028,PHOT,16.00025,0,0,25.6
01966 ,0001036,SCI ,10.11,0,0,16.18
01966 ,0001043,MIN ,2.10125,6.75,6.75,6.75
01966 ,0001045,MIN ,3.4645,0,0,5.54
01966 ,0001046,MIN ,1.9475,1.99,0,1.99
01966 ,0001048,MIN ,2.3165,0,0,3.71
01966 ,0001051,MIN ,3.29025,0,0,5.26
01966 ,0001069,SCI ,10.23,0,0,16.37
01966 ,0001073,SCI ,6.98,0,0,11.17
01966 ,0001074,SCI ,13.05,0,0,20.88
01966 ,0001087,SCI ,14.44225,0,0,23.11
01966 ,0001089,PHOT,10.21925,0,0,16.35
01966 ,0001090,SCI ,0.97,0,0,1.55
01966 ,0001111,PHOT,18.583635,27.5,0,27.5
01966 ,0001112,PHOT,25.625,0,0,41
01966 ,0001125,PHOT,29.71475,0,0,47.54
01966 ,0001128,STTV,11.521,0,0,18.43
01966 ,0001129,STTV,13.31475,0,0,21.3
01966 ,0001130,STTV,14.72925,0,0,23.57
01966 ,0001133,STTV,12.6485,0,0,20.24
01966 ,0001134,STTV,14.33975,0,0,22.94
01966 ,0001137,STTV,14.72925,0,0,23.57
01966 ,0001138,STTV,12.6485,0,0,20.24
01966 ,0001141,PHOT,14.33975,0,0,22.94
01986 ,0000102,DEUT,414.1,0,0,579.74
01986 ,0000105,VISI,189.625,0,0,265.48
01986 ,0000106,DEUT,442.8,0,0,619.92
01986 ,0000110,DEUT,455.1,0,0,637.14
01986 ,0000115,DEUT,533,0,0,746.2
01986 ,0000116,DEUT,533,0,0,746.2
01986 ,0000122,SCI ,133.7625,0,0,187.27
01986 ,0000123,DEUT,290.9975,0,0,407.4
01986 ,0000124,PHOT,4.88,0,0,6.83
01986 ,0000125,PHOT,10.3935,0,0,14.55
01986 ,0000128,DEUT,599.625,0,0,839.48
01986 ,0000130,DEUT,442.8,0,0,619.92
01986 ,0000131,DEUT,350.55,759,0,490.77
01986 ,0000133,DEUT,423.325,916,0,592.65
01986 ,0000134,DEUT,313.65,0,0,439.11
01986 ,0000150,GERM,24.28225,0,0,33.99
01986 ,0000156,GERM,9.9835,0,0,13.98
01986 ,0000157,GERM,5.41,0,0,7.57
01986 ,0000161,SCI ,40.07,0,0,56.1
01986 ,0000163,GERM,19.5,0,0,27.3
01986 ,0000179,GERM,25.61475,0,0,35.86
01986 ,0000183,GERM,6.806,0,0,9.53
01986 ,0000184,GERM,1.92,0,0,2.69
01986 ,0000187,GERM,36.31,0,0,50.83
01986 ,0000192,GERM,6.0475,0,0,8.47
01986 ,0000194,GERM,4.85,9,0,6.79
01986 ,0000195,GERM,6.4985,9.24,0,9.1
01986 ,0000226,GERM,6.88,0,0,9.63
01986 ,0000230,GERM,3.53625,0,0,4.95
01986 ,0000233,GERM,6.36525,0,0,8.91
01986 ,0000234,GERM,11.07,0,0,15.5
01986 ,0000235,GERM,8.35,0,0,11.69
01986 ,0000242,SCI ,234,0,0,327.6
01986 ,0000246,DEUT,598.6,0,0,838.04
01986 ,0000247,DEUT,455.1,0,0,637.14
01986 ,0000249,SCI ,198.86025,0,0,278.4
01986 ,0000250,SCI ,222.57875,0,0,311.61
01986 ,0000253,DEUT,521.2125,0,0,729.7
01986 ,0000255,DEUT,442.8,0,0,619.92
01986 ,0000256,SCI ,91.225,0,0,127.72
01986 ,0000257,SCI ,91.225,0,0,127.72
01986 ,0000259,SCI ,261.375,0,0,365.93
01986 ,0000262,SCI ,311.6,0,0,436.24
01986 ,0000265,SCI ,321.85,0,0,450.59
01986 ,0000266,SCI ,429.475,0,0,601.26
01986 ,0000267,SCI ,166.05,0,0,232.47
01986 ,0000268,SCI ,94.3,0,0,132.02
01986 ,0000269,SCI ,94.3,0,0,132.02
01986 ,0000270,SCI ,316.725,0,0,443.42
01986 ,0000292,SCI ,281.875,0,0,394.63
01986 ,0000293,SCI ,79.089,0,0,110.72
01986 ,0000294,SCI ,93.7055,0,0,131.19
01986 ,0000295,SCI ,172.2,0,0,241.08
01986 ,0000296,SCI ,171.175,0,0,239.65
01986 ,0000298,SCI ,283.925,0,0,397.5
01986 ,0000299,SCI ,281.875,0,0,394.63
01986 ,0000300,SCI ,120.95,0,0,169.33
01986 ,0000301,SCI ,176.874,0,0,247.62
01986 ,0000302,SCI ,284.9705,0,0,398.96
01986 ,0000319,SCI ,1.148,0,0,1.61
01986 ,0000323,MIN ,22.24,0,0,31.14
01986 ,0000324,SCI ,56.76,72.25,0,72.25
01986 ,0000340,SCI ,102.3975,166.5,0,143.36
01986 ,0000342,SCI ,35.34,0,0,49.48
01986 ,0000343,SCI ,32.92,0,0,46.09
01986 ,0000345,SCI ,81.18,132,0,113.65
01986 ,0000346,SCI ,46.27875,75.25,0,64.79
01986 ,0000348,SCI ,62.94,0,0,88.12
01986 ,0000349,SCI ,48.12375,0,0,67.37
01986 ,0000350,SCI ,91.47,144.5,0,128.06
01986 ,0000351,SCI ,146.37,238,0,204.92
01986 ,0000352,SCI ,17.51,20,0,20
01986 ,0000353,SCI ,17.2,19.25,0,19.25
01986 ,0000354,SCI ,41.72,0,0,58.41
01986 ,0000355,SCI ,30.04,0,0,42.06
01986 ,0000356,SCI ,191.88,271,0,268.63
01986 ,0000357,SCI ,49.2,74.75,0,68.88
01986 ,0000361,SCI ,24.16,0,0,33.82
01986 ,0000362,SCI ,28.75125,42.5,0,40.25
01986 ,0000364,SCI ,61.51,0,0,86.11
01986 ,0000365,SCI ,116.235,189,0,162.73
01986 ,0000367,SCI ,54.4275,88.5,0,76.2
01986 ,0000389,SCI ,2.85,0,0,3.99
01986 ,0000399,SCI ,461.56,0,0,646.18
01986 ,0000413,STTV,13.6490025,0,0,19.11
01986 ,0000422,L L ,11.30862,0,0,15.83
01986 ,0000486,PHOT,0.97,0,0,1.36
01986 ,0000555,SCI ,2,0,0,2.8
01986 ,0000574,PHOT,11.07999375,12.99,0,12.99
01986 ,0000584,PHOT,15.78,0,0,22.09
01986 ,0000595,PHOT,3.49525,0,0,4.89
01986 ,0000604,MARI,18.928735,19,0,19
01986 ,0000615,PHOT,8.75,0,0,12.25
01986 ,0000623,PHOT,2.583,0,0,3.62
01986 ,0000637,SCI ,8.97,0,0,12.56
01986 ,0000645,STTV,8.74955375,8.99,0,8.99
01986 ,0000650,SCI ,12.63,0,0,17.68
01986 ,0000652,I R ,30.13738,0,0,42.19
01986 ,0000660,SCI ,9.05,0,0,12.67
01986 ,0000677,PHOT,26.18,0,0,36.65
01986 ,0000678,SCI ,15.83,0,0,22.16
01986 ,0000679,PHOT,13.5717175,0,0,19
01986 ,0000682,PHOT,3.6,0,0,5.04
01986 ,0000686,SCI ,12.55,0,0,17.57
01986 ,0000803,SCI ,29.53,0,0,41.34
01986 ,0000805,PHOT,12.13,0,0,16.98
01986 ,0000808,PHOT,5.79125,0,0,8.11
01986 ,0000829,PHOT,3.2595,0,0,4.56
01986 ,0000841,MIN ,2.57275,0,0,3.6
01986 ,0000844,MIN ,1.4965,0,0,2.1
01986 ,0000846,MIN ,1.2095,0,0,1.69
01986 ,0000847,MIN ,1.353,0,0,1.89
01986 ,0000849,MIN ,1.353,0,0,1.89
01986 ,0000850,MIN ,3.38,0,0,4.73
01986 ,0000851,MIN ,3.8976,0,0,5.46
01986 ,0000853,MIN ,3.4645,0,0,4.85
01986 ,0000855,MIN ,3.4645,0,0,4.85
01986 ,0000856,MIN ,5.87,0,0,8.22
01986 ,0000859,PHOT,1.42475,0,0,2
01986 ,0000860,PHOT,5.11475,0,0,7.16
01986 ,0000861,PHOT,1.148,0,0,1.61
01986 ,0000862,PHOT,12.12575,0,0,16.98
01986 ,0000863,PHOT,10.3935,0,0,14.55
01986 ,0000864,PHOT,9.99375,0,0,13.99
01986 ,0000865,PHOT,6.77525,0,0,9.48
01986 ,0000866,PHOT,3.8335,0,0,5.37
01986 ,0000868,PHOT,24.53,0,0,34.34
01986 ,0000870,PHOT,10.4345,0,0,14.61
01986 ,0000872,MARI,10.42425,0,0,14.59
01986 ,0000873,MARI,7.24675,0,0,10.14
01986 ,0000882,SCI ,3.61,0,0,5.05
01986 ,0000886,SCI ,3.7411885,0,0,5.24
01986 ,0000889,SCI ,7.18417,0,0,10.06
01986 ,0000898,PHOT,10.64975,0,0,14.91
01986 ,0000901,PHOT,5.1455,0,0,7.2
01986 ,0000902,PHOT,4.715,0,0,6.6
01986 ,0000903,PHOT,4.469,0,0,6.26
01986 ,0000904,PHOT,4.8995,0,0,6.86
01986 ,0000908,PHOT,4.56125,0,0,6.39
01986 ,0000910,PHOT,6.57,0,0,9.2
01986 ,0000914,PHOT,6.7855,0,0,9.5
01986 ,0000916,PHOT,1.5785,0,0,2.21
01986 ,0000920,PHOT,6.0885,0,0,8.52
01986 ,0000921,SCI ,8.4665,0,0,11.85
01986 ,0000922,PHOT,8.446,0,0,11.82
01986 ,0000924,PHOT,2.83925,0,0,3.98
01986 ,0000925,PHOT,13.54025,0,0,18.96
01986 ,0000926,PHOT,2.132,0,0,2.98
01986 ,0000927,PHOT,10.578,0,0,14.81
01986 ,0000928,PHOT,4.37675,0,0,6.13
01986 ,0000929,PHOT,7.6875,0,0,10.76
01986 ,0000930,PHOT,3.65925,0,0,5.12
01986 ,0000931,PHOT,4.43825,0,0,6.21
01986 ,0000932,PHOT,51.6805,0,0,72.35
01986 ,0000934,PHOT,6.18075,0,0,8.65
01986 ,0000935,PHOT,1.5785,0,0,2.21
01986 ,0000936,PHOT,2.501,0,0,3.5
01986 ,0000938,PHOT,4.90975,0,0,6.87
01986 ,0000940,SCI ,2.14225,0,0,3
01986 ,0000941,PHOT,2.3985,0,0,3.36
01986 ,0000942,PHOT,3.78225,0,0,5.29
01986 ,0000950,PHOT,6.5102875,0,0,9.11
01986 ,0000952,STTV,7.2538225,0,0,10.15
01986 ,0000963,MIN ,2.28375,0,0,3.2
01986 ,0000964,PHOT,6.0885,0,0,8.52
01986 ,0000967,SCI ,37.97,0,0,53.16
01986 ,0000981,PHOT,3.567,0,0,4.99
01986 ,0000982,PHOT,3.567,0,0,4.99
01986 ,0000985,PHOT,3.567,0,0,4.99
01986 ,0000986,PHOT,3.321,0,0,4.65
01986 ,0001001,SCI ,46.89375,76.25,0,65.65
01986 ,0001003,MIN ,2.30625,0,0,3.23
01986 ,0001006,PHOT,27.64425,7,0,7
01986 ,0001021,MIN ,7.37296,0,0,10.32
01986 ,0001022,MIN ,2.42925,0,0,3.4
01986 ,0001024,MIN ,3.76175,0,0,5.27
01986 ,0001028,PHOT,16.00025,0,0,22.4
01986 ,0001036,SCI ,10.11,0,0,14.15
01986 ,0001043,MIN ,2.10125,6.75,6.75,6.75
01986 ,0001045,MIN ,3.4645,0,0,4.85
01986 ,0001046,MIN ,1.9475,1.99,0,1.99
01986 ,0001048,MIN ,2.3165,0,0,3.24
01986 ,0001051,MIN ,3.29025,0,0,4.61
01986 ,0001069,SCI ,10.23,0,0,14.32
01986 ,0001073,SCI ,6.98,0,0,9.77
01986 ,0001074,SCI ,13.05,0,0,18.27
01986 ,0001087,SCI ,14.44225,0,0,20.22
01986 ,0001089,PHOT,10.21925,0,0,14.31
01986 ,0001090,SCI ,0.97,0,0,1.36
01986 ,0001111,PHOT,18.583635,27.5,0,26.02
01986 ,0001112,PHOT,25.625,0,0,35.88
01986 ,0001125,PHOT,29.71475,0,0,41.6
01986 ,0001128,STTV,11.521,0,0,16.13
01986 ,0001129,STTV,13.31475,0,0,18.64
01986 ,0001130,STTV,14.72925,0,0,20.62
01986 ,0001133,STTV,12.6485,0,0,17.71
01986 ,0001134,STTV,14.33975,0,0,20.08
01986 ,0001137,STTV,14.72925,0,0,20.62
01986 ,0001138,STTV,12.6485,0,0,17.71
01986 ,0001141,PHOT,14.33975,0,0,20.08
02003 ,0000102,DEUT,414.1,0,0,662.56
02003 ,0000105,VISI,189.625,0,0,303.4
02003 ,0000106,DEUT,442.8,0,0,708.48
02003 ,0000110,DEUT,455.1,0,0,728.16
02003 ,0000115,DEUT,533,0,0,852.8
02003 ,0000116,DEUT,533,0,0,852.8
02003 ,0000122,SCI ,133.7625,0,0,214.02
02003 ,0000123,DEUT,290.9975,0,0,465.6
02003 ,0000124,PHOT,4.88,0,0,7.81
02003 ,0000125,PHOT,10.3935,0,0,16.63
02003 ,0000128,DEUT,599.625,0,0,959.4
02003 ,0000130,DEUT,442.8,0,0,708.48
02003 ,0000131,DEUT,350.55,759,0,560.88
02003 ,0000133,DEUT,423.325,916,0,677.32
02003 ,0000134,DEUT,313.65,0,0,501.84
02003 ,0000150,GERM,24.28225,0,0,38.85
02003 ,0000156,GERM,9.9835,0,0,15.97
02003 ,0000157,GERM,5.41,0,0,8.66
02003 ,0000161,SCI ,40.07,0,0,64.11
02003 ,0000163,GERM,19.5,0,0,31.2
02003 ,0000179,GERM,25.61475,0,0,40.98
02003 ,0000183,GERM,6.806,0,0,10.89
02003 ,0000184,GERM,1.92,0,0,3.07
02003 ,0000187,GERM,36.31,0,0,58.1
02003 ,0000192,GERM,6.0475,0,0,9.68
02003 ,0000194,GERM,4.85,9,0,7.76
02003 ,0000195,GERM,6.4985,9.24,0,9.24
02003 ,0000226,GERM,6.88,0,0,11.01
02003 ,0000230,GERM,3.53625,0,0,5.66
02003 ,0000233,GERM,6.36525,0,0,10.18
02003 ,0000234,GERM,11.07,0,0,17.71
02003 ,0000235,GERM,8.35,0,0,13.36
02003 ,0000242,SCI ,234,0,0,374.4
02003 ,0000246,DEUT,598.6,0,0,957.76
02003 ,0000247,DEUT,455.1,0,0,728.16
02003 ,0000249,SCI ,198.86025,0,0,318.18
02003 ,0000250,SCI ,222.57875,0,0,356.13
02003 ,0000253,DEUT,521.2125,0,0,833.94
02003 ,0000255,DEUT,442.8,0,0,708.48
02003 ,0000256,SCI ,91.225,0,0,145.96
02003 ,0000257,SCI ,91.225,0,0,145.96
02003 ,0000259,SCI ,261.375,0,0,418.2
02003 ,0000262,SCI ,311.6,0,0,498.56
02003 ,0000265,SCI ,321.85,0,0,514.96
02003 ,0000266,SCI ,429.475,0,0,687.16
02003 ,0000267,SCI ,166.05,0,0,265.68
02003 ,0000268,SCI ,94.3,0,0,150.88
02003 ,0000269,SCI ,94.3,0,0,150.88
02003 ,0000270,SCI ,316.725,0,0,506.76
02003 ,0000292,SCI ,281.875,0,0,451
02003 ,0000293,SCI ,79.089,0,0,126.54
02003 ,0000294,SCI ,93.7055,0,0,149.93
02003 ,0000295,SCI ,172.2,0,0,275.52
02003 ,0000296,SCI ,171.175,0,0,273.88
02003 ,0000298,SCI ,283.925,0,0,454.28
02003 ,0000299,SCI ,281.875,0,0,451
02003 ,0000300,SCI ,120.95,0,0,193.52
02003 ,0000301,SCI ,176.874,0,0,283
02003 ,0000302,SCI ,284.9705,0,0,455.95
02003 ,0000319,SCI ,1.148,0,0,1.84
02003 ,0000323,MIN ,22.24,0,0,35.58
02003 ,0000324,SCI ,56.76,72.25,0,72.25
02003 ,0000340,SCI ,102.3975,166.5,0,163.84
02003 ,0000342,SCI ,35.34,0,0,56.54
02003 ,0000343,SCI ,32.92,0,0,52.67
02003 ,0000345,SCI ,81.18,132,0,129.89
02003 ,0000346,SCI ,46.27875,75.25,0,74.05
02003 ,0000348,SCI ,62.94,0,0,100.7
02003 ,0000349,SCI ,48.12375,0,0,77
02003 ,0000350,SCI ,91.47,144.5,0,144.5
02003 ,0000351,SCI ,146.37,238,0,234.19
02003 ,0000352,SCI ,17.51,20,0,20
02003 ,0000353,SCI ,17.2,19.25,0,19.25
02003 ,0000354,SCI ,41.72,0,0,66.75
02003 ,0000355,SCI ,30.04,0,0,48.06
02003 ,0000356,SCI ,191.88,271,0,271
02003 ,0000357,SCI ,49.2,74.75,0,74.75
02003 ,0000361,SCI ,24.16,0,0,38.66
02003 ,0000362,SCI ,28.75125,42.5,0,42.5
02003 ,0000364,SCI ,61.51,0,0,98.42
02003 ,0000365,SCI ,116.235,189,0,185.98
02003 ,0000367,SCI ,54.4275,88.5,0,87.08
02003 ,0000389,SCI ,2.85,0,0,4.56
02003 ,0000399,SCI ,461.56,0,0,738.5
02003 ,0000413,STTV,13.6490025,0,0,21.84
02003 ,0000422,L L ,11.30862,0,0,18.09
02003 ,0000486,PHOT,0.97,0,0,1.55
02003 ,0000555,SCI ,2,0,0,3.2
02003 ,0000574,PHOT,11.07999375,12.99,0,12.99
02003 ,0000584,PHOT,15.78,0,0,25.25
02003 ,0000595,PHOT,3.49525,0,0,5.59
02003 ,0000604,MARI,18.928735,19,0,19
02003 ,0000615,PHOT,8.75,0,0,14
02003 ,0000623,PHOT,2.583,0,0,4.13
02003 ,0000637,SCI ,8.97,0,0,14.35
02003 ,0000645,STTV,8.74955375,8.99,0,8.99
02003 ,0000650,SCI ,12.63,0,0,20.21
02003 ,0000652,I R ,30.13738,0,0,48.22
02003 ,0000660,SCI ,9.05,0,0,14.48
02003 ,0000677,PHOT,26.18,0,0,41.89
02003 ,0000678,SCI ,15.83,0,0,25.33
02003 ,0000679,PHOT,13.5717175,0,0,21.71
02003 ,0000682,PHOT,3.6,0,0,5.76
02003 ,0000686,SCI ,12.55,0,0,20.08
02003 ,0000803,SCI ,29.53,0,0,47.25
02003 ,0000805,PHOT,12.13,0,0,19.41
02003 ,0000808,PHOT,5.79125,0,0,9.27
02003 ,0000829,PHOT,3.2595,0,0,5.21
02003 ,0000841,MIN ,2.57275,0,0,4.12
02003 ,0000844,MIN ,1.4965,0,0,2.39
02003 ,0000846,MIN ,1.2095,0,0,1.94
02003 ,0000847,MIN ,1.353,0,0,2.17
02003 ,0000849,MIN ,1.353,0,0,2.17
02003 ,0000850,MIN ,3.38,0,0,5.41
02003 ,0000851,MIN ,3.8976,0,0,6.24
02003 ,0000853,MIN ,3.4645,0,0,5.54
02003 ,0000855,MIN ,3.4645,0,0,5.54
02003 ,0000856,MIN ,5.87,0,0,9.39
02003 ,0000859,PHOT,1.42475,0,0,2.28
02003 ,0000860,PHOT,5.11475,0,0,8.18
02003 ,0000861,PHOT,1.148,0,0,1.84
02003 ,0000862,PHOT,12.12575,0,0,19.4
02003 ,0000863,PHOT,10.3935,0,0,16.63
02003 ,0000864,PHOT,9.99375,0,0,15.99
02003 ,0000865,PHOT,6.77525,0,0,10.84
02003 ,0000866,PHOT,3.8335,0,0,6.13
02003 ,0000868,PHOT,24.53,0,0,39.25
02003 ,0000870,PHOT,10.4345,0,0,16.7
02003 ,0000872,MARI,10.42425,0,0,16.68
02003 ,0000873,MARI,7.24675,0,0,11.6
02003 ,0000882,SCI ,3.61,0,0,5.78
02003 ,0000886,SCI ,3.7411885,0,0,5.99
02003 ,0000889,SCI ,7.18417,0,0,11.49
02003 ,0000898,PHOT,10.64975,0,0,17.04
02003 ,0000901,PHOT,5.1455,0,0,8.23
02003 ,0000902,PHOT,4.715,0,0,7.54
02003 ,0000903,PHOT,4.469,0,0,7.15
02003 ,0000904,PHOT,4.8995,0,0,7.84
02003 ,0000908,PHOT,4.56125,0,0,7.3
02003 ,0000910,PHOT,6.57,0,0,10.51
02003 ,0000914,PHOT,6.7855,0,0,10.86
02003 ,0000916,PHOT,1.5785,0,0,2.53
02003 ,0000920,PHOT,6.0885,0,0,9.74
02003 ,0000921,SCI ,8.4665,0,0,13.55
02003 ,0000922,PHOT,8.446,0,0,13.51
02003 ,0000924,PHOT,2.83925,0,0,4.54
02003 ,0000925,PHOT,13.54025,0,0,21.66
02003 ,0000926,PHOT,2.132,0,0,3.41
02003 ,0000927,PHOT,10.578,0,0,16.93
02003 ,0000928,PHOT,4.37675,0,0,7
02003 ,0000929,PHOT,7.6875,0,0,12.3
02003 ,0000930,PHOT,3.65925,0,0,5.86
02003 ,0000931,PHOT,4.43825,0,0,7.1
02003 ,0000932,PHOT,51.6805,0,0,82.69
02003 ,0000934,PHOT,6.18075,0,0,9.89
02003 ,0000935,PHOT,1.5785,0,0,2.53
02003 ,0000936,PHOT,2.501,0,0,4
02003 ,0000938,PHOT,4.90975,0,0,7.86
02003 ,0000940,SCI ,2.14225,0,0,3.43
02003 ,0000941,PHOT,2.3985,0,0,3.84
02003 ,0000942,PHOT,3.78225,0,0,6.05
02003 ,0000950,PHOT,6.5102875,0,0,10.42
02003 ,0000952,STTV,7.2538225,0,0,11.61
02003 ,0000963,MIN ,2.28375,0,0,3.65
02003 ,0000964,PHOT,6.0885,0,0,9.74
02003 ,0000967,SCI ,37.97,0,0,60.75
02003 ,0000981,PHOT,3.567,0,0,5.71
02003 ,0000982,PHOT,3.567,0,0,5.71
02003 ,0000985,PHOT,3.567,0,0,5.71
02003 ,0000986,PHOT,3.321,0,0,5.31
02003 ,0001001,SCI ,46.89375,76.25,0,75.03
02003 ,0001003,MIN ,2.30625,0,0,3.69
02003 ,0001006,PHOT,27.64425,7,0,7
02003 ,0001021,MIN ,7.37296,0,0,11.8
02003 ,0001022,MIN ,2.42925,0,0,3.89
02003 ,0001024,MIN ,3.76175,0,0,6.02
02003 ,0001028,PHOT,16.00025,0,0,25.6
02003 ,0001036,SCI ,10.11,0,0,16.18
02003 ,0001043,MIN ,2.10125,6.75,6.75,6.75
02003 ,0001045,MIN ,3.4645,0,0,5.54
02003 ,0001046,MIN ,1.9475,1.99,0,1.99
02003 ,0001048,MIN ,2.3165,0,0,3.71
02003 ,0001051,MIN ,3.29025,0,0,5.26
02003 ,0001069,SCI ,10.23,0,0,16.37
02003 ,0001073,SCI ,6.98,0,0,11.17
02003 ,0001074,SCI ,13.05,0,0,20.88
02003 ,0001087,SCI ,14.44225,0,0,23.11
02003 ,0001089,PHOT,10.21925,0,0,16.35
02003 ,0001090,SCI ,0.97,0,0,1.55
02003 ,0001111,PHOT,18.583635,27.5,0,27.5
02003 ,0001112,PHOT,25.625,0,0,41
02003 ,0001125,PHOT,29.71475,0,0,47.54
02003 ,0001128,STTV,11.521,0,0,18.43
02003 ,0001129,STTV,13.31475,0,0,21.3
02003 ,0001130,STTV,14.72925,0,0,23.57
02003 ,0001133,STTV,12.6485,0,0,20.24
02003 ,0001134,STTV,14.33975,0,0,22.94
02003 ,0001137,STTV,14.72925,0,0,23.57
02003 ,0001138,STTV,12.6485,0,0,20.24
02003 ,0001141,PHOT,14.33975,0,0,22.94
02051 ,0000102,DEUT,414.1,0,0,662.56
02051 ,0000105,VISI,189.625,0,0,303.4
02051 ,0000106,DEUT,442.8,0,0,708.48
02051 ,0000110,DEUT,455.1,0,0,728.16
02051 ,0000115,DEUT,533,0,0,852.8
02051 ,0000116,DEUT,533,0,0,852.8
02051 ,0000122,SCI ,133.7625,0,0,214.02
02051 ,0000123,DEUT,290.9975,0,0,465.6
02051 ,0000124,PHOT,4.88,0,0,7.81
02051 ,0000125,PHOT,10.3935,0,0,16.63
02051 ,0000128,DEUT,599.625,0,0,959.4
02051 ,0000130,DEUT,442.8,0,0,708.48
02051 ,0000131,DEUT,350.55,759,0,560.88
02051 ,0000133,DEUT,423.325,916,0,677.32
02051 ,0000134,DEUT,313.65,0,0,501.84
02051 ,0000150,GERM,24.28225,0,0,38.85
02051 ,0000156,GERM,9.9835,0,0,15.97
02051 ,0000157,GERM,5.41,0,0,8.66
02051 ,0000161,SCI ,40.07,0,0,64.11
02051 ,0000163,GERM,19.5,0,0,31.2
02051 ,0000179,GERM,25.61475,0,0,40.98
02051 ,0000183,GERM,6.806,0,0,10.89
02051 ,0000184,GERM,1.92,0,0,3.07
02051 ,0000187,GERM,36.31,0,0,58.1
02051 ,0000192,GERM,6.0475,0,0,9.68
02051 ,0000194,GERM,4.85,9,0,7.76
02051 ,0000195,GERM,6.4985,9.24,0,9.24
02051 ,0000226,GERM,6.88,0,0,11.01
02051 ,0000230,GERM,3.53625,0,0,5.66
02051 ,0000233,GERM,6.36525,0,0,10.18
02051 ,0000234,GERM,11.07,0,0,17.71
02051 ,0000235,GERM,8.35,0,0,13.36
02051 ,0000242,SCI ,234,0,0,374.4
02051 ,0000246,DEUT,598.6,0,0,957.76
02051 ,0000247,DEUT,455.1,0,0,728.16
02051 ,0000249,SCI ,198.86025,0,0,318.18
02051 ,0000250,SCI ,222.57875,0,0,356.13
02051 ,0000253,DEUT,521.2125,0,0,833.94
02051 ,0000255,DEUT,442.8,0,0,708.48
02051 ,0000256,SCI ,91.225,0,0,145.96
02051 ,0000257,SCI ,91.225,0,0,145.96
02051 ,0000259,SCI ,261.375,0,0,418.2
02051 ,0000262,SCI ,311.6,0,0,498.56
02051 ,0000265,SCI ,321.85,0,0,514.96
02051 ,0000266,SCI ,429.475,0,0,687.16
02051 ,0000267,SCI ,166.05,0,0,265.68
02051 ,0000268,SCI ,94.3,0,0,150.88
02051 ,0000269,SCI ,94.3,0,0,150.88
02051 ,0000270,SCI ,316.725,0,0,506.76
02051 ,0000292,SCI ,281.875,0,0,451
02051 ,0000293,SCI ,79.089,0,0,126.54
02051 ,0000294,SCI ,93.7055,0,0,149.93
02051 ,0000295,SCI ,172.2,0,0,275.52
02051 ,0000296,SCI ,171.175,0,0,273.88
02051 ,0000298,SCI ,283.925,0,0,454.28
02051 ,0000299,SCI ,281.875,0,0,451
02051 ,0000300,SCI ,120.95,0,0,193.52
02051 ,0000301,SCI ,176.874,0,0,283
02051 ,0000302,SCI ,284.9705,0,0,455.95
02051 ,0000319,SCI ,1.148,0,0,1.84
02051 ,0000323,MIN ,22.24,0,0,35.58
02051 ,0000324,SCI ,56.76,72.25,0,72.25
02051 ,0000340,SCI ,102.3975,166.5,0,163.84
02051 ,0000342,SCI ,35.34,0,0,56.54
02051 ,0000343,SCI ,32.92,0,0,52.67
02051 ,0000345,SCI ,81.18,132,0,129.89
02051 ,0000346,SCI ,46.27875,75.25,0,74.05
02051 ,0000348,SCI ,62.94,0,0,100.7
02051 ,0000349,SCI ,48.12375,0,0,77
02051 ,0000350,SCI ,91.47,144.5,0,144.5
02051 ,0000351,SCI ,146.37,238,0,234.19
02051 ,0000352,SCI ,17.51,20,0,20
02051 ,0000353,SCI ,17.2,19.25,0,19.25
02051 ,0000354,SCI ,41.72,0,0,66.75
02051 ,0000355,SCI ,30.04,0,0,48.06
02051 ,0000356,SCI ,191.88,271,0,271
02051 ,0000357,SCI ,49.2,74.75,0,74.75
02051 ,0000361,SCI ,24.16,0,0,38.66
02051 ,0000362,SCI ,28.75125,42.5,0,42.5
02051 ,0000364,SCI ,61.51,0,0,98.42
02051 ,0000365,SCI ,116.235,189,0,185.98
02051 ,0000367,SCI ,54.4275,88.5,0,87.08
02051 ,0000389,SCI ,2.85,0,0,4.56
02051 ,0000399,SCI ,461.56,0,0,738.5
02051 ,0000413,STTV,13.6490025,0,0,21.84
02051 ,0000422,L L ,11.30862,0,0,18.09
02051 ,0000486,PHOT,0.97,0,0,1.55
02051 ,0000555,SCI ,2,0,0,3.2
02051 ,0000574,PHOT,11.07999375,12.99,0,12.99
02051 ,0000584,PHOT,15.78,0,0,25.25
02051 ,0000595,PHOT,3.49525,0,0,5.59
02051 ,0000604,MARI,18.928735,19,0,19
02051 ,0000615,PHOT,8.75,0,0,14
02051 ,0000623,PHOT,2.583,0,0,4.13
02051 ,0000637,SCI ,8.97,0,0,14.35
02051 ,0000645,STTV,8.74955375,8.99,0,8.99
02051 ,0000650,SCI ,12.63,0,0,20.21
02051 ,0000652,I R ,30.13738,0,0,48.22
02051 ,0000660,SCI ,9.05,0,0,14.48
02051 ,0000677,PHOT,26.18,0,0,41.89
02051 ,0000678,SCI ,15.83,0,0,25.33
02051 ,0000679,PHOT,13.5717175,0,0,21.71
02051 ,0000682,PHOT,3.6,0,0,5.76
02051 ,0000686,SCI ,12.55,0,0,20.08
02051 ,0000803,SCI ,29.53,0,0,47.25
02051 ,0000805,PHOT,12.13,0,0,19.41
02051 ,0000808,PHOT,5.79125,0,0,9.27
02051 ,0000829,PHOT,3.2595,0,0,5.21
02051 ,0000841,MIN ,2.57275,0,0,4.12
02051 ,0000844,MIN ,1.4965,0,0,2.39
02051 ,0000846,MIN ,1.2095,0,0,1.94
02051 ,0000847,MIN ,1.353,0,0,2.17
02051 ,0000849,MIN ,1.353,0,0,2.17
02051 ,0000850,MIN ,3.38,0,0,5.41
02051 ,0000851,MIN ,3.8976,0,0,6.24
02051 ,0000853,MIN ,3.4645,0,0,5.54
02051 ,0000855,MIN ,3.4645,0,0,5.54
02051 ,0000856,MIN ,5.87,0,0,9.39
02051 ,0000859,PHOT,1.42475,0,0,2.28
02051 ,0000860,PHOT,5.11475,0,0,8.18
02051 ,0000861,PHOT,1.148,0,0,1.84
02051 ,0000862,PHOT,12.12575,0,0,19.4
02051 ,0000863,PHOT,10.3935,0,0,16.63
02051 ,0000864,PHOT,9.99375,0,0,15.99
02051 ,0000865,PHOT,6.77525,0,0,10.84
02051 ,0000866,PHOT,3.8335,0,0,6.13
02051 ,0000868,PHOT,24.53,0,0,39.25
02051 ,0000870,PHOT,10.4345,0,0,16.7
02051 ,0000872,MARI,10.42425,0,0,16.68
02051 ,0000873,MARI,7.24675,0,0,11.6
02051 ,0000882,SCI ,3.61,0,0,5.78
02051 ,0000886,SCI ,3.7411885,0,0,5.99
02051 ,0000889,SCI ,7.18417,0,0,11.49
02051 ,0000898,PHOT,10.64975,0,0,17.04
02051 ,0000901,PHOT,5.1455,0,0,8.23
02051 ,0000902,PHOT,4.715,0,0,7.54
02051 ,0000903,PHOT,4.469,0,0,7.15
02051 ,0000904,PHOT,4.8995,0,0,7.84
02051 ,0000908,PHOT,4.56125,0,0,7.3
02051 ,0000910,PHOT,6.57,0,0,10.51
02051 ,0000914,PHOT,6.7855,0,0,10.86
02051 ,0000916,PHOT,1.5785,0,0,2.53
02051 ,0000920,PHOT,6.0885,0,0,9.74
02051 ,0000921,SCI ,8.4665,0,0,13.55
02051 ,0000922,PHOT,8.446,0,0,13.51
02051 ,0000924,PHOT,2.83925,0,0,4.54
02051 ,0000925,PHOT,13.54025,0,0,21.66
02051 ,0000926,PHOT,2.132,0,0,3.41
02051 ,0000927,PHOT,10.578,0,0,16.93
02051 ,0000928,PHOT,4.37675,0,0,7
02051 ,0000929,PHOT,7.6875,0,0,12.3
02051 ,0000930,PHOT,3.65925,0,0,5.86
02051 ,0000931,PHOT,4.43825,0,0,7.1
02051 ,0000932,PHOT,51.6805,0,0,82.69
02051 ,0000934,PHOT,6.18075,0,0,9.89
02051 ,0000935,PHOT,1.5785,0,0,2.53
02051 ,0000936,PHOT,2.501,0,0,4
02051 ,0000938,PHOT,4.90975,0,0,7.86
02051 ,0000940,SCI ,2.14225,0,0,3.43
02051 ,0000941,PHOT,2.3985,0,0,3.84
02051 ,0000942,PHOT,3.78225,0,0,6.05
02051 ,0000950,PHOT,6.5102875,0,0,10.42
02051 ,0000952,STTV,7.2538225,0,0,11.61
02051 ,0000963,MIN ,2.28375,0,0,3.65
02051 ,0000964,PHOT,6.0885,0,0,9.74
02051 ,0000967,SCI ,37.97,0,0,60.75
02051 ,0000981,PHOT,3.567,0,0,5.71
02051 ,0000982,PHOT,3.567,0,0,5.71
02051 ,0000985,PHOT,3.567,0,0,5.71
02051 ,0000986,PHOT,3.321,0,0,5.31
02051 ,0001001,SCI ,46.89375,76.25,0,75.03
02051 ,0001003,MIN ,2.30625,0,0,3.69
02051 ,0001006,PHOT,27.64425,7,0,7
02051 ,0001021,MIN ,7.37296,0,0,11.8
02051 ,0001022,MIN ,2.42925,0,0,3.89
02051 ,0001024,MIN ,3.76175,0,0,6.02
02051 ,0001028,PHOT,16.00025,0,0,25.6
02051 ,0001036,SCI ,10.11,0,0,16.18
02051 ,0001043,MIN ,2.10125,6.75,6.75,6.75
02051 ,0001045,MIN ,3.4645,0,0,5.54
02051 ,0001046,MIN ,1.9475,1.99,0,1.99
02051 ,0001048,MIN ,2.3165,0,0,3.71
02051 ,0001051,MIN ,3.29025,0,0,5.26
02051 ,0001069,SCI ,10.23,0,0,16.37
02051 ,0001073,SCI ,6.98,0,0,11.17
02051 ,0001074,SCI ,13.05,0,0,20.88
02051 ,0001087,SCI ,14.44225,0,0,23.11
02051 ,0001089,PHOT,10.21925,0,0,16.35
02051 ,0001090,SCI ,0.97,0,0,1.55
02051 ,0001111,PHOT,18.583635,27.5,0,27.5
02051 ,0001112,PHOT,25.625,0,0,41
02051 ,0001125,PHOT,29.71475,0,0,47.54
02051 ,0001128,STTV,11.521,0,0,18.43
02051 ,0001129,STTV,13.31475,0,0,21.3
02051 ,0001130,STTV,14.72925,0,0,23.57
02051 ,0001133,STTV,12.6485,0,0,20.24
02051 ,0001134,STTV,14.33975,0,0,22.94
02051 ,0001137,STTV,14.72925,0,0,23.57
02051 ,0001138,STTV,12.6485,0,0,20.24
02051 ,0001141,PHOT,14.33975,0,0,22.94
02063 ,0000102,DEUT,414.1,0,0,662.56
02063 ,0000105,VISI,189.625,0,0,303.4
02063 ,0000106,DEUT,442.8,0,0,708.48
02063 ,0000110,DEUT,455.1,0,0,728.16
02063 ,0000115,DEUT,533,0,0,852.8
02063 ,0000116,DEUT,533,0,0,852.8
02063 ,0000122,SCI ,133.7625,0,0,214.02
02063 ,0000123,DEUT,290.9975,0,0,465.6
02063 ,0000124,PHOT,4.88,0,0,7.81
02063 ,0000125,PHOT,10.3935,0,0,16.63
02063 ,0000128,DEUT,599.625,0,0,959.4
02063 ,0000130,DEUT,442.8,0,0,708.48
02063 ,0000131,DEUT,350.55,759,0,560.88
02063 ,0000133,DEUT,423.325,916,0,677.32
02063 ,0000134,DEUT,313.65,0,0,501.84
02063 ,0000150,GERM,24.28225,0,0,38.85
02063 ,0000156,GERM,9.9835,0,0,15.97
02063 ,0000157,GERM,5.41,0,0,8.66
02063 ,0000161,SCI ,40.07,0,0,64.11
02063 ,0000163,GERM,19.5,0,0,31.2
02063 ,0000179,GERM,25.61475,0,0,40.98
02063 ,0000183,GERM,6.806,0,0,10.89
02063 ,0000184,GERM,1.92,0,0,3.07
02063 ,0000187,GERM,36.31,0,0,58.1
02063 ,0000192,GERM,6.0475,0,0,9.68
02063 ,0000194,GERM,4.85,9,0,7.76
02063 ,0000195,GERM,6.4985,9.24,0,9.24
02063 ,0000226,GERM,6.88,0,0,11.01
02063 ,0000230,GERM,3.53625,0,0,5.66
02063 ,0000233,GERM,6.36525,0,0,10.18
02063 ,0000234,GERM,11.07,0,0,17.71
02063 ,0000235,GERM,8.35,0,0,13.36
02063 ,0000242,SCI ,234,0,0,374.4
02063 ,0000246,DEUT,598.6,0,0,957.76
02063 ,0000247,DEUT,455.1,0,0,728.16
02063 ,0000249,SCI ,198.86025,0,0,318.18
02063 ,0000250,SCI ,222.57875,0,0,356.13
02063 ,0000253,DEUT,521.2125,0,0,833.94
02063 ,0000255,DEUT,442.8,0,0,708.48
02063 ,0000256,SCI ,91.225,0,0,145.96
02063 ,0000257,SCI ,91.225,0,0,145.96
02063 ,0000259,SCI ,261.375,0,0,418.2
02063 ,0000262,SCI ,311.6,0,0,498.56
02063 ,0000265,SCI ,321.85,0,0,514.96
02063 ,0000266,SCI ,429.475,0,0,687.16
02063 ,0000267,SCI ,166.05,0,0,265.68
02063 ,0000268,SCI ,94.3,0,0,150.88
02063 ,0000269,SCI ,94.3,0,0,150.88
02063 ,0000270,SCI ,316.725,0,0,506.76
02063 ,0000292,SCI ,281.875,0,0,451
02063 ,0000293,SCI ,79.089,0,0,126.54
02063 ,0000294,SCI ,93.7055,0,0,149.93
02063 ,0000295,SCI ,172.2,0,0,275.52
02063 ,0000296,SCI ,171.175,0,0,273.88
02063 ,0000298,SCI ,283.925,0,0,454.28
02063 ,0000299,SCI ,281.875,0,0,451
02063 ,0000300,SCI ,120.95,0,0,193.52
02063 ,0000301,SCI ,176.874,0,0,283
02063 ,0000302,SCI ,284.9705,0,0,455.95
02063 ,0000319,SCI ,1.148,0,0,1.84
02063 ,0000323,MIN ,22.24,0,0,35.58
02063 ,0000324,SCI ,56.76,72.25,0,72.25
02063 ,0000340,SCI ,102.3975,166.5,0,163.84
02063 ,0000342,SCI ,35.34,0,0,56.54
02063 ,0000343,SCI ,32.92,0,0,52.67
02063 ,0000345,SCI ,81.18,132,0,129.89
02063 ,0000346,SCI ,46.27875,75.25,0,74.05
02063 ,0000348,SCI ,62.94,0,0,100.7
02063 ,0000349,SCI ,48.12375,0,0,77
02063 ,0000350,SCI ,91.47,144.5,0,144.5
02063 ,0000351,SCI ,146.37,238,0,234.19
02063 ,0000352,SCI ,17.51,20,0,20
02063 ,0000353,SCI ,17.2,19.25,0,19.25
02063 ,0000354,SCI ,41.72,0,0,66.75
02063 ,0000355,SCI ,30.04,0,0,48.06
02063 ,0000356,SCI ,191.88,271,0,271
02063 ,0000357,SCI ,49.2,74.75,0,74.75
02063 ,0000361,SCI ,24.16,0,0,38.66
02063 ,0000362,SCI ,28.75125,42.5,0,42.5
02063 ,0000364,SCI ,61.51,0,0,98.42
02063 ,0000365,SCI ,116.235,189,0,185.98
02063 ,0000367,SCI ,54.4275,88.5,0,87.08
02063 ,0000389,SCI ,2.85,0,0,4.56
02063 ,0000399,SCI ,461.56,0,0,738.5
02063 ,0000413,STTV,13.6490025,0,0,21.84
02063 ,0000422,L L ,11.30862,0,0,18.09
02063 ,0000486,PHOT,0.97,0,0,1.55
02063 ,0000555,SCI ,2,0,0,3.2
02063 ,0000574,PHOT,11.07999375,12.99,0,12.99
02063 ,0000584,PHOT,15.78,0,0,25.25
02063 ,0000595,PHOT,3.49525,0,0,5.59
02063 ,0000604,MARI,18.928735,19,0,19
02063 ,0000615,PHOT,8.75,0,0,14
02063 ,0000623,PHOT,2.583,0,0,4.13
02063 ,0000637,SCI ,8.97,0,0,14.35
02063 ,0000645,STTV,8.74955375,8.99,0,8.99
02063 ,0000650,SCI ,12.63,0,0,20.21
02063 ,0000652,I R ,30.13738,0,0,48.22
02063 ,0000660,SCI ,9.05,0,0,14.48
02063 ,0000677,PHOT,26.18,0,0,41.89
02063 ,0000678,SCI ,15.83,0,0,25.33
02063 ,0000679,PHOT,13.5717175,0,0,21.71
02063 ,0000682,PHOT,3.6,0,0,5.76
02063 ,0000686,SCI ,12.55,0,0,20.08
02063 ,0000803,SCI ,29.53,0,0,47.25
02063 ,0000805,PHOT,12.13,0,0,19.41
02063 ,0000808,PHOT,5.79125,0,0,9.27
02063 ,0000829,PHOT,3.2595,0,0,5.21
02063 ,0000841,MIN ,2.57275,0,0,4.12
02063 ,0000844,MIN ,1.4965,0,0,2.39
02063 ,0000846,MIN ,1.2095,0,0,1.94
02063 ,0000847,MIN ,1.353,0,0,2.17
02063 ,0000849,MIN ,1.353,0,0,2.17
02063 ,0000850,MIN ,3.38,0,0,5.41
02063 ,0000851,MIN ,3.8976,0,0,6.24
02063 ,0000853,MIN ,3.4645,0,0,5.54
02063 ,0000855,MIN ,3.4645,0,0,5.54
02063 ,0000856,MIN ,5.87,0,0,9.39
02063 ,0000859,PHOT,1.42475,0,0,2.28
02063 ,0000860,PHOT,5.11475,0,0,8.18
02063 ,0000861,PHOT,1.148,0,0,1.84
02063 ,0000862,PHOT,12.12575,0,0,19.4
02063 ,0000863,PHOT,10.3935,0,0,16.63
02063 ,0000864,PHOT,9.99375,0,0,15.99
02063 ,0000865,PHOT,6.77525,0,0,10.84
02063 ,0000866,PHOT,3.8335,0,0,6.13
02063 ,0000868,PHOT,24.53,0,0,39.25
02063 ,0000870,PHOT,10.4345,0,0,16.7
02063 ,0000872,MARI,10.42425,0,0,16.68
02063 ,0000873,MARI,7.24675,0,0,11.6
02063 ,0000882,SCI ,3.61,0,0,5.78
02063 ,0000886,SCI ,3.7411885,0,0,5.99
02063 ,0000889,SCI ,7.18417,0,0,11.49
02063 ,0000898,PHOT,10.64975,0,0,17.04
02063 ,0000901,PHOT,5.1455,0,0,8.23
02063 ,0000902,PHOT,4.715,0,0,7.54
02063 ,0000903,PHOT,4.469,0,0,7.15
02063 ,0000904,PHOT,4.8995,0,0,7.84
02063 ,0000908,PHOT,4.56125,0,0,7.3
02063 ,0000910,PHOT,6.57,0,0,10.51
02063 ,0000914,PHOT,6.7855,0,0,10.86
02063 ,0000916,PHOT,1.5785,0,0,2.53
02063 ,0000920,PHOT,6.0885,0,0,9.74
02063 ,0000921,SCI ,8.4665,0,0,13.55
02063 ,0000922,PHOT,8.446,0,0,13.51
02063 ,0000924,PHOT,2.83925,0,0,4.54
02063 ,0000925,PHOT,13.54025,0,0,21.66
02063 ,0000926,PHOT,2.132,0,0,3.41
02063 ,0000927,PHOT,10.578,0,0,16.93
02063 ,0000928,PHOT,4.37675,0,0,7
02063 ,0000929,PHOT,7.6875,0,0,12.3
02063 ,0000930,PHOT,3.65925,0,0,5.86
02063 ,0000931,PHOT,4.43825,0,0,7.1
02063 ,0000932,PHOT,51.6805,0,0,82.69
02063 ,0000934,PHOT,6.18075,0,0,9.89
02063 ,0000935,PHOT,1.5785,0,0,2.53
02063 ,0000936,PHOT,2.501,0,0,4
02063 ,0000938,PHOT,4.90975,0,0,7.86
02063 ,0000940,SCI ,2.14225,0,0,3.43
02063 ,0000941,PHOT,2.3985,0,0,3.84
02063 ,0000942,PHOT,3.78225,0,0,6.05
02063 ,0000950,PHOT,6.5102875,0,0,10.42
02063 ,0000952,STTV,7.2538225,0,0,11.61
02063 ,0000963,MIN ,2.28375,0,0,3.65
02063 ,0000964,PHOT,6.0885,0,0,9.74
02063 ,0000967,SCI ,37.97,0,0,60.75
02063 ,0000981,PHOT,3.567,0,0,5.71
02063 ,0000982,PHOT,3.567,0,0,5.71
02063 ,0000985,PHOT,3.567,0,0,5.71
02063 ,0000986,PHOT,3.321,0,0,5.31
02063 ,0001001,SCI ,46.89375,76.25,0,75.03
02063 ,0001003,MIN ,2.30625,0,0,3.69
02063 ,0001006,PHOT,27.64425,7,0,7
02063 ,0001021,MIN ,7.37296,0,0,11.8
02063 ,0001022,MIN ,2.42925,0,0,3.89
02063 ,0001024,MIN ,3.76175,0,0,6.02
02063 ,0001028,PHOT,16.00025,0,0,25.6
02063 ,0001036,SCI ,10.11,0,0,16.18
02063 ,0001043,MIN ,2.10125,6.75,6.75,6.75
02063 ,0001045,MIN ,3.4645,0,0,5.54
02063 ,0001046,MIN ,1.9475,1.99,0,1.99
02063 ,0001048,MIN ,2.3165,0,0,3.71
02063 ,0001051,MIN ,3.29025,0,0,5.26
02063 ,0001069,SCI ,10.23,0,0,16.37
02063 ,0001073,SCI ,6.98,0,0,11.17
02063 ,0001074,SCI ,13.05,0,0,20.88
02063 ,0001087,SCI ,14.44225,0,0,23.11
02063 ,0001089,PHOT,10.21925,0,0,16.35
02063 ,0001090,SCI ,0.97,0,0,1.55
02063 ,0001111,PHOT,18.583635,27.5,0,27.5
02063 ,0001112,PHOT,25.625,0,0,41
02063 ,0001125,PHOT,29.71475,0,0,47.54
02063 ,0001128,STTV,11.521,0,0,18.43
02063 ,0001129,STTV,13.31475,0,0,21.3
02063 ,0001130,STTV,14.72925,0,0,23.57
02063 ,0001133,STTV,12.6485,0,0,20.24
02063 ,0001134,STTV,14.33975,0,0,22.94
02063 ,0001137,STTV,14.72925,0,0,23.57
02063 ,0001138,STTV,12.6485,0,0,20.24
02063 ,0001141,PHOT,14.33975,0,0,22.94
02064 ,0000102,DEUT,414.1,0,0,662.56
02064 ,0000105,VISI,189.625,0,0,303.4
02064 ,0000106,DEUT,442.8,0,0,708.48
02064 ,0000110,DEUT,455.1,0,0,728.16
02064 ,0000115,DEUT,533,0,0,852.8
02064 ,0000116,DEUT,533,0,0,852.8
02064 ,0000122,SCI ,133.7625,0,0,214.02
02064 ,0000123,DEUT,290.9975,0,0,465.6
02064 ,0000124,PHOT,4.88,0,0,7.81
02064 ,0000125,PHOT,10.3935,0,0,16.63
02064 ,0000128,DEUT,599.625,0,0,959.4
02064 ,0000130,DEUT,442.8,0,0,708.48
02064 ,0000131,DEUT,350.55,759,0,560.88
02064 ,0000133,DEUT,423.325,916,0,677.32
02064 ,0000134,DEUT,313.65,0,0,501.84
02064 ,0000150,GERM,24.28225,0,0,38.85
02064 ,0000156,GERM,9.9835,0,0,15.97
02064 ,0000157,GERM,5.41,0,0,8.66
02064 ,0000161,SCI ,40.07,0,0,64.11
02064 ,0000163,GERM,19.5,0,0,31.2
02064 ,0000179,GERM,25.61475,0,0,40.98
02064 ,0000183,GERM,6.806,0,0,10.89
02064 ,0000184,GERM,1.92,0,0,3.07
02064 ,0000187,GERM,36.31,0,0,58.1
02064 ,0000192,GERM,6.0475,0,0,9.68
02064 ,0000194,GERM,4.85,9,0,7.76
02064 ,0000195,GERM,6.4985,9.24,0,9.24
02064 ,0000226,GERM,6.88,0,0,11.01
02064 ,0000230,GERM,3.53625,0,0,5.66
02064 ,0000233,GERM,6.36525,0,0,10.18
02064 ,0000234,GERM,11.07,0,0,17.71
02064 ,0000235,GERM,8.35,0,0,13.36
02064 ,0000242,SCI ,234,0,0,374.4
02064 ,0000246,DEUT,598.6,0,0,957.76
02064 ,0000247,DEUT,455.1,0,0,728.16
02064 ,0000249,SCI ,198.86025,0,0,318.18
02064 ,0000250,SCI ,222.57875,0,0,356.13
02064 ,0000253,DEUT,521.2125,0,0,833.94
02064 ,0000255,DEUT,442.8,0,0,708.48
02064 ,0000256,SCI ,91.225,0,0,145.96
02064 ,0000257,SCI ,91.225,0,0,145.96
02064 ,0000259,SCI ,261.375,0,0,418.2
02064 ,0000262,SCI ,311.6,0,0,498.56
02064 ,0000265,SCI ,321.85,0,0,514.96
02064 ,0000266,SCI ,429.475,0,0,687.16
02064 ,0000267,SCI ,166.05,0,0,265.68
02064 ,0000268,SCI ,94.3,0,0,150.88
02064 ,0000269,SCI ,94.3,0,0,150.88
02064 ,0000270,SCI ,316.725,0,0,506.76
02064 ,0000292,SCI ,281.875,0,0,451
02064 ,0000293,SCI ,79.089,0,0,126.54
02064 ,0000294,SCI ,93.7055,0,0,149.93
02064 ,0000295,SCI ,172.2,0,0,275.52
02064 ,0000296,SCI ,171.175,0,0,273.88
02064 ,0000298,SCI ,283.925,0,0,454.28
02064 ,0000299,SCI ,281.875,0,0,451
02064 ,0000300,SCI ,120.95,0,0,193.52
02064 ,0000301,SCI ,176.874,0,0,283
02064 ,0000302,SCI ,284.9705,0,0,455.95
02064 ,0000319,SCI ,1.148,0,0,1.84
02064 ,0000323,MIN ,22.24,0,0,35.58
02064 ,0000324,SCI ,56.76,72.25,0,72.25
02064 ,0000340,SCI ,102.3975,166.5,0,163.84
02064 ,0000342,SCI ,35.34,0,0,56.54
02064 ,0000343,SCI ,32.92,0,0,52.67
02064 ,0000345,SCI ,81.18,132,0,129.89
02064 ,0000346,SCI ,46.27875,75.25,0,74.05
02064 ,0000348,SCI ,62.94,0,0,100.7
02064 ,0000349,SCI ,48.12375,0,0,77
02064 ,0000350,SCI ,91.47,144.5,0,144.5
02064 ,0000351,SCI ,146.37,238,0,234.19
02064 ,0000352,SCI ,17.51,20,0,20
02064 ,0000353,SCI ,17.2,19.25,0,19.25
02064 ,0000354,SCI ,41.72,0,0,66.75
02064 ,0000355,SCI ,30.04,0,0,48.06
02064 ,0000356,SCI ,191.88,271,0,271
02064 ,0000357,SCI ,49.2,74.75,0,74.75
02064 ,0000361,SCI ,24.16,0,0,38.66
02064 ,0000362,SCI ,28.75125,42.5,0,42.5
02064 ,0000364,SCI ,61.51,0,0,98.42
02064 ,0000365,SCI ,116.235,189,0,185.98
02064 ,0000367,SCI ,54.4275,88.5,0,87.08
02064 ,0000389,SCI ,2.85,0,0,4.56
02064 ,0000399,SCI ,461.56,0,0,738.5
02064 ,0000413,STTV,13.6490025,0,0,21.84
02064 ,0000422,L L ,11.30862,0,0,18.09
02064 ,0000486,PHOT,0.97,0,0,1.55
02064 ,0000555,SCI ,2,0,0,3.2
02064 ,0000574,PHOT,11.07999375,12.99,0,12.99
02064 ,0000584,PHOT,15.78,0,0,25.25
02064 ,0000595,PHOT,3.49525,0,0,5.59
02064 ,0000604,MARI,18.928735,19,0,19
02064 ,0000615,PHOT,8.75,0,0,14
02064 ,0000623,PHOT,2.583,0,0,4.13
02064 ,0000637,SCI ,8.97,0,0,14.35
02064 ,0000645,STTV,8.74955375,8.99,0,8.99
02064 ,0000650,SCI ,12.63,0,0,20.21
02064 ,0000652,I R ,30.13738,0,0,48.22
02064 ,0000660,SCI ,9.05,0,0,14.48
02064 ,0000677,PHOT,26.18,0,0,41.89
02064 ,0000678,SCI ,15.83,0,0,25.33
02064 ,0000679,PHOT,13.5717175,0,0,21.71
02064 ,0000682,PHOT,3.6,0,0,5.76
02064 ,0000686,SCI ,12.55,0,0,20.08
02064 ,0000803,SCI ,29.53,0,0,47.25
02064 ,0000805,PHOT,12.13,0,0,19.41
02064 ,0000808,PHOT,5.79125,0,0,9.27
02064 ,0000829,PHOT,3.2595,0,0,5.21
02064 ,0000841,MIN ,2.57275,0,0,4.12
02064 ,0000844,MIN ,1.4965,0,0,2.39
02064 ,0000846,MIN ,1.2095,0,0,1.94
02064 ,0000847,MIN ,1.353,0,0,2.17
02064 ,0000849,MIN ,1.353,0,0,2.17
02064 ,0000850,MIN ,3.38,0,0,5.41
02064 ,0000851,MIN ,3.8976,0,0,6.24
02064 ,0000853,MIN ,3.4645,0,0,5.54
02064 ,0000855,MIN ,3.4645,0,0,5.54
02064 ,0000856,MIN ,5.87,0,0,9.39
02064 ,0000859,PHOT,1.42475,0,0,2.28
02064 ,0000860,PHOT,5.11475,0,0,8.18
02064 ,0000861,PHOT,1.148,0,0,1.84
02064 ,0000862,PHOT,12.12575,0,0,19.4
02064 ,0000863,PHOT,10.3935,0,0,16.63
02064 ,0000864,PHOT,9.99375,0,0,15.99
02064 ,0000865,PHOT,6.77525,0,0,10.84
02064 ,0000866,PHOT,3.8335,0,0,6.13
02064 ,0000868,PHOT,24.53,0,0,39.25
02064 ,0000870,PHOT,10.4345,0,0,16.7
02064 ,0000872,MARI,10.42425,0,0,16.68
02064 ,0000873,MARI,7.24675,0,0,11.6
02064 ,0000882,SCI ,3.61,0,0,5.78
02064 ,0000886,SCI ,3.7411885,0,0,5.99
02064 ,0000889,SCI ,7.18417,0,0,11.49
02064 ,0000898,PHOT,10.64975,0,0,17.04
02064 ,0000901,PHOT,5.1455,0,0,8.23
02064 ,0000902,PHOT,4.715,0,0,7.54
02064 ,0000903,PHOT,4.469,0,0,7.15
02064 ,0000904,PHOT,4.8995,0,0,7.84
02064 ,0000908,PHOT,4.56125,0,0,7.3
02064 ,0000910,PHOT,6.57,0,0,10.51
02064 ,0000914,PHOT,6.7855,0,0,10.86
02064 ,0000916,PHOT,1.5785,0,0,2.53
02064 ,0000920,PHOT,6.0885,0,0,9.74
02064 ,0000921,SCI ,8.4665,0,0,13.55
02064 ,0000922,PHOT,8.446,0,0,13.51
02064 ,0000924,PHOT,2.83925,0,0,4.54
02064 ,0000925,PHOT,13.54025,0,0,21.66
02064 ,0000926,PHOT,2.132,0,0,3.41
02064 ,0000927,PHOT,10.578,0,0,16.93
02064 ,0000928,PHOT,4.37675,0,0,7
02064 ,0000929,PHOT,7.6875,0,0,12.3
02064 ,0000930,PHOT,3.65925,0,0,5.86
02064 ,0000931,PHOT,4.43825,0,0,7.1
02064 ,0000932,PHOT,51.6805,0,0,82.69
02064 ,0000934,PHOT,6.18075,0,0,9.89
02064 ,0000935,PHOT,1.5785,0,0,2.53
02064 ,0000936,PHOT,2.501,0,0,4
02064 ,0000938,PHOT,4.90975,0,0,7.86
02064 ,0000940,SCI ,2.14225,0,0,3.43
02064 ,0000941,PHOT,2.3985,0,0,3.84
02064 ,0000942,PHOT,3.78225,0,0,6.05
02064 ,0000950,PHOT,6.5102875,0,0,10.42
02064 ,0000952,STTV,7.2538225,0,0,11.61
02064 ,0000963,MIN ,2.28375,0,0,3.65
02064 ,0000964,PHOT,6.0885,0,0,9.74
02064 ,0000967,SCI ,37.97,0,0,60.75
02064 ,0000981,PHOT,3.567,0,0,5.71
02064 ,0000982,PHOT,3.567,0,0,5.71
02064 ,0000985,PHOT,3.567,0,0,5.71
02064 ,0000986,PHOT,3.321,0,0,5.31
02064 ,0001001,SCI ,46.89375,76.25,0,75.03
02064 ,0001003,MIN ,2.30625,0,0,3.69
02064 ,0001006,PHOT,27.64425,7,0,7
02064 ,0001021,MIN ,7.37296,0,0,11.8
02064 ,0001022,MIN ,2.42925,0,0,3.89
02064 ,0001024,MIN ,3.76175,0,0,6.02
02064 ,0001028,PHOT,16.00025,0,0,25.6
02064 ,0001036,SCI ,10.11,0,0,16.18
02064 ,0001043,MIN ,2.10125,6.75,6.75,6.75
02064 ,0001045,MIN ,3.4645,0,0,5.54
02064 ,0001046,MIN ,1.9475,1.99,0,1.99
02064 ,0001048,MIN ,2.3165,0,0,3.71
02064 ,0001051,MIN ,3.29025,0,0,5.26
02064 ,0001069,SCI ,10.23,0,0,16.37
02064 ,0001073,SCI ,6.98,0,0,11.17
02064 ,0001074,SCI ,13.05,0,0,20.88
02064 ,0001087,SCI ,14.44225,0,0,23.11
02064 ,0001089,PHOT,10.21925,0,0,16.35
02064 ,0001090,SCI ,0.97,0,0,1.55
02064 ,0001111,PHOT,18.583635,27.5,0,27.5
02064 ,0001112,PHOT,25.625,0,0,41
02064 ,0001125,PHOT,29.71475,0,0,47.54
02064 ,0001128,STTV,11.521,0,0,18.43
02064 ,0001129,STTV,13.31475,0,0,21.3
02064 ,0001130,STTV,14.72925,0,0,23.57
02064 ,0001133,STTV,12.6485,0,0,20.24
02064 ,0001134,STTV,14.33975,0,0,22.94
02064 ,0001137,STTV,14.72925,0,0,23.57
02064 ,0001138,STTV,12.6485,0,0,20.24
02064 ,0001141,PHOT,14.33975,0,0,22.94
02087 ,0000102,DEUT,414.1,0,0,621.15
02087 ,0000105,VISI,189.625,0,0,284.44
02087 ,0000106,DEUT,442.8,0,0,664.2
02087 ,0000110,DEUT,455.1,0,0,682.65
02087 ,0000115,DEUT,533,0,0,799.5
02087 ,0000116,DEUT,533,0,0,799.5
02087 ,0000122,SCI ,133.7625,0,0,200.64
02087 ,0000123,DEUT,290.9975,0,0,436.5
02087 ,0000124,PHOT,4.88,0,0,7.32
02087 ,0000125,PHOT,10.3935,0,0,15.59
02087 ,0000128,DEUT,599.625,0,0,899.44
02087 ,0000130,DEUT,442.8,0,0,664.2
02087 ,0000131,DEUT,350.55,759,0,525.83
02087 ,0000133,DEUT,423.325,916,0,634.99
02087 ,0000134,DEUT,313.65,0,0,470.48
02087 ,0000150,GERM,24.28225,0,0,36.42
02087 ,0000156,GERM,9.9835,0,0,14.97
02087 ,0000157,GERM,5.41,0,0,8.12
02087 ,0000161,SCI ,40.07,0,0,60.1
02087 ,0000163,GERM,19.5,0,0,29.25
02087 ,0000179,GERM,25.61475,0,0,38.42
02087 ,0000183,GERM,6.806,0,0,10.21
02087 ,0000184,GERM,1.92,0,0,2.88
02087 ,0000187,GERM,36.31,0,0,54.47
02087 ,0000192,GERM,6.0475,0,0,9.07
02087 ,0000194,GERM,4.85,9,0,7.28
02087 ,0000195,GERM,6.4985,9.24,0,9.24
02087 ,0000226,GERM,6.88,0,0,10.32
02087 ,0000230,GERM,3.53625,0,0,5.3
02087 ,0000233,GERM,6.36525,0,0,9.55
02087 ,0000234,GERM,11.07,0,0,16.61
02087 ,0000235,GERM,8.35,0,0,12.53
02087 ,0000242,SCI ,234,0,0,351
02087 ,0000246,DEUT,598.6,0,0,897.9
02087 ,0000247,DEUT,455.1,0,0,682.65
02087 ,0000249,SCI ,198.86025,0,0,298.29
02087 ,0000250,SCI ,222.57875,0,0,333.87
02087 ,0000253,DEUT,521.2125,0,0,781.82
02087 ,0000255,DEUT,442.8,0,0,664.2
02087 ,0000256,SCI ,91.225,0,0,136.84
02087 ,0000257,SCI ,91.225,0,0,136.84
02087 ,0000259,SCI ,261.375,0,0,392.06
02087 ,0000262,SCI ,311.6,0,0,467.4
02087 ,0000265,SCI ,321.85,0,0,482.77
02087 ,0000266,SCI ,429.475,0,0,644.21
02087 ,0000267,SCI ,166.05,0,0,249.07
02087 ,0000268,SCI ,94.3,0,0,141.45
02087 ,0000269,SCI ,94.3,0,0,141.45
02087 ,0000270,SCI ,316.725,0,0,475.09
02087 ,0000292,SCI ,281.875,0,0,422.81
02087 ,0000293,SCI ,79.089,0,0,118.63
02087 ,0000294,SCI ,93.7055,0,0,140.56
02087 ,0000295,SCI ,172.2,0,0,258.3
02087 ,0000296,SCI ,171.175,0,0,256.76
02087 ,0000298,SCI ,283.925,0,0,425.89
02087 ,0000299,SCI ,281.875,0,0,422.81
02087 ,0000300,SCI ,120.95,0,0,181.43
02087 ,0000301,SCI ,176.874,0,0,265.31
02087 ,0000302,SCI ,284.9705,0,0,427.46
02087 ,0000319,SCI ,1.148,0,0,1.72
02087 ,0000323,MIN ,22.24,0,0,33.36
02087 ,0000324,SCI ,56.76,72.25,0,72.25
02087 ,0000340,SCI ,102.3975,166.5,0,153.6
02087 ,0000342,SCI ,35.34,0,0,53.01
02087 ,0000343,SCI ,32.92,0,0,49.38
02087 ,0000345,SCI ,81.18,132,0,121.77
02087 ,0000346,SCI ,46.27875,75.25,0,69.42
02087 ,0000348,SCI ,62.94,0,0,94.41
02087 ,0000349,SCI ,48.12375,0,0,72.19
02087 ,0000350,SCI ,91.47,144.5,0,137.21
02087 ,0000351,SCI ,146.37,238,0,219.56
02087 ,0000352,SCI ,17.51,20,0,20
02087 ,0000353,SCI ,17.2,19.25,0,19.25
02087 ,0000354,SCI ,41.72,0,0,62.58
02087 ,0000355,SCI ,30.04,0,0,45.06
02087 ,0000356,SCI ,191.88,271,0,271
02087 ,0000357,SCI ,49.2,74.75,0,73.8
02087 ,0000361,SCI ,24.16,0,0,36.24
02087 ,0000362,SCI ,28.75125,42.5,0,42.5
02087 ,0000364,SCI ,61.51,0,0,92.27
02087 ,0000365,SCI ,116.235,189,0,174.35
02087 ,0000367,SCI ,54.4275,88.5,0,81.64
02087 ,0000389,SCI ,2.85,0,0,4.28
02087 ,0000399,SCI ,461.56,0,0,692.34
02087 ,0000413,STTV,13.6490025,0,0,20.47
02087 ,0000422,L L ,11.30862,0,0,16.96
02087 ,0000486,PHOT,0.97,0,0,1.46
02087 ,0000555,SCI ,2,0,0,3
02087 ,0000574,PHOT,11.07999375,12.99,0,12.99
02087 ,0000584,PHOT,15.78,0,0,23.67
02087 ,0000595,PHOT,3.49525,0,0,5.24
02087 ,0000604,MARI,18.928735,19,0,19
02087 ,0000615,PHOT,8.75,0,0,13.13
02087 ,0000623,PHOT,2.583,0,0,3.88
02087 ,0000637,SCI ,8.97,0,0,13.46
02087 ,0000645,STTV,8.74955375,8.99,0,8.99
02087 ,0000650,SCI ,12.63,0,0,18.95
02087 ,0000652,I R ,30.13738,0,0,45.21
02087 ,0000660,SCI ,9.05,0,0,13.57
02087 ,0000677,PHOT,26.18,0,0,39.27
02087 ,0000678,SCI ,15.83,0,0,23.75
02087 ,0000679,PHOT,13.5717175,0,0,20.36
02087 ,0000682,PHOT,3.6,0,0,5.4
02087 ,0000686,SCI ,12.55,0,0,18.82
02087 ,0000803,SCI ,29.53,0,0,44.3
02087 ,0000805,PHOT,12.13,0,0,18.2
02087 ,0000808,PHOT,5.79125,0,0,8.69
02087 ,0000829,PHOT,3.2595,0,0,4.89
02087 ,0000841,MIN ,2.57275,0,0,3.86
02087 ,0000844,MIN ,1.4965,0,0,2.25
02087 ,0000846,MIN ,1.2095,0,0,1.81
02087 ,0000847,MIN ,1.353,0,0,2.03
02087 ,0000849,MIN ,1.353,0,0,2.03
02087 ,0000850,MIN ,3.38,0,0,5.07
02087 ,0000851,MIN ,3.8976,0,0,5.85
02087 ,0000853,MIN ,3.4645,0,0,5.2
02087 ,0000855,MIN ,3.4645,0,0,5.2
02087 ,0000856,MIN ,5.87,0,0,8.8
02087 ,0000859,PHOT,1.42475,0,0,2.14
02087 ,0000860,PHOT,5.11475,0,0,7.67
02087 ,0000861,PHOT,1.148,0,0,1.72
02087 ,0000862,PHOT,12.12575,0,0,18.19
02087 ,0000863,PHOT,10.3935,0,0,15.59
02087 ,0000864,PHOT,9.99375,0,0,14.99
02087 ,0000865,PHOT,6.77525,0,0,10.16
02087 ,0000866,PHOT,3.8335,0,0,5.75
02087 ,0000868,PHOT,24.53,0,0,36.8
02087 ,0000870,PHOT,10.4345,0,0,15.65
02087 ,0000872,MARI,10.42425,0,0,15.64
02087 ,0000873,MARI,7.24675,0,0,10.87
02087 ,0000882,SCI ,3.61,0,0,5.42
02087 ,0000886,SCI ,3.7411885,0,0,5.61
02087 ,0000889,SCI ,7.18417,0,0,10.78
02087 ,0000898,PHOT,10.64975,0,0,15.97
02087 ,0000901,PHOT,5.1455,0,0,7.72
02087 ,0000902,PHOT,4.715,0,0,7.07
02087 ,0000903,PHOT,4.469,0,0,6.7
02087 ,0000904,PHOT,4.8995,0,0,7.35
02087 ,0000908,PHOT,4.56125,0,0,6.84
02087 ,0000910,PHOT,6.57,0,0,9.86
02087 ,0000914,PHOT,6.7855,0,0,10.18
02087 ,0000916,PHOT,1.5785,0,0,2.37
02087 ,0000920,PHOT,6.0885,0,0,9.13
02087 ,0000921,SCI ,8.4665,0,0,12.7
02087 ,0000922,PHOT,8.446,0,0,12.67
02087 ,0000924,PHOT,2.83925,0,0,4.26
02087 ,0000925,PHOT,13.54025,0,0,20.31
02087 ,0000926,PHOT,2.132,0,0,3.2
02087 ,0000927,PHOT,10.578,0,0,15.87
02087 ,0000928,PHOT,4.37675,0,0,6.57
02087 ,0000929,PHOT,7.6875,0,0,11.53
02087 ,0000930,PHOT,3.65925,0,0,5.49
02087 ,0000931,PHOT,4.43825,0,0,6.66
02087 ,0000932,PHOT,51.6805,0,0,77.52
02087 ,0000934,PHOT,6.18075,0,0,9.27
02087 ,0000935,PHOT,1.5785,0,0,2.37
02087 ,0000936,PHOT,2.501,0,0,3.75
02087 ,0000938,PHOT,4.90975,0,0,7.37
02087 ,0000940,SCI ,2.14225,0,0,3.21
02087 ,0000941,PHOT,2.3985,0,0,3.6
02087 ,0000942,PHOT,3.78225,0,0,5.67
02087 ,0000950,PHOT,6.5102875,0,0,9.77
02087 ,0000952,STTV,7.2538225,0,0,10.88
02087 ,0000963,MIN ,2.28375,0,0,3.43
02087 ,0000964,PHOT,6.0885,0,0,9.13
02087 ,0000967,SCI ,37.97,0,0,56.95
02087 ,0000981,PHOT,3.567,0,0,5.35
02087 ,0000982,PHOT,3.567,0,0,5.35
02087 ,0000985,PHOT,3.567,0,0,5.35
02087 ,0000986,PHOT,3.321,0,0,4.98
02087 ,0001001,SCI ,46.89375,76.25,0,70.34
02087 ,0001003,MIN ,2.30625,0,0,3.46
02087 ,0001006,PHOT,27.64425,7,0,7
02087 ,0001021,MIN ,7.37296,0,0,11.06
02087 ,0001022,MIN ,2.42925,0,0,3.64
02087 ,0001024,MIN ,3.76175,0,0,5.64
02087 ,0001028,PHOT,16.00025,0,0,24
02087 ,0001036,SCI ,10.11,0,0,15.16
02087 ,0001043,MIN ,2.10125,6.75,6.75,6.75
02087 ,0001045,MIN ,3.4645,0,0,5.2
02087 ,0001046,MIN ,1.9475,1.99,0,1.99
02087 ,0001048,MIN ,2.3165,0,0,3.48
02087 ,0001051,MIN ,3.29025,0,0,4.93
02087 ,0001069,SCI ,10.23,0,0,15.35
02087 ,0001073,SCI ,6.98,0,0,10.47
02087 ,0001074,SCI ,13.05,0,0,19.57
02087 ,0001087,SCI ,14.44225,0,0,21.66
02087 ,0001089,PHOT,10.21925,0,0,15.33
02087 ,0001090,SCI ,0.97,0,0,1.46
02087 ,0001111,PHOT,18.583635,27.5,0,27.5
02087 ,0001112,PHOT,25.625,0,0,38.44
02087 ,0001125,PHOT,29.71475,0,0,44.57
02087 ,0001128,STTV,11.521,0,0,17.28
02087 ,0001129,STTV,13.31475,0,0,19.97
02087 ,0001130,STTV,14.72925,0,0,22.09
02087 ,0001133,STTV,12.6485,0,0,18.97
02087 ,0001134,STTV,14.33975,0,0,21.51
02087 ,0001137,STTV,14.72925,0,0,22.09
02087 ,0001138,STTV,12.6485,0,0,18.97
02087 ,0001141,PHOT,14.33975,0,0,21.51
02108 ,0000102,DEUT,414.1,0,0,662.56
02108 ,0000105,VISI,189.625,0,0,303.4
02108 ,0000106,DEUT,442.8,0,0,708.48
02108 ,0000110,DEUT,455.1,0,0,728.16
02108 ,0000115,DEUT,533,0,0,852.8
02108 ,0000116,DEUT,533,0,0,852.8
02108 ,0000122,SCI ,133.7625,0,0,214.02
02108 ,0000123,DEUT,290.9975,0,0,465.6
02108 ,0000124,PHOT,4.88,0,0,7.81
02108 ,0000125,PHOT,10.3935,0,0,16.63
02108 ,0000128,DEUT,599.625,0,0,959.4
02108 ,0000130,DEUT,442.8,0,0,708.48
02108 ,0000131,DEUT,350.55,759,0,560.88
02108 ,0000133,DEUT,423.325,916,0,677.32
02108 ,0000134,DEUT,313.65,0,0,501.84
02108 ,0000150,GERM,24.28225,0,0,38.85
02108 ,0000156,GERM,9.9835,0,0,15.97
02108 ,0000157,GERM,5.41,0,0,8.66
02108 ,0000161,SCI ,40.07,0,0,64.11
02108 ,0000163,GERM,19.5,0,0,31.2
02108 ,0000179,GERM,25.61475,0,0,40.98
02108 ,0000183,GERM,6.806,0,0,10.89
02108 ,0000184,GERM,1.92,0,0,3.07
02108 ,0000187,GERM,36.31,0,0,58.1
02108 ,0000192,GERM,6.0475,0,0,9.68
02108 ,0000194,GERM,4.85,9,0,7.76
02108 ,0000195,GERM,6.4985,9.24,0,9.24
02108 ,0000226,GERM,6.88,0,0,11.01
02108 ,0000230,GERM,3.53625,0,0,5.66
02108 ,0000233,GERM,6.36525,0,0,10.18
02108 ,0000234,GERM,11.07,0,0,17.71
02108 ,0000235,GERM,8.35,0,0,13.36
02108 ,0000242,SCI ,234,0,0,374.4
02108 ,0000246,DEUT,598.6,0,0,957.76
02108 ,0000247,DEUT,455.1,0,0,728.16
02108 ,0000249,SCI ,198.86025,0,0,318.18
02108 ,0000250,SCI ,222.57875,0,0,356.13
02108 ,0000253,DEUT,521.2125,0,0,833.94
02108 ,0000255,DEUT,442.8,0,0,708.48
02108 ,0000256,SCI ,91.225,0,0,145.96
02108 ,0000257,SCI ,91.225,0,0,145.96
02108 ,0000259,SCI ,261.375,0,0,418.2
02108 ,0000262,SCI ,311.6,0,0,498.56
02108 ,0000265,SCI ,321.85,0,0,514.96
02108 ,0000266,SCI ,429.475,0,0,687.16
02108 ,0000267,SCI ,166.05,0,0,265.68
02108 ,0000268,SCI ,94.3,0,0,150.88
02108 ,0000269,SCI ,94.3,0,0,150.88
02108 ,0000270,SCI ,316.725,0,0,506.76
02108 ,0000292,SCI ,281.875,0,0,451
02108 ,0000293,SCI ,79.089,0,0,126.54
02108 ,0000294,SCI ,93.7055,0,0,149.93
02108 ,0000295,SCI ,172.2,0,0,275.52
02108 ,0000296,SCI ,171.175,0,0,273.88
02108 ,0000298,SCI ,283.925,0,0,454.28
02108 ,0000299,SCI ,281.875,0,0,451
02108 ,0000300,SCI ,120.95,0,0,193.52
02108 ,0000301,SCI ,176.874,0,0,283
02108 ,0000302,SCI ,284.9705,0,0,455.95
02108 ,0000319,SCI ,1.148,0,0,1.84
02108 ,0000323,MIN ,22.24,0,0,35.58
02108 ,0000324,SCI ,56.76,72.25,0,72.25
02108 ,0000340,SCI ,102.3975,166.5,0,163.84
02108 ,0000342,SCI ,35.34,0,0,56.54
02108 ,0000343,SCI ,32.92,0,0,52.67
02108 ,0000345,SCI ,81.18,132,0,129.89
02108 ,0000346,SCI ,46.27875,75.25,0,74.05
02108 ,0000348,SCI ,62.94,0,0,100.7
02108 ,0000349,SCI ,48.12375,0,0,77
02108 ,0000350,SCI ,91.47,144.5,0,144.5
02108 ,0000351,SCI ,146.37,238,0,234.19
02108 ,0000352,SCI ,17.51,20,0,20
02108 ,0000353,SCI ,17.2,19.25,0,19.25
02108 ,0000354,SCI ,41.72,0,0,66.75
02108 ,0000355,SCI ,30.04,0,0,48.06
02108 ,0000356,SCI ,191.88,271,0,271
02108 ,0000357,SCI ,49.2,74.75,0,74.75
02108 ,0000361,SCI ,24.16,0,0,38.66
02108 ,0000362,SCI ,28.75125,42.5,0,42.5
02108 ,0000364,SCI ,61.51,0,0,98.42
02108 ,0000365,SCI ,116.235,189,0,185.98
02108 ,0000367,SCI ,54.4275,88.5,0,87.08
02108 ,0000389,SCI ,2.85,0,0,4.56
02108 ,0000399,SCI ,461.56,0,0,738.5
02108 ,0000413,STTV,13.6490025,0,0,21.84
02108 ,0000422,L L ,11.30862,0,0,18.09
02108 ,0000486,PHOT,0.97,0,0,1.55
02108 ,0000555,SCI ,2,0,0,3.2
02108 ,0000574,PHOT,11.07999375,12.99,0,12.99
02108 ,0000584,PHOT,15.78,0,0,25.25
02108 ,0000595,PHOT,3.49525,0,0,5.59
02108 ,0000604,MARI,18.928735,19,0,19
02108 ,0000615,PHOT,8.75,0,0,14
02108 ,0000623,PHOT,2.583,0,0,4.13
02108 ,0000637,SCI ,8.97,0,0,14.35
02108 ,0000645,STTV,8.74955375,8.99,0,8.99
02108 ,0000650,SCI ,12.63,0,0,20.21
02108 ,0000652,I R ,30.13738,0,0,48.22
02108 ,0000660,SCI ,9.05,0,0,14.48
02108 ,0000677,PHOT,26.18,0,0,41.89
02108 ,0000678,SCI ,15.83,0,0,25.33
02108 ,0000679,PHOT,13.5717175,0,0,21.71
02108 ,0000682,PHOT,3.6,0,0,5.76
02108 ,0000686,SCI ,12.55,0,0,20.08
02108 ,0000803,SCI ,29.53,0,0,47.25
02108 ,0000805,PHOT,12.13,0,0,19.41
02108 ,0000808,PHOT,5.79125,0,0,9.27
02108 ,0000829,PHOT,3.2595,0,0,5.21
02108 ,0000841,MIN ,2.57275,0,0,4.12
02108 ,0000844,MIN ,1.4965,0,0,2.39
02108 ,0000846,MIN ,1.2095,0,0,1.94
02108 ,0000847,MIN ,1.353,0,0,2.17
02108 ,0000849,MIN ,1.353,0,0,2.17
02108 ,0000850,MIN ,3.38,0,0,5.41
02108 ,0000851,MIN ,3.8976,0,0,6.24
02108 ,0000853,MIN ,3.4645,0,0,5.54
02108 ,0000855,MIN ,3.4645,0,0,5.54
02108 ,0000856,MIN ,5.87,0,0,9.39
02108 ,0000859,PHOT,1.42475,0,0,2.28
02108 ,0000860,PHOT,5.11475,0,0,8.18
02108 ,0000861,PHOT,1.148,0,0,1.84
02108 ,0000862,PHOT,12.12575,0,0,19.4
02108 ,0000863,PHOT,10.3935,0,0,16.63
02108 ,0000864,PHOT,9.99375,0,0,15.99
02108 ,0000865,PHOT,6.77525,0,0,10.84
02108 ,0000866,PHOT,3.8335,0,0,6.13
02108 ,0000868,PHOT,24.53,0,0,39.25
02108 ,0000870,PHOT,10.4345,0,0,16.7
02108 ,0000872,MARI,10.42425,0,0,16.68
02108 ,0000873,MARI,7.24675,0,0,11.6
02108 ,0000882,SCI ,3.61,0,0,5.78
02108 ,0000886,SCI ,3.7411885,0,0,5.99
02108 ,0000889,SCI ,7.18417,0,0,11.49
02108 ,0000898,PHOT,10.64975,0,0,17.04
02108 ,0000901,PHOT,5.1455,0,0,8.23
02108 ,0000902,PHOT,4.715,0,0,7.54
02108 ,0000903,PHOT,4.469,0,0,7.15
02108 ,0000904,PHOT,4.8995,0,0,7.84
02108 ,0000908,PHOT,4.56125,0,0,7.3
02108 ,0000910,PHOT,6.57,0,0,10.51
02108 ,0000914,PHOT,6.7855,0,0,10.86
02108 ,0000916,PHOT,1.5785,0,0,2.53
02108 ,0000920,PHOT,6.0885,0,0,9.74
02108 ,0000921,SCI ,8.4665,0,0,13.55
02108 ,0000922,PHOT,8.446,0,0,13.51
02108 ,0000924,PHOT,2.83925,0,0,4.54
02108 ,0000925,PHOT,13.54025,0,0,21.66
02108 ,0000926,PHOT,2.132,0,0,3.41
02108 ,0000927,PHOT,10.578,0,0,16.93
02108 ,0000928,PHOT,4.37675,0,0,7
02108 ,0000929,PHOT,7.6875,0,0,12.3
02108 ,0000930,PHOT,3.65925,0,0,5.86
02108 ,0000931,PHOT,4.43825,0,0,7.1
02108 ,0000932,PHOT,51.6805,0,0,82.69
02108 ,0000934,PHOT,6.18075,0,0,9.89
02108 ,0000935,PHOT,1.5785,0,0,2.53
02108 ,0000936,PHOT,2.501,0,0,4
02108 ,0000938,PHOT,4.90975,0,0,7.86
02108 ,0000940,SCI ,2.14225,0,0,3.43
02108 ,0000941,PHOT,2.3985,0,0,3.84
02108 ,0000942,PHOT,3.78225,0,0,6.05
02108 ,0000950,PHOT,6.5102875,0,0,10.42
02108 ,0000952,STTV,7.2538225,0,0,11.61
02108 ,0000963,MIN ,2.28375,0,0,3.65
02108 ,0000964,PHOT,6.0885,0,0,9.74
02108 ,0000967,SCI ,37.97,0,0,60.75
02108 ,0000981,PHOT,3.567,0,0,5.71
02108 ,0000982,PHOT,3.567,0,0,5.71
02108 ,0000985,PHOT,3.567,0,0,5.71
02108 ,0000986,PHOT,3.321,0,0,5.31
02108 ,0001001,SCI ,46.89375,76.25,0,75.03
02108 ,0001003,MIN ,2.30625,0,0,3.69
02108 ,0001006,PHOT,27.64425,7,0,7
02108 ,0001021,MIN ,7.37296,0,0,11.8
02108 ,0001022,MIN ,2.42925,0,0,3.89
02108 ,0001024,MIN ,3.76175,0,0,6.02
02108 ,0001028,PHOT,16.00025,0,0,25.6
02108 ,0001036,SCI ,10.11,0,0,16.18
02108 ,0001043,MIN ,2.10125,6.75,6.75,6.75
02108 ,0001045,MIN ,3.4645,0,0,5.54
02108 ,0001046,MIN ,1.9475,1.99,0,1.99
02108 ,0001048,MIN ,2.3165,0,0,3.71
02108 ,0001051,MIN ,3.29025,0,0,5.26
02108 ,0001069,SCI ,10.23,0,0,16.37
02108 ,0001073,SCI ,6.98,0,0,11.17
02108 ,0001074,SCI ,13.05,0,0,20.88
02108 ,0001087,SCI ,14.44225,0,0,23.11
02108 ,0001089,PHOT,10.21925,0,0,16.35
02108 ,0001090,SCI ,0.97,0,0,1.55
02108 ,0001111,PHOT,18.583635,27.5,0,27.5
02108 ,0001112,PHOT,25.625,0,0,41
02108 ,0001125,PHOT,29.71475,0,0,47.54
02108 ,0001128,STTV,11.521,0,0,18.43
02108 ,0001129,STTV,13.31475,0,0,21.3
02108 ,0001130,STTV,14.72925,0,0,23.57
02108 ,0001133,STTV,12.6485,0,0,20.24
02108 ,0001134,STTV,14.33975,0,0,22.94
02108 ,0001137,STTV,14.72925,0,0,23.57
02108 ,0001138,STTV,12.6485,0,0,20.24
02108 ,0001141,PHOT,14.33975,0,0,22.94
02109 ,0000102,DEUT,414.1,0,0,662.56
02109 ,0000105,VISI,189.625,0,0,303.4
02109 ,0000106,DEUT,442.8,0,0,708.48
02109 ,0000110,DEUT,455.1,0,0,728.16
02109 ,0000115,DEUT,533,0,0,852.8
02109 ,0000116,DEUT,533,0,0,852.8
02109 ,0000122,SCI ,133.7625,0,0,214.02
02109 ,0000123,DEUT,290.9975,0,0,465.6
02109 ,0000124,PHOT,4.88,0,0,7.81
02109 ,0000125,PHOT,10.3935,0,0,16.63
02109 ,0000128,DEUT,599.625,0,0,959.4
02109 ,0000130,DEUT,442.8,0,0,708.48
02109 ,0000131,DEUT,350.55,759,0,560.88
02109 ,0000133,DEUT,423.325,916,0,677.32
02109 ,0000134,DEUT,313.65,0,0,501.84
02109 ,0000150,GERM,24.28225,0,0,38.85
02109 ,0000156,GERM,9.9835,0,0,15.97
02109 ,0000157,GERM,5.41,0,0,8.66
02109 ,0000161,SCI ,40.07,0,0,64.11
02109 ,0000163,GERM,19.5,0,0,31.2
02109 ,0000179,GERM,25.61475,0,0,40.98
02109 ,0000183,GERM,6.806,0,0,10.89
02109 ,0000184,GERM,1.92,0,0,3.07
02109 ,0000187,GERM,36.31,0,0,58.1
02109 ,0000192,GERM,6.0475,0,0,9.68
02109 ,0000194,GERM,4.85,9,0,7.76
02109 ,0000195,GERM,6.4985,9.24,0,9.24
02109 ,0000226,GERM,6.88,0,0,11.01
02109 ,0000230,GERM,3.53625,0,0,5.66
02109 ,0000233,GERM,6.36525,0,0,10.18
02109 ,0000234,GERM,11.07,0,0,17.71
02109 ,0000235,GERM,8.35,0,0,13.36
02109 ,0000242,SCI ,234,0,0,374.4
02109 ,0000246,DEUT,598.6,0,0,957.76
02109 ,0000247,DEUT,455.1,0,0,728.16
02109 ,0000249,SCI ,198.86025,0,0,318.18
02109 ,0000250,SCI ,222.57875,0,0,356.13
02109 ,0000253,DEUT,521.2125,0,0,833.94
02109 ,0000255,DEUT,442.8,0,0,708.48
02109 ,0000256,SCI ,91.225,0,0,145.96
02109 ,0000257,SCI ,91.225,0,0,145.96
02109 ,0000259,SCI ,261.375,0,0,418.2
02109 ,0000262,SCI ,311.6,0,0,498.56
02109 ,0000265,SCI ,321.85,0,0,514.96
02109 ,0000266,SCI ,429.475,0,0,687.16
02109 ,0000267,SCI ,166.05,0,0,265.68
02109 ,0000268,SCI ,94.3,0,0,150.88
02109 ,0000269,SCI ,94.3,0,0,150.88
02109 ,0000270,SCI ,316.725,0,0,506.76
02109 ,0000292,SCI ,281.875,0,0,451
02109 ,0000293,SCI ,79.089,0,0,126.54
02109 ,0000294,SCI ,93.7055,0,0,149.93
02109 ,0000295,SCI ,172.2,0,0,275.52
02109 ,0000296,SCI ,171.175,0,0,273.88
02109 ,0000298,SCI ,283.925,0,0,454.28
02109 ,0000299,SCI ,281.875,0,0,451
02109 ,0000300,SCI ,120.95,0,0,193.52
02109 ,0000301,SCI ,176.874,0,0,283
02109 ,0000302,SCI ,284.9705,0,0,455.95
02109 ,0000319,SCI ,1.148,0,0,1.84
02109 ,0000323,MIN ,22.24,0,0,35.58
02109 ,0000324,SCI ,56.76,72.25,0,72.25
02109 ,0000340,SCI ,102.3975,166.5,0,163.84
02109 ,0000342,SCI ,35.34,0,0,56.54
02109 ,0000343,SCI ,32.92,0,0,52.67
02109 ,0000345,SCI ,81.18,132,0,129.89
02109 ,0000346,SCI ,46.27875,75.25,0,74.05
02109 ,0000348,SCI ,62.94,0,0,100.7
02109 ,0000349,SCI ,48.12375,0,0,77
02109 ,0000350,SCI ,91.47,144.5,0,144.5
02109 ,0000351,SCI ,146.37,238,0,234.19
02109 ,0000352,SCI ,17.51,20,0,20
02109 ,0000353,SCI ,17.2,19.25,0,19.25
02109 ,0000354,SCI ,41.72,0,0,66.75
02109 ,0000355,SCI ,30.04,0,0,48.06
02109 ,0000356,SCI ,191.88,271,0,271
02109 ,0000357,SCI ,49.2,74.75,0,74.75
02109 ,0000361,SCI ,24.16,0,0,38.66
02109 ,0000362,SCI ,28.75125,42.5,0,42.5
02109 ,0000364,SCI ,61.51,0,0,98.42
02109 ,0000365,SCI ,116.235,189,0,185.98
02109 ,0000367,SCI ,54.4275,88.5,0,87.08
02109 ,0000389,SCI ,2.85,0,0,4.56
02109 ,0000399,SCI ,461.56,0,0,738.5
02109 ,0000413,STTV,13.6490025,0,0,21.84
02109 ,0000422,L L ,11.30862,0,0,18.09
02109 ,0000486,PHOT,0.97,0,0,1.55
02109 ,0000555,SCI ,2,0,0,3.2
02109 ,0000574,PHOT,11.07999375,12.99,0,12.99
02109 ,0000584,PHOT,15.78,0,0,25.25
02109 ,0000595,PHOT,3.49525,0,0,5.59
02109 ,0000604,MARI,18.928735,19,0,19
02109 ,0000615,PHOT,8.75,0,0,14
02109 ,0000623,PHOT,2.583,0,0,4.13
02109 ,0000637,SCI ,8.97,0,0,14.35
02109 ,0000645,STTV,8.74955375,8.99,0,8.99
02109 ,0000650,SCI ,12.63,0,0,20.21
02109 ,0000652,I R ,30.13738,0,0,48.22
02109 ,0000660,SCI ,9.05,0,0,14.48
02109 ,0000677,PHOT,26.18,0,0,41.89
02109 ,0000678,SCI ,15.83,0,0,25.33
02109 ,0000679,PHOT,13.5717175,0,0,21.71
02109 ,0000682,PHOT,3.6,0,0,5.76
02109 ,0000686,SCI ,12.55,0,0,20.08
02109 ,0000803,SCI ,29.53,0,0,47.25
02109 ,0000805,PHOT,12.13,0,0,19.41
02109 ,0000808,PHOT,5.79125,0,0,9.27
02109 ,0000829,PHOT,3.2595,0,0,5.21
02109 ,0000841,MIN ,2.57275,0,0,4.12
02109 ,0000844,MIN ,1.4965,0,0,2.39
02109 ,0000846,MIN ,1.2095,0,0,1.94
02109 ,0000847,MIN ,1.353,0,0,2.17
02109 ,0000849,MIN ,1.353,0,0,2.17
02109 ,0000850,MIN ,3.38,0,0,5.41
02109 ,0000851,MIN ,3.8976,0,0,6.24
02109 ,0000853,MIN ,3.4645,0,0,5.54
02109 ,0000855,MIN ,3.4645,0,0,5.54
02109 ,0000856,MIN ,5.87,0,0,9.39
02109 ,0000859,PHOT,1.42475,0,0,2.28
02109 ,0000860,PHOT,5.11475,0,0,8.18
02109 ,0000861,PHOT,1.148,0,0,1.84
02109 ,0000862,PHOT,12.12575,0,0,19.4
02109 ,0000863,PHOT,10.3935,0,0,16.63
02109 ,0000864,PHOT,9.99375,0,0,15.99
02109 ,0000865,PHOT,6.77525,0,0,10.84
02109 ,0000866,PHOT,3.8335,0,0,6.13
02109 ,0000868,PHOT,24.53,0,0,39.25
02109 ,0000870,PHOT,10.4345,0,0,16.7
02109 ,0000872,MARI,10.42425,0,0,16.68
02109 ,0000873,MARI,7.24675,0,0,11.6
02109 ,0000882,SCI ,3.61,0,0,5.78
02109 ,0000886,SCI ,3.7411885,0,0,5.99
02109 ,0000889,SCI ,7.18417,0,0,11.49
02109 ,0000898,PHOT,10.64975,0,0,17.04
02109 ,0000901,PHOT,5.1455,0,0,8.23
02109 ,0000902,PHOT,4.715,0,0,7.54
02109 ,0000903,PHOT,4.469,0,0,7.15
02109 ,0000904,PHOT,4.8995,0,0,7.84
02109 ,0000908,PHOT,4.56125,0,0,7.3
02109 ,0000910,PHOT,6.57,0,0,10.51
02109 ,0000914,PHOT,6.7855,0,0,10.86
02109 ,0000916,PHOT,1.5785,0,0,2.53
02109 ,0000920,PHOT,6.0885,0,0,9.74
02109 ,0000921,SCI ,8.4665,0,0,13.55
02109 ,0000922,PHOT,8.446,0,0,13.51
02109 ,0000924,PHOT,2.83925,0,0,4.54
02109 ,0000925,PHOT,13.54025,0,0,21.66
02109 ,0000926,PHOT,2.132,0,0,3.41
02109 ,0000927,PHOT,10.578,0,0,16.93
02109 ,0000928,PHOT,4.37675,0,0,7
02109 ,0000929,PHOT,7.6875,0,0,12.3
02109 ,0000930,PHOT,3.65925,0,0,5.86
02109 ,0000931,PHOT,4.43825,0,0,7.1
02109 ,0000932,PHOT,51.6805,0,0,82.69
02109 ,0000934,PHOT,6.18075,0,0,9.89
02109 ,0000935,PHOT,1.5785,0,0,2.53
02109 ,0000936,PHOT,2.501,0,0,4
02109 ,0000938,PHOT,4.90975,0,0,7.86
02109 ,0000940,SCI ,2.14225,0,0,3.43
02109 ,0000941,PHOT,2.3985,0,0,3.84
02109 ,0000942,PHOT,3.78225,0,0,6.05
02109 ,0000950,PHOT,6.5102875,0,0,10.42
02109 ,0000952,STTV,7.2538225,0,0,11.61
02109 ,0000963,MIN ,2.28375,0,0,3.65
02109 ,0000964,PHOT,6.0885,0,0,9.74
02109 ,0000967,SCI ,37.97,0,0,60.75
02109 ,0000981,PHOT,3.567,0,0,5.71
02109 ,0000982,PHOT,3.567,0,0,5.71
02109 ,0000985,PHOT,3.567,0,0,5.71
02109 ,0000986,PHOT,3.321,0,0,5.31
02109 ,0001001,SCI ,46.89375,76.25,0,75.03
02109 ,0001003,MIN ,2.30625,0,0,3.69
02109 ,0001006,PHOT,27.64425,7,0,7
02109 ,0001021,MIN ,7.37296,0,0,11.8
02109 ,0001022,MIN ,2.42925,0,0,3.89
02109 ,0001024,MIN ,3.76175,0,0,6.02
02109 ,0001028,PHOT,16.00025,0,0,25.6
02109 ,0001036,SCI ,10.11,0,0,16.18
02109 ,0001043,MIN ,2.10125,6.75,6.75,6.75
02109 ,0001045,MIN ,3.4645,0,0,5.54
02109 ,0001046,MIN ,1.9475,1.99,0,1.99
02109 ,0001048,MIN ,2.3165,0,0,3.71
02109 ,0001051,MIN ,3.29025,0,0,5.26
02109 ,0001069,SCI ,10.23,0,0,16.37
02109 ,0001073,SCI ,6.98,0,0,11.17
02109 ,0001074,SCI ,13.05,0,0,20.88
02109 ,0001087,SCI ,14.44225,0,0,23.11
02109 ,0001089,PHOT,10.21925,0,0,16.35
02109 ,0001090,SCI ,0.97,0,0,1.55
02109 ,0001111,PHOT,18.583635,27.5,0,27.5
02109 ,0001112,PHOT,25.625,0,0,41
02109 ,0001125,PHOT,29.71475,0,0,47.54
02109 ,0001128,STTV,11.521,0,0,18.43
02109 ,0001129,STTV,13.31475,0,0,21.3
02109 ,0001130,STTV,14.72925,0,0,23.57
02109 ,0001133,STTV,12.6485,0,0,20.24
02109 ,0001134,STTV,14.33975,0,0,22.94
02109 ,0001137,STTV,14.72925,0,0,23.57
02109 ,0001138,STTV,12.6485,0,0,20.24
02109 ,0001141,PHOT,14.33975,0,0,22.94
02135 ,0000102,DEUT,414.1,0,0,662.56
02135 ,0000105,VISI,189.625,0,0,303.4
02135 ,0000106,DEUT,442.8,0,0,708.48
02135 ,0000110,DEUT,455.1,0,0,728.16
02135 ,0000115,DEUT,533,0,0,852.8
02135 ,0000116,DEUT,533,0,0,852.8
02135 ,0000122,SCI ,133.7625,0,0,214.02
02135 ,0000123,DEUT,290.9975,0,0,465.6
02135 ,0000124,PHOT,4.88,0,0,7.81
02135 ,0000125,PHOT,10.3935,0,0,16.63
02135 ,0000128,DEUT,599.625,0,0,959.4
02135 ,0000130,DEUT,442.8,0,0,708.48
02135 ,0000131,DEUT,350.55,759,0,560.88
02135 ,0000133,DEUT,423.325,916,0,677.32
02135 ,0000134,DEUT,313.65,0,0,501.84
02135 ,0000150,GERM,24.28225,0,0,38.85
02135 ,0000156,GERM,9.9835,0,0,15.97
02135 ,0000157,GERM,5.41,0,0,8.66
02135 ,0000161,SCI ,40.07,0,0,64.11
02135 ,0000163,GERM,19.5,0,0,31.2
02135 ,0000179,GERM,25.61475,0,0,40.98
02135 ,0000183,GERM,6.806,0,0,10.89
02135 ,0000184,GERM,1.92,0,0,3.07
02135 ,0000187,GERM,36.31,0,0,58.1
02135 ,0000192,GERM,6.0475,0,0,9.68
02135 ,0000194,GERM,4.85,9,0,7.76
02135 ,0000195,GERM,6.4985,9.24,0,9.24
02135 ,0000226,GERM,6.88,0,0,11.01
02135 ,0000230,GERM,3.53625,0,0,5.66
02135 ,0000233,GERM,6.36525,0,0,10.18
02135 ,0000234,GERM,11.07,0,0,17.71
02135 ,0000235,GERM,8.35,0,0,13.36
02135 ,0000242,SCI ,234,0,0,374.4
02135 ,0000246,DEUT,598.6,0,0,957.76
02135 ,0000247,DEUT,455.1,0,0,728.16
02135 ,0000249,SCI ,198.86025,0,0,318.18
02135 ,0000250,SCI ,222.57875,0,0,356.13
02135 ,0000253,DEUT,521.2125,0,0,833.94
02135 ,0000255,DEUT,442.8,0,0,708.48
02135 ,0000256,SCI ,91.225,0,0,145.96
02135 ,0000257,SCI ,91.225,0,0,145.96
02135 ,0000259,SCI ,261.375,0,0,418.2
02135 ,0000262,SCI ,311.6,0,0,498.56
02135 ,0000265,SCI ,321.85,0,0,514.96
02135 ,0000266,SCI ,429.475,0,0,687.16
02135 ,0000267,SCI ,166.05,0,0,265.68
02135 ,0000268,SCI ,94.3,0,0,150.88
02135 ,0000269,SCI ,94.3,0,0,150.88
02135 ,0000270,SCI ,316.725,0,0,506.76
02135 ,0000292,SCI ,281.875,0,0,451
02135 ,0000293,SCI ,79.089,0,0,126.54
02135 ,0000294,SCI ,93.7055,0,0,149.93
02135 ,0000295,SCI ,172.2,0,0,275.52
02135 ,0000296,SCI ,171.175,0,0,273.88
02135 ,0000298,SCI ,283.925,0,0,454.28
02135 ,0000299,SCI ,281.875,0,0,451
02135 ,0000300,SCI ,120.95,0,0,193.52
02135 ,0000301,SCI ,176.874,0,0,283
02135 ,0000302,SCI ,284.9705,0,0,455.95
02135 ,0000319,SCI ,1.148,0,0,1.84
02135 ,0000323,MIN ,22.24,0,0,35.58
02135 ,0000324,SCI ,56.76,72.25,0,72.25
02135 ,0000340,SCI ,102.3975,166.5,0,163.84
02135 ,0000342,SCI ,35.34,0,0,56.54
02135 ,0000343,SCI ,32.92,0,0,52.67
02135 ,0000345,SCI ,81.18,132,0,129.89
02135 ,0000346,SCI ,46.27875,75.25,0,74.05
02135 ,0000348,SCI ,62.94,0,0,100.7
02135 ,0000349,SCI ,48.12375,0,0,77
02135 ,0000350,SCI ,91.47,144.5,0,144.5
02135 ,0000351,SCI ,146.37,238,0,234.19
02135 ,0000352,SCI ,17.51,20,0,20
02135 ,0000353,SCI ,17.2,19.25,0,19.25
02135 ,0000354,SCI ,41.72,0,0,66.75
02135 ,0000355,SCI ,30.04,0,0,48.06
02135 ,0000356,SCI ,191.88,271,0,271
02135 ,0000357,SCI ,49.2,74.75,0,74.75
02135 ,0000361,SCI ,24.16,0,0,38.66
02135 ,0000362,SCI ,28.75125,42.5,0,42.5
02135 ,0000364,SCI ,61.51,0,0,98.42
02135 ,0000365,SCI ,116.235,189,0,185.98
02135 ,0000367,SCI ,54.4275,88.5,0,87.08
02135 ,0000389,SCI ,2.85,0,0,4.56
02135 ,0000399,SCI ,461.56,0,0,738.5
02135 ,0000413,STTV,13.6490025,0,0,21.84
02135 ,0000422,L L ,11.30862,0,0,18.09
02135 ,0000486,PHOT,0.97,0,0,1.55
02135 ,0000555,SCI ,2,0,0,3.2
02135 ,0000574,PHOT,11.07999375,12.99,0,12.99
02135 ,0000584,PHOT,15.78,0,0,25.25
02135 ,0000595,PHOT,3.49525,0,0,5.59
02135 ,0000604,MARI,18.928735,19,0,19
02135 ,0000615,PHOT,8.75,0,0,14
02135 ,0000623,PHOT,2.583,0,0,4.13
02135 ,0000637,SCI ,8.97,0,0,14.35
02135 ,0000645,STTV,8.74955375,8.99,0,8.99
02135 ,0000650,SCI ,12.63,0,0,20.21
02135 ,0000652,I R ,30.13738,0,0,46.71
02135 ,0000660,SCI ,9.05,0,0,14.48
02135 ,0000677,PHOT,26.18,0,0,41.89
02135 ,0000678,SCI ,15.83,0,0,25.33
02135 ,0000679,PHOT,13.5717175,0,0,21.71
02135 ,0000682,PHOT,3.6,0,0,5.76
02135 ,0000686,SCI ,12.55,0,0,20.08
02135 ,0000803,SCI ,29.53,0,0,47.25
02135 ,0000805,PHOT,12.13,0,0,19.41
02135 ,0000808,PHOT,5.79125,0,0,9.27
02135 ,0000829,PHOT,3.2595,0,0,5.21
02135 ,0000841,MIN ,2.57275,0,0,4.12
02135 ,0000844,MIN ,1.4965,0,0,2.39
02135 ,0000846,MIN ,1.2095,0,0,1.94
02135 ,0000847,MIN ,1.353,0,0,2.17
02135 ,0000849,MIN ,1.353,0,0,2.17
02135 ,0000850,MIN ,3.38,0,0,5.41
02135 ,0000851,MIN ,3.8976,0,0,6.24
02135 ,0000853,MIN ,3.4645,0,0,5.54
02135 ,0000855,MIN ,3.4645,0,0,5.54
02135 ,0000856,MIN ,5.87,0,0,9.39
02135 ,0000859,PHOT,1.42475,0,0,2.28
02135 ,0000860,PHOT,5.11475,0,0,8.18
02135 ,0000861,PHOT,1.148,0,0,1.84
02135 ,0000862,PHOT,12.12575,0,0,19.4
02135 ,0000863,PHOT,10.3935,0,0,16.63
02135 ,0000864,PHOT,9.99375,0,0,15.99
02135 ,0000865,PHOT,6.77525,0,0,10.84
02135 ,0000866,PHOT,3.8335,0,0,6.13
02135 ,0000868,PHOT,24.53,0,0,39.25
02135 ,0000870,PHOT,10.4345,0,0,16.7
02135 ,0000872,MARI,10.42425,0,0,16.68
02135 ,0000873,MARI,7.24675,0,0,11.6
02135 ,0000882,SCI ,3.61,0,0,5.78
02135 ,0000886,SCI ,3.7411885,0,0,5.99
02135 ,0000889,SCI ,7.18417,0,0,11.49
02135 ,0000898,PHOT,10.64975,0,0,17.04
02135 ,0000901,PHOT,5.1455,0,0,8.23
02135 ,0000902,PHOT,4.715,0,0,7.54
02135 ,0000903,PHOT,4.469,0,0,7.15
02135 ,0000904,PHOT,4.8995,0,0,7.84
02135 ,0000908,PHOT,4.56125,0,0,7.3
02135 ,0000910,PHOT,6.57,0,0,10.51
02135 ,0000914,PHOT,6.7855,0,0,10.86
02135 ,0000916,PHOT,1.5785,0,0,2.53
02135 ,0000920,PHOT,6.0885,0,0,9.74
02135 ,0000921,SCI ,8.4665,0,0,13.55
02135 ,0000922,PHOT,8.446,0,0,13.51
02135 ,0000924,PHOT,2.83925,0,0,4.54
02135 ,0000925,PHOT,13.54025,0,0,21.66
02135 ,0000926,PHOT,2.132,0,0,3.41
02135 ,0000927,PHOT,10.578,0,0,16.93
02135 ,0000928,PHOT,4.37675,0,0,7
02135 ,0000929,PHOT,7.6875,0,0,12.3
02135 ,0000930,PHOT,3.65925,0,0,5.86
02135 ,0000931,PHOT,4.43825,0,0,7.1
02135 ,0000932,PHOT,51.6805,0,0,82.69
02135 ,0000934,PHOT,6.18075,0,0,9.89
02135 ,0000935,PHOT,1.5785,0,0,2.53
02135 ,0000936,PHOT,2.501,0,0,4
02135 ,0000938,PHOT,4.90975,0,0,7.86
02135 ,0000940,SCI ,2.14225,0,0,3.43
02135 ,0000941,PHOT,2.3985,0,0,3.84
02135 ,0000942,PHOT,3.78225,0,0,6.05
02135 ,0000950,PHOT,6.5102875,0,0,10.42
02135 ,0000952,STTV,7.2538225,0,0,11.61
02135 ,0000963,MIN ,2.28375,0,0,3.65
02135 ,0000964,PHOT,6.0885,0,0,9.74
02135 ,0000967,SCI ,37.97,0,0,60.75
02135 ,0000981,PHOT,3.567,0,0,5.71
02135 ,0000982,PHOT,3.567,0,0,5.71
02135 ,0000985,PHOT,3.567,0,0,5.71
02135 ,0000986,PHOT,3.321,0,0,5.31
02135 ,0001001,SCI ,46.89375,76.25,0,75.03
02135 ,0001003,MIN ,2.30625,0,0,3.69
02135 ,0001006,PHOT,27.64425,7,0,7
02135 ,0001021,MIN ,7.37296,0,0,11.8
02135 ,0001022,MIN ,2.42925,0,0,3.89
02135 ,0001024,MIN ,3.76175,0,0,6.02
02135 ,0001028,PHOT,16.00025,0,0,25.6
02135 ,0001036,SCI ,10.11,0,0,16.18
02135 ,0001043,MIN ,2.10125,6.75,6.75,6.75
02135 ,0001045,MIN ,3.4645,0,0,5.54
02135 ,0001046,MIN ,1.9475,1.99,0,1.99
02135 ,0001048,MIN ,2.3165,0,0,3.71
02135 ,0001051,MIN ,3.29025,0,0,5.26
02135 ,0001069,SCI ,10.23,0,0,16.37
02135 ,0001073,SCI ,6.98,0,0,11.17
02135 ,0001074,SCI ,13.05,0,0,20.88
02135 ,0001087,SCI ,14.44225,0,0,23.11
02135 ,0001089,PHOT,10.21925,0,0,16.35
02135 ,0001090,SCI ,0.97,0,0,1.55
02135 ,0001111,PHOT,18.583635,27.5,0,27.5
02135 ,0001112,PHOT,25.625,0,0,41
02135 ,0001125,PHOT,29.71475,0,0,47.54
02135 ,0001128,STTV,11.521,0,0,18.43
02135 ,0001129,STTV,13.31475,0,0,21.3
02135 ,0001130,STTV,14.72925,0,0,23.57
02135 ,0001133,STTV,12.6485,0,0,20.24
02135 ,0001134,STTV,14.33975,0,0,22.94
02135 ,0001137,STTV,14.72925,0,0,23.57
02135 ,0001138,STTV,12.6485,0,0,20.24
02135 ,0001141,PHOT,14.33975,0,0,22.94
02204 ,0000102,DEUT,414.1,0,0,579.74
02204 ,0000105,VISI,189.625,0,0,265.48
02204 ,0000106,DEUT,442.8,0,0,619.92
02204 ,0000110,DEUT,455.1,0,0,637.14
02204 ,0000115,DEUT,533,0,0,746.2
02204 ,0000116,DEUT,533,0,0,746.2
02204 ,0000122,SCI ,133.7625,0,0,187.27
02204 ,0000123,DEUT,290.9975,0,0,407.4
02204 ,0000124,PHOT,4.88,0,0,6.83
02204 ,0000125,PHOT,10.3935,0,0,14.55
02204 ,0000128,DEUT,599.625,0,0,839.48
02204 ,0000130,DEUT,442.8,0,0,619.92
02204 ,0000131,DEUT,350.55,759,0,490.77
02204 ,0000133,DEUT,423.325,916,0,592.65
02204 ,0000134,DEUT,313.65,0,0,439.11
02204 ,0000150,GERM,24.28225,0,0,33.99
02204 ,0000156,GERM,9.9835,0,0,13.98
02204 ,0000157,GERM,5.41,0,0,7.57
02204 ,0000161,SCI ,40.07,0,0,56.1
02204 ,0000163,GERM,19.5,0,0,27.3
02204 ,0000179,GERM,25.61475,0,0,35.86
02204 ,0000183,GERM,6.806,0,0,9.53
02204 ,0000184,GERM,1.92,0,0,2.69
02204 ,0000187,GERM,36.31,0,0,50.83
02204 ,0000192,GERM,6.0475,0,0,8.47
02204 ,0000194,GERM,4.85,9,0,6.79
02204 ,0000195,GERM,6.4985,9.24,0,9.1
02204 ,0000226,GERM,6.88,0,0,9.63
02204 ,0000230,GERM,3.53625,0,0,4.95
02204 ,0000233,GERM,6.36525,0,0,8.91
02204 ,0000234,GERM,11.07,0,0,15.5
02204 ,0000235,GERM,8.35,0,0,11.69
02204 ,0000242,SCI ,234,0,0,327.6
02204 ,0000246,DEUT,598.6,0,0,838.04
02204 ,0000247,DEUT,455.1,0,0,637.14
02204 ,0000249,SCI ,198.86025,0,0,278.4
02204 ,0000250,SCI ,222.57875,0,0,311.61
02204 ,0000253,DEUT,521.2125,0,0,729.7
02204 ,0000255,DEUT,442.8,0,0,619.92
02204 ,0000256,SCI ,91.225,0,0,127.72
02204 ,0000257,SCI ,91.225,0,0,127.72
02204 ,0000259,SCI ,261.375,0,0,365.93
02204 ,0000262,SCI ,311.6,0,0,436.24
02204 ,0000265,SCI ,321.85,0,0,450.59
02204 ,0000266,SCI ,429.475,0,0,601.26
02204 ,0000267,SCI ,166.05,0,0,232.47
02204 ,0000268,SCI ,94.3,0,0,132.02
02204 ,0000269,SCI ,94.3,0,0,132.02
02204 ,0000270,SCI ,316.725,0,0,443.42
02204 ,0000292,SCI ,281.875,0,0,394.63
02204 ,0000293,SCI ,79.089,0,0,110.72
02204 ,0000294,SCI ,93.7055,0,0,131.19
02204 ,0000295,SCI ,172.2,0,0,241.08
02204 ,0000296,SCI ,171.175,0,0,239.65
02204 ,0000298,SCI ,283.925,0,0,397.5
02204 ,0000299,SCI ,281.875,0,0,394.63
02204 ,0000300,SCI ,120.95,0,0,169.33
02204 ,0000301,SCI ,176.874,0,0,247.62
02204 ,0000302,SCI ,284.9705,0,0,398.96
02204 ,0000319,SCI ,1.148,0,0,1.61
02204 ,0000323,MIN ,22.24,0,0,31.14
02204 ,0000324,SCI ,56.76,72.25,0,72.25
02204 ,0000340,SCI ,102.3975,166.5,0,143.36
02204 ,0000342,SCI ,35.34,0,0,49.48
02204 ,0000343,SCI ,32.92,0,0,46.09
02204 ,0000345,SCI ,81.18,132,0,113.65
02204 ,0000346,SCI ,46.27875,75.25,0,64.79
02204 ,0000348,SCI ,62.94,0,0,88.12
02204 ,0000349,SCI ,48.12375,0,0,67.37
02204 ,0000350,SCI ,91.47,144.5,0,128.06
02204 ,0000351,SCI ,146.37,238,0,204.92
02204 ,0000352,SCI ,17.51,20,0,20
02204 ,0000353,SCI ,17.2,19.25,0,19.25
02204 ,0000354,SCI ,41.72,0,0,58.41
02204 ,0000355,SCI ,30.04,0,0,42.06
02204 ,0000356,SCI ,191.88,271,0,268.63
02204 ,0000357,SCI ,49.2,74.75,0,68.88
02204 ,0000361,SCI ,24.16,0,0,33.82
02204 ,0000362,SCI ,28.75125,42.5,0,40.25
02204 ,0000364,SCI ,61.51,0,0,86.11
02204 ,0000365,SCI ,116.235,189,0,162.73
02204 ,0000367,SCI ,54.4275,88.5,0,76.2
02204 ,0000389,SCI ,2.85,0,0,3.99
02204 ,0000399,SCI ,461.56,0,0,646.18
02204 ,0000413,STTV,13.6490025,0,0,19.11
02204 ,0000422,L L ,11.30862,0,0,15.83
02204 ,0000486,PHOT,0.97,0,0,1.36
02204 ,0000555,SCI ,2,0,0,2.8
02204 ,0000574,PHOT,11.07999375,12.99,0,12.99
02204 ,0000584,PHOT,15.78,0,0,22.09
02204 ,0000595,PHOT,3.49525,0,0,4.89
02204 ,0000604,MARI,18.928735,19,0,19
02204 ,0000615,PHOT,8.75,0,0,12.25
02204 ,0000623,PHOT,2.583,0,0,3.62
02204 ,0000637,SCI ,8.97,0,0,12.56
02204 ,0000645,STTV,8.74955375,8.99,0,8.99
02204 ,0000650,SCI ,12.63,0,0,17.68
02204 ,0000652,I R ,30.13738,0,0,42.19
02204 ,0000660,SCI ,9.05,0,0,12.67
02204 ,0000677,PHOT,26.18,0,0,36.65
02204 ,0000678,SCI ,15.83,0,0,22.16
02204 ,0000679,PHOT,13.5717175,0,0,19
02204 ,0000682,PHOT,3.6,0,0,5.04
02204 ,0000686,SCI ,12.55,0,0,17.57
02204 ,0000803,SCI ,29.53,0,0,41.34
02204 ,0000805,PHOT,12.13,0,0,16.98
02204 ,0000808,PHOT,5.79125,0,0,8.11
02204 ,0000829,PHOT,3.2595,0,0,4.56
02204 ,0000841,MIN ,2.57275,0,0,3.6
02204 ,0000844,MIN ,1.4965,0,0,2.1
02204 ,0000846,MIN ,1.2095,0,0,1.69
02204 ,0000847,MIN ,1.353,0,0,1.89
02204 ,0000849,MIN ,1.353,0,0,1.89
02204 ,0000850,MIN ,3.38,0,0,4.73
02204 ,0000851,MIN ,3.8976,0,0,5.46
02204 ,0000853,MIN ,3.4645,0,0,4.85
02204 ,0000855,MIN ,3.4645,0,0,4.85
02204 ,0000856,MIN ,5.87,0,0,8.22
02204 ,0000859,PHOT,1.42475,0,0,2
02204 ,0000860,PHOT,5.11475,0,0,7.16
02204 ,0000861,PHOT,1.148,0,0,1.61
02204 ,0000862,PHOT,12.12575,0,0,16.98
02204 ,0000863,PHOT,10.3935,0,0,14.55
02204 ,0000864,PHOT,9.99375,0,0,13.99
02204 ,0000865,PHOT,6.77525,0,0,9.48
02204 ,0000866,PHOT,3.8335,0,0,5.37
02204 ,0000868,PHOT,24.53,0,0,34.34
02204 ,0000870,PHOT,10.4345,0,0,14.61
02204 ,0000872,MARI,10.42425,0,0,14.59
02204 ,0000873,MARI,7.24675,0,0,10.14
02204 ,0000882,SCI ,3.61,0,0,5.05
02204 ,0000886,SCI ,3.7411885,0,0,5.24
02204 ,0000889,SCI ,7.18417,0,0,10.06
02204 ,0000898,PHOT,10.64975,0,0,14.91
02204 ,0000901,PHOT,5.1455,0,0,7.2
02204 ,0000902,PHOT,4.715,0,0,6.6
02204 ,0000903,PHOT,4.469,0,0,6.26
02204 ,0000904,PHOT,4.8995,0,0,6.86
02204 ,0000908,PHOT,4.56125,0,0,6.39
02204 ,0000910,PHOT,6.57,0,0,9.2
02204 ,0000914,PHOT,6.7855,0,0,9.5
02204 ,0000916,PHOT,1.5785,0,0,2.21
02204 ,0000920,PHOT,6.0885,0,0,8.52
02204 ,0000921,SCI ,8.4665,0,0,11.85
02204 ,0000922,PHOT,8.446,0,0,11.82
02204 ,0000924,PHOT,2.83925,0,0,3.98
02204 ,0000925,PHOT,13.54025,0,0,18.96
02204 ,0000926,PHOT,2.132,0,0,2.98
02204 ,0000927,PHOT,10.578,0,0,14.81
02204 ,0000928,PHOT,4.37675,0,0,6.13
02204 ,0000929,PHOT,7.6875,0,0,10.76
02204 ,0000930,PHOT,3.65925,0,0,5.12
02204 ,0000931,PHOT,4.43825,0,0,6.21
02204 ,0000932,PHOT,51.6805,0,0,72.35
02204 ,0000934,PHOT,6.18075,0,0,8.65
02204 ,0000935,PHOT,1.5785,0,0,2.21
02204 ,0000936,PHOT,2.501,0,0,3.5
02204 ,0000938,PHOT,4.90975,0,0,6.87
02204 ,0000940,SCI ,2.14225,0,0,3
02204 ,0000941,PHOT,2.3985,0,0,3.36
02204 ,0000942,PHOT,3.78225,0,0,5.29
02204 ,0000950,PHOT,6.5102875,0,0,9.11
02204 ,0000952,STTV,7.2538225,0,0,10.15
02204 ,0000963,MIN ,2.28375,0,0,3.2
02204 ,0000964,PHOT,6.0885,0,0,8.52
02204 ,0000967,SCI ,37.97,0,0,53.16
02204 ,0000981,PHOT,3.567,0,0,4.99
02204 ,0000982,PHOT,3.567,0,0,4.99
02204 ,0000985,PHOT,3.567,0,0,4.99
02204 ,0000986,PHOT,3.321,0,0,4.65
02204 ,0001001,SCI ,46.89375,76.25,0,65.65
02204 ,0001003,MIN ,2.30625,0,0,3.23
02204 ,0001006,PHOT,27.64425,7,0,7
02204 ,0001021,MIN ,7.37296,0,0,10.32
02204 ,0001022,MIN ,2.42925,0,0,3.4
02204 ,0001024,MIN ,3.76175,0,0,5.27
02204 ,0001028,PHOT,16.00025,0,0,22.4
02204 ,0001036,SCI ,10.11,0,0,14.15
02204 ,0001043,MIN ,2.10125,6.75,6.75,6.75
02204 ,0001045,MIN ,3.4645,0,0,4.85
02204 ,0001046,MIN ,1.9475,1.99,0,1.99
02204 ,0001048,MIN ,2.3165,0,0,3.24
02204 ,0001051,MIN ,3.29025,0,0,4.61
02204 ,0001069,SCI ,10.23,0,0,14.32
02204 ,0001073,SCI ,6.98,0,0,9.77
02204 ,0001074,SCI ,13.05,0,0,18.27
02204 ,0001087,SCI ,14.44225,0,0,20.22
02204 ,0001089,PHOT,10.21925,0,0,14.31
02204 ,0001090,SCI ,0.97,0,0,1.36
02204 ,0001111,PHOT,18.583635,27.5,0,26.02
02204 ,0001112,PHOT,25.625,0,0,35.88
02204 ,0001125,PHOT,29.71475,0,0,41.6
02204 ,0001128,STTV,11.521,0,0,16.13
02204 ,0001129,STTV,13.31475,0,0,18.64
02204 ,0001130,STTV,14.72925,0,0,20.62
02204 ,0001133,STTV,12.6485,0,0,17.71
02204 ,0001134,STTV,14.33975,0,0,20.08
02204 ,0001137,STTV,14.72925,0,0,20.62
02204 ,0001138,STTV,12.6485,0,0,17.71
02204 ,0001141,PHOT,14.33975,0,0,20.08
02213 ,0000102,DEUT,414.1,0,0,621.15
02213 ,0000105,VISI,189.625,0,0,284.44
02213 ,0000106,DEUT,442.8,0,0,664.2
02213 ,0000110,DEUT,455.1,0,0,682.65
02213 ,0000115,DEUT,533,0,0,799.5
02213 ,0000116,DEUT,533,0,0,799.5
02213 ,0000122,SCI ,133.7625,0,0,200.64
02213 ,0000123,DEUT,290.9975,0,0,436.5
02213 ,0000124,PHOT,4.88,0,0,7.32
02213 ,0000125,PHOT,10.3935,0,0,15.59
02213 ,0000128,DEUT,599.625,0,0,899.44
02213 ,0000130,DEUT,442.8,0,0,664.2
02213 ,0000131,DEUT,350.55,759,0,525.83
02213 ,0000133,DEUT,423.325,916,0,634.99
02213 ,0000134,DEUT,313.65,0,0,470.48
02213 ,0000150,GERM,24.28225,0,0,36.42
02213 ,0000156,GERM,9.9835,0,0,14.97
02213 ,0000157,GERM,5.41,0,0,8.12
02213 ,0000161,SCI ,40.07,0,0,60.1
02213 ,0000163,GERM,19.5,0,0,29.25
02213 ,0000179,GERM,25.61475,0,0,38.42
02213 ,0000183,GERM,6.806,0,0,10.21
02213 ,0000184,GERM,1.92,0,0,2.88
02213 ,0000187,GERM,36.31,0,0,54.47
02213 ,0000192,GERM,6.0475,0,0,9.07
02213 ,0000194,GERM,4.85,9,0,7.28
02213 ,0000195,GERM,6.4985,9.24,0,9.24
02213 ,0000226,GERM,6.88,0,0,10.32
02213 ,0000230,GERM,3.53625,0,0,5.3
02213 ,0000233,GERM,6.36525,0,0,9.55
02213 ,0000234,GERM,11.07,0,0,16.61
02213 ,0000235,GERM,8.35,0,0,12.53
02213 ,0000242,SCI ,234,0,0,351
02213 ,0000246,DEUT,598.6,0,0,897.9
02213 ,0000247,DEUT,455.1,0,0,682.65
02213 ,0000249,SCI ,198.86025,0,0,298.29
02213 ,0000250,SCI ,222.57875,0,0,333.87
02213 ,0000253,DEUT,521.2125,0,0,781.82
02213 ,0000255,DEUT,442.8,0,0,664.2
02213 ,0000256,SCI ,91.225,0,0,136.84
02213 ,0000257,SCI ,91.225,0,0,136.84
02213 ,0000259,SCI ,261.375,0,0,392.06
02213 ,0000262,SCI ,311.6,0,0,467.4
02213 ,0000265,SCI ,321.85,0,0,482.77
02213 ,0000266,SCI ,429.475,0,0,644.21
02213 ,0000267,SCI ,166.05,0,0,249.07
02213 ,0000268,SCI ,94.3,0,0,141.45
02213 ,0000269,SCI ,94.3,0,0,141.45
02213 ,0000270,SCI ,316.725,0,0,475.09
02213 ,0000292,SCI ,281.875,0,0,422.81
02213 ,0000293,SCI ,79.089,0,0,118.63
02213 ,0000294,SCI ,93.7055,0,0,140.56
02213 ,0000295,SCI ,172.2,0,0,258.3
02213 ,0000296,SCI ,171.175,0,0,256.76
02213 ,0000298,SCI ,283.925,0,0,425.89
02213 ,0000299,SCI ,281.875,0,0,422.81
02213 ,0000300,SCI ,120.95,0,0,181.43
02213 ,0000301,SCI ,176.874,0,0,265.31
02213 ,0000302,SCI ,284.9705,0,0,427.46
02213 ,0000319,SCI ,1.148,0,0,1.72
02213 ,0000323,MIN ,22.24,0,0,33.36
02213 ,0000324,SCI ,56.76,72.25,0,72.25
02213 ,0000340,SCI ,102.3975,166.5,0,153.6
02213 ,0000342,SCI ,35.34,0,0,53.01
02213 ,0000343,SCI ,32.92,0,0,49.38
02213 ,0000345,SCI ,81.18,132,0,121.77
02213 ,0000346,SCI ,46.27875,75.25,0,69.42
02213 ,0000348,SCI ,62.94,0,0,94.41
02213 ,0000349,SCI ,48.12375,0,0,72.19
02213 ,0000350,SCI ,91.47,144.5,0,137.21
02213 ,0000351,SCI ,146.37,238,0,219.56
02213 ,0000352,SCI ,17.51,20,0,20
02213 ,0000353,SCI ,17.2,19.25,0,19.25
02213 ,0000354,SCI ,41.72,0,0,62.58
02213 ,0000355,SCI ,30.04,0,0,45.06
02213 ,0000356,SCI ,191.88,271,0,271
02213 ,0000357,SCI ,49.2,74.75,0,73.8
02213 ,0000361,SCI ,24.16,0,0,36.24
02213 ,0000362,SCI ,28.75125,42.5,0,42.5
02213 ,0000364,SCI ,61.51,0,0,92.27
02213 ,0000365,SCI ,116.235,189,0,174.35
02213 ,0000367,SCI ,54.4275,88.5,0,81.64
02213 ,0000389,SCI ,2.85,0,0,4.28
02213 ,0000399,SCI ,461.56,0,0,692.34
02213 ,0000413,STTV,13.6490025,0,0,20.47
02213 ,0000422,L L ,11.30862,0,0,16.96
02213 ,0000486,PHOT,0.97,0,0,1.46
02213 ,0000555,SCI ,2,0,0,3
02213 ,0000574,PHOT,11.07999375,12.99,0,12.99
02213 ,0000584,PHOT,15.78,0,0,23.67
02213 ,0000595,PHOT,3.49525,0,0,5.24
02213 ,0000604,MARI,18.928735,19,0,19
02213 ,0000615,PHOT,8.75,0,0,13.13
02213 ,0000623,PHOT,2.583,0,0,3.88
02213 ,0000637,SCI ,8.97,0,0,13.46
02213 ,0000645,STTV,8.74955375,8.99,0,8.99
02213 ,0000650,SCI ,12.63,0,0,18.95
02213 ,0000652,I R ,30.13738,0,0,45.21
02213 ,0000660,SCI ,9.05,0,0,13.57
02213 ,0000677,PHOT,26.18,0,0,39.27
02213 ,0000678,SCI ,15.83,0,0,23.75
02213 ,0000679,PHOT,13.5717175,0,0,20.36
02213 ,0000682,PHOT,3.6,0,0,5.4
02213 ,0000686,SCI ,12.55,0,0,18.82
02213 ,0000803,SCI ,29.53,0,0,44.3
02213 ,0000805,PHOT,12.13,0,0,18.2
02213 ,0000808,PHOT,5.79125,0,0,8.69
02213 ,0000829,PHOT,3.2595,0,0,4.89
02213 ,0000841,MIN ,2.57275,0,0,3.86
02213 ,0000844,MIN ,1.4965,0,0,2.25
02213 ,0000846,MIN ,1.2095,0,0,1.81
02213 ,0000847,MIN ,1.353,0,0,2.03
02213 ,0000849,MIN ,1.353,0,0,2.03
02213 ,0000850,MIN ,3.38,0,0,5.07
02213 ,0000851,MIN ,3.8976,0,0,5.85
02213 ,0000853,MIN ,3.4645,0,0,5.2
02213 ,0000855,MIN ,3.4645,0,0,5.2
02213 ,0000856,MIN ,5.87,0,0,8.8
02213 ,0000859,PHOT,1.42475,0,0,2.14
02213 ,0000860,PHOT,5.11475,0,0,7.67
02213 ,0000861,PHOT,1.148,0,0,1.72
02213 ,0000862,PHOT,12.12575,0,0,18.19
02213 ,0000863,PHOT,10.3935,0,0,15.59
02213 ,0000864,PHOT,9.99375,0,0,14.99
02213 ,0000865,PHOT,6.77525,0,0,10.16
02213 ,0000866,PHOT,3.8335,0,0,5.75
02213 ,0000868,PHOT,24.53,0,0,36.8
02213 ,0000870,PHOT,10.4345,0,0,15.65
02213 ,0000872,MARI,10.42425,0,0,15.64
02213 ,0000873,MARI,7.24675,0,0,10.87
02213 ,0000882,SCI ,3.61,0,0,5.42
02213 ,0000886,SCI ,3.7411885,0,0,5.61
02213 ,0000889,SCI ,7.18417,0,0,10.78
02213 ,0000898,PHOT,10.64975,0,0,15.97
02213 ,0000901,PHOT,5.1455,0,0,7.72
02213 ,0000902,PHOT,4.715,0,0,7.07
02213 ,0000903,PHOT,4.469,0,0,6.7
02213 ,0000904,PHOT,4.8995,0,0,7.35
02213 ,0000908,PHOT,4.56125,0,0,6.84
02213 ,0000910,PHOT,6.57,0,0,9.86
02213 ,0000914,PHOT,6.7855,0,0,10.18
02213 ,0000916,PHOT,1.5785,0,0,2.37
02213 ,0000920,PHOT,6.0885,0,0,9.13
02213 ,0000921,SCI ,8.4665,0,0,12.7
02213 ,0000922,PHOT,8.446,0,0,12.67
02213 ,0000924,PHOT,2.83925,0,0,4.26
02213 ,0000925,PHOT,13.54025,0,0,20.31
02213 ,0000926,PHOT,2.132,0,0,3.2
02213 ,0000927,PHOT,10.578,0,0,15.87
02213 ,0000928,PHOT,4.37675,0,0,6.57
02213 ,0000929,PHOT,7.6875,0,0,11.53
02213 ,0000930,PHOT,3.65925,0,0,5.49
02213 ,0000931,PHOT,4.43825,0,0,6.66
02213 ,0000932,PHOT,51.6805,0,0,77.52
02213 ,0000934,PHOT,6.18075,0,0,9.27
02213 ,0000935,PHOT,1.5785,0,0,2.37
02213 ,0000936,PHOT,2.501,0,0,3.75
02213 ,0000938,PHOT,4.90975,0,0,7.37
02213 ,0000940,SCI ,2.14225,0,0,3.21
02213 ,0000941,PHOT,2.3985,0,0,3.6
02213 ,0000942,PHOT,3.78225,0,0,5.67
02213 ,0000950,PHOT,6.5102875,0,0,9.77
02213 ,0000952,STTV,7.2538225,0,0,10.88
02213 ,0000963,MIN ,2.28375,0,0,3.43
02213 ,0000964,PHOT,6.0885,0,0,9.13
02213 ,0000967,SCI ,37.97,0,0,56.95
02213 ,0000981,PHOT,3.567,0,0,5.35
02213 ,0000982,PHOT,3.567,0,0,5.35
02213 ,0000985,PHOT,3.567,0,0,5.35
02213 ,0000986,PHOT,3.321,0,0,4.98
02213 ,0001001,SCI ,46.89375,76.25,0,70.34
02213 ,0001003,MIN ,2.30625,0,0,3.46
02213 ,0001006,PHOT,27.64425,7,0,7
02213 ,0001021,MIN ,7.37296,0,0,11.06
02213 ,0001022,MIN ,2.42925,0,0,3.64
02213 ,0001024,MIN ,3.76175,0,0,5.64
02213 ,0001028,PHOT,16.00025,0,0,24
02213 ,0001036,SCI ,10.11,0,0,15.16
02213 ,0001043,MIN ,2.10125,6.75,6.75,6.75
02213 ,0001045,MIN ,3.4645,0,0,5.2
02213 ,0001046,MIN ,1.9475,1.99,0,1.99
02213 ,0001048,MIN ,2.3165,0,0,3.48
02213 ,0001051,MIN ,3.29025,0,0,4.93
02213 ,0001069,SCI ,10.23,0,0,15.35
02213 ,0001073,SCI ,6.98,0,0,10.47
02213 ,0001074,SCI ,13.05,0,0,19.57
02213 ,0001087,SCI ,14.44225,0,0,21.66
02213 ,0001089,PHOT,10.21925,0,0,15.33
02213 ,0001090,SCI ,0.97,0,0,1.46
02213 ,0001111,PHOT,18.583635,27.5,0,27.5
02213 ,0001112,PHOT,25.625,0,0,38.44
02213 ,0001125,PHOT,29.71475,0,0,44.57
02213 ,0001128,STTV,11.521,0,0,17.28
02213 ,0001129,STTV,13.31475,0,0,19.97
02213 ,0001130,STTV,14.72925,0,0,22.09
02213 ,0001133,STTV,12.6485,0,0,18.97
02213 ,0001134,STTV,14.33975,0,0,21.51
02213 ,0001137,STTV,14.72925,0,0,22.09
02213 ,0001138,STTV,12.6485,0,0,18.97
02213 ,0001141,PHOT,14.33975,0,0,21.51
02273 ,0000102,DEUT,414.1,0,0,641.86
02273 ,0000105,VISI,189.625,0,0,293.92
02273 ,0000106,DEUT,442.8,0,0,686.34
02273 ,0000110,DEUT,455.1,0,0,705.4
02273 ,0000115,DEUT,533,0,0,826.15
02273 ,0000116,DEUT,533,0,0,826.15
02273 ,0000122,SCI ,133.7625,0,0,207.33
02273 ,0000123,DEUT,290.9975,0,0,451.05
02273 ,0000124,PHOT,4.88,0,0,7.56
02273 ,0000125,PHOT,10.3935,0,0,16.11
02273 ,0000128,DEUT,599.625,0,0,929.42
02273 ,0000130,DEUT,442.8,0,0,686.34
02273 ,0000131,DEUT,350.55,759,0,543.35
02273 ,0000133,DEUT,423.325,916,0,656.15
02273 ,0000134,DEUT,313.65,0,0,486.16
02273 ,0000150,GERM,24.28225,0,0,37.64
02273 ,0000156,GERM,9.9835,0,0,15.47
02273 ,0000157,GERM,5.41,0,0,8.39
02273 ,0000161,SCI ,40.07,0,0,62.11
02273 ,0000163,GERM,19.5,0,0,30.23
02273 ,0000179,GERM,25.61475,0,0,39.7
02273 ,0000183,GERM,6.806,0,0,10.55
02273 ,0000184,GERM,1.92,0,0,2.98
02273 ,0000187,GERM,36.31,0,0,56.28
02273 ,0000192,GERM,6.0475,0,0,9.37
02273 ,0000194,GERM,4.85,9,0,7.52
02273 ,0000195,GERM,6.4985,9.24,0,9.24
02273 ,0000226,GERM,6.88,0,0,10.66
02273 ,0000230,GERM,3.53625,0,0,5.48
02273 ,0000233,GERM,6.36525,0,0,9.87
02273 ,0000234,GERM,11.07,0,0,17.16
02273 ,0000235,GERM,8.35,0,0,12.94
02273 ,0000242,SCI ,234,0,0,362.7
02273 ,0000246,DEUT,598.6,0,0,927.83
02273 ,0000247,DEUT,455.1,0,0,705.4
02273 ,0000249,SCI ,198.86025,0,0,308.23
02273 ,0000250,SCI ,222.57875,0,0,345
02273 ,0000253,DEUT,521.2125,0,0,807.88
02273 ,0000255,DEUT,442.8,0,0,686.34
02273 ,0000256,SCI ,91.225,0,0,141.4
02273 ,0000257,SCI ,91.225,0,0,141.4
02273 ,0000259,SCI ,261.375,0,0,405.13
02273 ,0000262,SCI ,311.6,0,0,482.98
02273 ,0000265,SCI ,321.85,0,0,498.87
02273 ,0000266,SCI ,429.475,0,0,665.69
02273 ,0000267,SCI ,166.05,0,0,257.38
02273 ,0000268,SCI ,94.3,0,0,146.16
02273 ,0000269,SCI ,94.3,0,0,146.16
02273 ,0000270,SCI ,316.725,0,0,490.92
02273 ,0000292,SCI ,281.875,0,0,436.91
02273 ,0000293,SCI ,79.089,0,0,122.59
02273 ,0000294,SCI ,93.7055,0,0,145.24
02273 ,0000295,SCI ,172.2,0,0,266.91
02273 ,0000296,SCI ,171.175,0,0,265.32
02273 ,0000298,SCI ,283.925,0,0,440.08
02273 ,0000299,SCI ,281.875,0,0,436.91
02273 ,0000300,SCI ,120.95,0,0,187.47
02273 ,0000301,SCI ,176.874,0,0,274.15
02273 ,0000302,SCI ,284.9705,0,0,441.7
02273 ,0000319,SCI ,1.148,0,0,1.78
02273 ,0000323,MIN ,22.24,0,0,34.47
02273 ,0000324,SCI ,56.76,72.25,0,72.25
02273 ,0000340,SCI ,102.3975,166.5,0,158.72
02273 ,0000342,SCI ,35.34,0,0,54.78
02273 ,0000343,SCI ,32.92,0,0,51.03
02273 ,0000345,SCI ,81.18,132,0,125.83
02273 ,0000346,SCI ,46.27875,75.25,0,71.73
02273 ,0000348,SCI ,62.94,0,0,97.56
02273 ,0000349,SCI ,48.12375,0,0,74.59
02273 ,0000350,SCI ,91.47,144.5,0,141.78
02273 ,0000351,SCI ,146.37,238,0,226.87
02273 ,0000352,SCI ,17.51,20,0,20
02273 ,0000353,SCI ,17.2,19.25,0,19.25
02273 ,0000354,SCI ,41.72,0,0,64.67
02273 ,0000355,SCI ,30.04,0,0,46.56
02273 ,0000356,SCI ,191.88,271,0,271
02273 ,0000357,SCI ,49.2,74.75,0,74.75
02273 ,0000361,SCI ,24.16,0,0,37.45
02273 ,0000362,SCI ,28.75125,42.5,0,42.5
02273 ,0000364,SCI ,61.51,0,0,95.34
02273 ,0000365,SCI ,116.235,189,0,180.16
02273 ,0000367,SCI ,54.4275,88.5,0,84.36
02273 ,0000389,SCI ,2.85,0,0,4.42
02273 ,0000399,SCI ,461.56,0,0,715.42
02273 ,0000413,STTV,13.6490025,0,0,21.16
02273 ,0000422,L L ,11.30862,0,0,17.53
02273 ,0000486,PHOT,0.97,0,0,1.5
02273 ,0000555,SCI ,2,0,0,3.1
02273 ,0000574,PHOT,11.07999375,12.99,0,12.99
02273 ,0000584,PHOT,15.78,0,0,24.46
02273 ,0000595,PHOT,3.49525,0,0,5.42
02273 ,0000604,MARI,18.928735,19,0,19
02273 ,0000615,PHOT,8.75,0,0,13.56
02273 ,0000623,PHOT,2.583,0,0,4
02273 ,0000637,SCI ,8.97,0,0,13.9
02273 ,0000645,STTV,8.74955375,8.99,0,8.99
02273 ,0000650,SCI ,12.63,0,0,19.58
02273 ,0000652,I R ,30.13738,0,0,46.71
02273 ,0000660,SCI ,9.05,0,0,14.03
02273 ,0000677,PHOT,26.18,0,0,40.58
02273 ,0000678,SCI ,15.83,0,0,24.54
02273 ,0000679,PHOT,13.5717175,0,0,21.04
02273 ,0000682,PHOT,3.6,0,0,5.58
02273 ,0000686,SCI ,12.55,0,0,19.45
02273 ,0000803,SCI ,29.53,0,0,45.77
02273 ,0000805,PHOT,12.13,0,0,18.8
02273 ,0000808,PHOT,5.79125,0,0,8.98
02273 ,0000829,PHOT,3.2595,0,0,5.05
02273 ,0000841,MIN ,2.57275,0,0,3.99
02273 ,0000844,MIN ,1.4965,0,0,2.32
02273 ,0000846,MIN ,1.2095,0,0,1.88
02273 ,0000847,MIN ,1.353,0,0,2.1
02273 ,0000849,MIN ,1.353,0,0,2.1
02273 ,0000850,MIN ,3.38,0,0,5.24
02273 ,0000851,MIN ,3.8976,0,0,6.04
02273 ,0000853,MIN ,3.4645,0,0,5.37
02273 ,0000855,MIN ,3.4645,0,0,5.37
02273 ,0000856,MIN ,5.87,0,0,9.1
02273 ,0000859,PHOT,1.42475,0,0,2.21
02273 ,0000860,PHOT,5.11475,0,0,7.93
02273 ,0000861,PHOT,1.148,0,0,1.78
02273 ,0000862,PHOT,12.12575,0,0,18.8
02273 ,0000863,PHOT,10.3935,0,0,16.11
02273 ,0000864,PHOT,9.99375,0,0,15.49
02273 ,0000865,PHOT,6.77525,0,0,10.5
02273 ,0000866,PHOT,3.8335,0,0,5.94
02273 ,0000868,PHOT,24.53,0,0,38.02
02273 ,0000870,PHOT,10.4345,0,0,16.17
02273 ,0000872,MARI,10.42425,0,0,16.16
02273 ,0000873,MARI,7.24675,0,0,11.23
02273 ,0000882,SCI ,3.61,0,0,5.59
02273 ,0000886,SCI ,3.7411885,0,0,5.8
02273 ,0000889,SCI ,7.18417,0,0,11.13
02273 ,0000898,PHOT,10.64975,0,0,16.51
02273 ,0000901,PHOT,5.1455,0,0,7.98
02273 ,0000902,PHOT,4.715,0,0,7.31
02273 ,0000903,PHOT,4.469,0,0,6.93
02273 ,0000904,PHOT,4.8995,0,0,7.59
02273 ,0000908,PHOT,4.56125,0,0,7.07
02273 ,0000910,PHOT,6.57,0,0,10.18
02273 ,0000914,PHOT,6.7855,0,0,10.52
02273 ,0000916,PHOT,1.5785,0,0,2.45
02273 ,0000920,PHOT,6.0885,0,0,9.44
02273 ,0000921,SCI ,8.4665,0,0,13.12
02273 ,0000922,PHOT,8.446,0,0,13.09
02273 ,0000924,PHOT,2.83925,0,0,4.4
02273 ,0000925,PHOT,13.54025,0,0,20.99
02273 ,0000926,PHOT,2.132,0,0,3.31
02273 ,0000927,PHOT,10.578,0,0,16.4
02273 ,0000928,PHOT,4.37675,0,0,6.78
02273 ,0000929,PHOT,7.6875,0,0,11.92
02273 ,0000930,PHOT,3.65925,0,0,5.67
02273 ,0000931,PHOT,4.43825,0,0,6.88
02273 ,0000932,PHOT,51.6805,0,0,80.11
02273 ,0000934,PHOT,6.18075,0,0,9.58
02273 ,0000935,PHOT,1.5785,0,0,2.45
02273 ,0000936,PHOT,2.501,0,0,3.88
02273 ,0000938,PHOT,4.90975,0,0,7.61
02273 ,0000940,SCI ,2.14225,0,0,3.32
02273 ,0000941,PHOT,2.3985,0,0,3.72
02273 ,0000942,PHOT,3.78225,0,0,5.86
02273 ,0000950,PHOT,6.5102875,0,0,10.09
02273 ,0000952,STTV,7.2538225,0,0,11.24
02273 ,0000963,MIN ,2.28375,0,0,3.54
02273 ,0000964,PHOT,6.0885,0,0,9.44
02273 ,0000967,SCI ,37.97,0,0,58.85
02273 ,0000981,PHOT,3.567,0,0,5.53
02273 ,0000982,PHOT,3.567,0,0,5.53
02273 ,0000985,PHOT,3.567,0,0,5.53
02273 ,0000986,PHOT,3.321,0,0,5.15
02273 ,0001001,SCI ,46.89375,76.25,0,72.69
02273 ,0001003,MIN ,2.30625,0,0,3.58
02273 ,0001006,PHOT,27.64425,7,0,7
02273 ,0001021,MIN ,7.37296,0,0,11.43
02273 ,0001022,MIN ,2.42925,0,0,3.77
02273 ,0001024,MIN ,3.76175,0,0,5.83
02273 ,0001028,PHOT,16.00025,0,0,24.8
02273 ,0001036,SCI ,10.11,0,0,15.67
02273 ,0001043,MIN ,2.10125,6.75,6.75,6.75
02273 ,0001045,MIN ,3.4645,0,0,5.37
02273 ,0001046,MIN ,1.9475,1.99,0,1.99
02273 ,0001048,MIN ,2.3165,0,0,3.59
02273 ,0001051,MIN ,3.29025,0,0,5.1
02273 ,0001069,SCI ,10.23,0,0,15.86
02273 ,0001073,SCI ,6.98,0,0,10.82
02273 ,0001074,SCI ,13.05,0,0,20.23
02273 ,0001087,SCI ,14.44225,0,0,22.39
02273 ,0001089,PHOT,10.21925,0,0,15.84
02273 ,0001090,SCI ,0.97,0,0,1.5
02273 ,0001111,PHOT,18.583635,27.5,0,27.5
02273 ,0001112,PHOT,25.625,0,0,39.72
02273 ,0001125,PHOT,29.71475,0,0,46.06
02273 ,0001128,STTV,11.521,0,0,17.86
02273 ,0001129,STTV,13.31475,0,0,20.64
02273 ,0001130,STTV,14.72925,0,0,22.83
02273 ,0001133,STTV,12.6485,0,0,19.61
02273 ,0001134,STTV,14.33975,0,0,22.23
02273 ,0001137,STTV,14.72925,0,0,22.83
02273 ,0001138,STTV,12.6485,0,0,19.61
02273 ,0001141,PHOT,14.33975,0,0,22.23
02297 ,0000102,DEUT,414.1,0,0,579.74
02297 ,0000105,VISI,189.625,0,0,265.48
02297 ,0000106,DEUT,442.8,0,0,619.92
02297 ,0000110,DEUT,455.1,0,0,637.14
02297 ,0000115,DEUT,533,0,0,746.2
02297 ,0000116,DEUT,533,0,0,746.2
02297 ,0000122,SCI ,133.7625,0,0,187.27
02297 ,0000123,DEUT,290.9975,0,0,407.4
02297 ,0000124,PHOT,4.88,0,0,6.83
02297 ,0000125,PHOT,10.3935,0,0,14.55
02297 ,0000128,DEUT,599.625,0,0,839.48
02297 ,0000130,DEUT,442.8,0,0,619.92
02297 ,0000131,DEUT,350.55,759,0,490.77
02297 ,0000133,DEUT,423.325,916,0,592.65
02297 ,0000134,DEUT,313.65,0,0,439.11
02297 ,0000150,GERM,24.28225,0,0,33.99
02297 ,0000156,GERM,9.9835,0,0,13.98
02297 ,0000157,GERM,5.41,0,0,7.57
02297 ,0000161,SCI ,40.07,0,0,56.1
02297 ,0000163,GERM,19.5,0,0,27.3
02297 ,0000179,GERM,25.61475,0,0,35.86
02297 ,0000183,GERM,6.806,0,0,9.53
02297 ,0000184,GERM,1.92,0,0,2.69
02297 ,0000187,GERM,36.31,0,0,50.83
02297 ,0000192,GERM,6.0475,0,0,8.47
02297 ,0000194,GERM,4.85,9,0,6.79
02297 ,0000195,GERM,6.4985,9.24,0,9.1
02297 ,0000226,GERM,6.88,0,0,9.63
02297 ,0000230,GERM,3.53625,0,0,4.95
02297 ,0000233,GERM,6.36525,0,0,8.91
02297 ,0000234,GERM,11.07,0,0,15.5
02297 ,0000235,GERM,8.35,0,0,11.69
02297 ,0000242,SCI ,234,0,0,327.6
02297 ,0000246,DEUT,598.6,0,0,838.04
02297 ,0000247,DEUT,455.1,0,0,637.14
02297 ,0000249,SCI ,198.86025,0,0,278.4
02297 ,0000250,SCI ,222.57875,0,0,311.61
02297 ,0000253,DEUT,521.2125,0,0,729.7
02297 ,0000255,DEUT,442.8,0,0,619.92
02297 ,0000256,SCI ,91.225,0,0,127.72
02297 ,0000257,SCI ,91.225,0,0,127.72
02297 ,0000259,SCI ,261.375,0,0,365.93
02297 ,0000262,SCI ,311.6,0,0,436.24
02297 ,0000265,SCI ,321.85,0,0,450.59
02297 ,0000266,SCI ,429.475,0,0,601.26
02297 ,0000267,SCI ,166.05,0,0,232.47
02297 ,0000268,SCI ,94.3,0,0,132.02
02297 ,0000269,SCI ,94.3,0,0,132.02
02297 ,0000270,SCI ,316.725,0,0,443.42
02297 ,0000292,SCI ,281.875,0,0,394.63
02297 ,0000293,SCI ,79.089,0,0,110.72
02297 ,0000294,SCI ,93.7055,0,0,131.19
02297 ,0000295,SCI ,172.2,0,0,241.08
02297 ,0000296,SCI ,171.175,0,0,239.65
02297 ,0000298,SCI ,283.925,0,0,397.5
02297 ,0000299,SCI ,281.875,0,0,394.63
02297 ,0000300,SCI ,120.95,0,0,169.33
02297 ,0000301,SCI ,176.874,0,0,247.62
02297 ,0000302,SCI ,284.9705,0,0,398.96
02297 ,0000319,SCI ,1.148,0,0,1.61
02297 ,0000323,MIN ,22.24,0,0,31.14
02297 ,0000324,SCI ,56.76,72.25,0,72.25
02297 ,0000340,SCI ,102.3975,166.5,0,143.36
02297 ,0000342,SCI ,35.34,0,0,49.48
02297 ,0000343,SCI ,32.92,0,0,46.09
02297 ,0000345,SCI ,81.18,132,0,113.65
02297 ,0000346,SCI ,46.27875,75.25,0,64.79
02297 ,0000348,SCI ,62.94,0,0,88.12
02297 ,0000349,SCI ,48.12375,0,0,67.37
02297 ,0000350,SCI ,91.47,144.5,0,128.06
02297 ,0000351,SCI ,146.37,238,0,204.92
02297 ,0000352,SCI ,17.51,20,0,20
02297 ,0000353,SCI ,17.2,19.25,0,19.25
02297 ,0000354,SCI ,41.72,0,0,58.41
02297 ,0000355,SCI ,30.04,0,0,42.06
02297 ,0000356,SCI ,191.88,271,0,268.63
02297 ,0000357,SCI ,49.2,74.75,0,68.88
02297 ,0000361,SCI ,24.16,0,0,33.82
02297 ,0000362,SCI ,28.75125,42.5,0,40.25
02297 ,0000364,SCI ,61.51,0,0,86.11
02297 ,0000365,SCI ,116.235,189,0,162.73
02297 ,0000367,SCI ,54.4275,88.5,0,76.2
02297 ,0000389,SCI ,2.85,0,0,3.99
02297 ,0000399,SCI ,461.56,0,0,646.18
02297 ,0000413,STTV,13.6490025,0,0,19.11
02297 ,0000422,L L ,11.30862,0,0,15.83
02297 ,0000486,PHOT,0.97,0,0,1.36
02297 ,0000555,SCI ,2,0,0,2.8
02297 ,0000574,PHOT,11.07999375,12.99,0,12.99
02297 ,0000584,PHOT,15.78,0,0,22.09
02297 ,0000595,PHOT,3.49525,0,0,4.89
02297 ,0000604,MARI,18.928735,19,0,19
02297 ,0000615,PHOT,8.75,0,0,12.25
02297 ,0000623,PHOT,2.583,0,0,3.62
02297 ,0000637,SCI ,8.97,0,0,12.56
02297 ,0000645,STTV,8.74955375,8.99,0,8.99
02297 ,0000650,SCI ,12.63,0,0,17.68
02297 ,0000652,I R ,30.13738,0,0,42.19
02297 ,0000660,SCI ,9.05,0,0,12.67
02297 ,0000677,PHOT,26.18,0,0,36.65
02297 ,0000678,SCI ,15.83,0,0,22.16
02297 ,0000679,PHOT,13.5717175,0,0,19
02297 ,0000682,PHOT,3.6,0,0,5.04
02297 ,0000686,SCI ,12.55,0,0,17.57
02297 ,0000803,SCI ,29.53,0,0,41.34
02297 ,0000805,PHOT,12.13,0,0,16.98
02297 ,0000808,PHOT,5.79125,0,0,8.11
02297 ,0000829,PHOT,3.2595,0,0,4.56
02297 ,0000841,MIN ,2.57275,0,0,3.6
02297 ,0000844,MIN ,1.4965,0,0,2.1
02297 ,0000846,MIN ,1.2095,0,0,1.69
02297 ,0000847,MIN ,1.353,0,0,1.89
02297 ,0000849,MIN ,1.353,0,0,1.89
02297 ,0000850,MIN ,3.38,0,0,4.73
02297 ,0000851,MIN ,3.8976,0,0,5.46
02297 ,0000853,MIN ,3.4645,0,0,4.85
02297 ,0000855,MIN ,3.4645,0,0,4.85
02297 ,0000856,MIN ,5.87,0,0,8.22
02297 ,0000859,PHOT,1.42475,0,0,2
02297 ,0000860,PHOT,5.11475,0,0,7.16
02297 ,0000861,PHOT,1.148,0,0,1.61
02297 ,0000862,PHOT,12.12575,0,0,16.98
02297 ,0000863,PHOT,10.3935,0,0,14.55
02297 ,0000864,PHOT,9.99375,0,0,13.99
02297 ,0000865,PHOT,6.77525,0,0,9.48
02297 ,0000866,PHOT,3.8335,0,0,5.37
02297 ,0000868,PHOT,24.53,0,0,34.34
02297 ,0000870,PHOT,10.4345,0,0,14.61
02297 ,0000872,MARI,10.42425,0,0,14.59
02297 ,0000873,MARI,7.24675,0,0,10.14
02297 ,0000882,SCI ,3.61,0,0,5.05
02297 ,0000886,SCI ,3.7411885,0,0,5.24
02297 ,0000889,SCI ,7.18417,0,0,10.06
02297 ,0000898,PHOT,10.64975,0,0,14.91
02297 ,0000901,PHOT,5.1455,0,0,7.2
02297 ,0000902,PHOT,4.715,0,0,6.6
02297 ,0000903,PHOT,4.469,0,0,6.26
02297 ,0000904,PHOT,4.8995,0,0,6.86
02297 ,0000908,PHOT,4.56125,0,0,6.39
02297 ,0000910,PHOT,6.57,0,0,9.2
02297 ,0000914,PHOT,6.7855,0,0,9.5
02297 ,0000916,PHOT,1.5785,0,0,2.21
02297 ,0000920,PHOT,6.0885,0,0,8.52
02297 ,0000921,SCI ,8.4665,0,0,11.85
02297 ,0000922,PHOT,8.446,0,0,11.82
02297 ,0000924,PHOT,2.83925,0,0,3.98
02297 ,0000925,PHOT,13.54025,0,0,18.96
02297 ,0000926,PHOT,2.132,0,0,2.98
02297 ,0000927,PHOT,10.578,0,0,14.81
02297 ,0000928,PHOT,4.37675,0,0,6.13
02297 ,0000929,PHOT,7.6875,0,0,10.76
02297 ,0000930,PHOT,3.65925,0,0,5.12
02297 ,0000931,PHOT,4.43825,0,0,6.21
02297 ,0000932,PHOT,51.6805,0,0,72.35
02297 ,0000934,PHOT,6.18075,0,0,8.65
02297 ,0000935,PHOT,1.5785,0,0,2.21
02297 ,0000936,PHOT,2.501,0,0,3.5
02297 ,0000938,PHOT,4.90975,0,0,6.87
02297 ,0000940,SCI ,2.14225,0,0,3
02297 ,0000941,PHOT,2.3985,0,0,3.36
02297 ,0000942,PHOT,3.78225,0,0,5.29
02297 ,0000950,PHOT,6.5102875,0,0,9.11
02297 ,0000952,STTV,7.2538225,0,0,10.15
02297 ,0000963,MIN ,2.28375,0,0,3.2
02297 ,0000964,PHOT,6.0885,0,0,8.52
02297 ,0000967,SCI ,37.97,0,0,53.16
02297 ,0000981,PHOT,3.567,0,0,4.99
02297 ,0000982,PHOT,3.567,0,0,4.99
02297 ,0000985,PHOT,3.567,0,0,4.99
02297 ,0000986,PHOT,3.321,0,0,4.65
02297 ,0001001,SCI ,46.89375,76.25,0,65.65
02297 ,0001003,MIN ,2.30625,0,0,3.23
02297 ,0001006,PHOT,27.64425,7,0,7
02297 ,0001021,MIN ,7.37296,0,0,10.32
02297 ,0001022,MIN ,2.42925,0,0,3.4
02297 ,0001024,MIN ,3.76175,0,0,5.27
02297 ,0001028,PHOT,16.00025,0,0,22.4
02297 ,0001036,SCI ,10.11,0,0,14.15
02297 ,0001043,MIN ,2.10125,6.75,6.75,6.75
02297 ,0001045,MIN ,3.4645,0,0,4.85
02297 ,0001046,MIN ,1.9475,1.99,0,1.99
02297 ,0001048,MIN ,2.3165,0,0,3.24
02297 ,0001051,MIN ,3.29025,0,0,4.61
02297 ,0001069,SCI ,10.23,0,0,14.32
02297 ,0001073,SCI ,6.98,0,0,9.77
02297 ,0001074,SCI ,13.05,0,0,18.27
02297 ,0001087,SCI ,14.44225,0,0,20.22
02297 ,0001089,PHOT,10.21925,0,0,14.31
02297 ,0001090,SCI ,0.97,0,0,1.36
02297 ,0001111,PHOT,18.583635,27.5,0,26.02
02297 ,0001112,PHOT,25.625,0,0,35.88
02297 ,0001125,PHOT,29.71475,0,0,41.6
02297 ,0001128,STTV,11.521,0,0,16.13
02297 ,0001129,STTV,13.31475,0,0,18.64
02297 ,0001130,STTV,14.72925,0,0,20.62
02297 ,0001133,STTV,12.6485,0,0,17.71
02297 ,0001134,STTV,14.33975,0,0,20.08
02297 ,0001137,STTV,14.72925,0,0,20.62
02297 ,0001138,STTV,12.6485,0,0,17.71
02297 ,0001141,PHOT,14.33975,0,0,20.08
02305 ,0000102,DEUT,414.1,0,0,579.74
02305 ,0000105,VISI,189.625,0,0,265.48
02305 ,0000106,DEUT,442.8,0,0,619.92
02305 ,0000110,DEUT,455.1,0,0,637.14
02305 ,0000115,DEUT,533,0,0,746.2
02305 ,0000116,DEUT,533,0,0,746.2
02305 ,0000122,SCI ,133.7625,0,0,187.27
02305 ,0000123,DEUT,290.9975,0,0,407.4
02305 ,0000124,PHOT,4.88,0,0,6.83
02305 ,0000125,PHOT,10.3935,0,0,14.55
02305 ,0000128,DEUT,599.625,0,0,839.48
02305 ,0000130,DEUT,442.8,0,0,619.92
02305 ,0000131,DEUT,350.55,759,0,490.77
02305 ,0000133,DEUT,423.325,916,0,592.65
02305 ,0000134,DEUT,313.65,0,0,439.11
02305 ,0000150,GERM,24.28225,0,0,33.99
02305 ,0000156,GERM,9.9835,0,0,13.98
02305 ,0000157,GERM,5.41,0,0,7.57
02305 ,0000161,SCI ,40.07,0,0,56.1
02305 ,0000163,GERM,19.5,0,0,27.3
02305 ,0000179,GERM,25.61475,0,0,35.86
02305 ,0000183,GERM,6.806,0,0,9.53
02305 ,0000184,GERM,1.92,0,0,2.69
02305 ,0000187,GERM,36.31,0,0,50.83
02305 ,0000192,GERM,6.0475,0,0,8.47
02305 ,0000194,GERM,4.85,9,0,6.79
02305 ,0000195,GERM,6.4985,9.24,0,9.1
02305 ,0000226,GERM,6.88,0,0,9.63
02305 ,0000230,GERM,3.53625,0,0,4.95
02305 ,0000233,GERM,6.36525,0,0,8.91
02305 ,0000234,GERM,11.07,0,0,15.5
02305 ,0000235,GERM,8.35,0,0,11.69
02305 ,0000242,SCI ,234,0,0,327.6
02305 ,0000246,DEUT,598.6,0,0,838.04
02305 ,0000247,DEUT,455.1,0,0,637.14
02305 ,0000249,SCI ,198.86025,0,0,278.4
02305 ,0000250,SCI ,222.57875,0,0,311.61
02305 ,0000253,DEUT,521.2125,0,0,729.7
02305 ,0000255,DEUT,442.8,0,0,619.92
02305 ,0000256,SCI ,91.225,0,0,127.72
02305 ,0000257,SCI ,91.225,0,0,127.72
02305 ,0000259,SCI ,261.375,0,0,365.93
02305 ,0000262,SCI ,311.6,0,0,436.24
02305 ,0000265,SCI ,321.85,0,0,450.59
02305 ,0000266,SCI ,429.475,0,0,601.26
02305 ,0000267,SCI ,166.05,0,0,232.47
02305 ,0000268,SCI ,94.3,0,0,132.02
02305 ,0000269,SCI ,94.3,0,0,132.02
02305 ,0000270,SCI ,316.725,0,0,443.42
02305 ,0000292,SCI ,281.875,0,0,394.63
02305 ,0000293,SCI ,79.089,0,0,110.72
02305 ,0000294,SCI ,93.7055,0,0,131.19
02305 ,0000295,SCI ,172.2,0,0,241.08
02305 ,0000296,SCI ,171.175,0,0,239.65
02305 ,0000298,SCI ,283.925,0,0,397.5
02305 ,0000299,SCI ,281.875,0,0,394.63
02305 ,0000300,SCI ,120.95,0,0,169.33
02305 ,0000301,SCI ,176.874,0,0,247.62
02305 ,0000302,SCI ,284.9705,0,0,398.96
02305 ,0000319,SCI ,1.148,0,0,1.61
02305 ,0000323,MIN ,22.24,0,0,31.14
02305 ,0000324,SCI ,56.76,72.25,0,72.25
02305 ,0000340,SCI ,102.3975,166.5,0,143.36
02305 ,0000342,SCI ,35.34,0,0,49.48
02305 ,0000343,SCI ,32.92,0,0,46.09
02305 ,0000345,SCI ,81.18,132,0,113.65
02305 ,0000346,SCI ,46.27875,75.25,0,64.79
02305 ,0000348,SCI ,62.94,0,0,88.12
02305 ,0000349,SCI ,48.12375,0,0,67.37
02305 ,0000350,SCI ,91.47,144.5,0,128.06
02305 ,0000351,SCI ,146.37,238,0,204.92
02305 ,0000352,SCI ,17.51,20,0,20
02305 ,0000353,SCI ,17.2,19.25,0,19.25
02305 ,0000354,SCI ,41.72,0,0,58.41
02305 ,0000355,SCI ,30.04,0,0,42.06
02305 ,0000356,SCI ,191.88,271,0,268.63
02305 ,0000357,SCI ,49.2,74.75,0,68.88
02305 ,0000361,SCI ,24.16,0,0,33.82
02305 ,0000362,SCI ,28.75125,42.5,0,40.25
02305 ,0000364,SCI ,61.51,0,0,86.11
02305 ,0000365,SCI ,116.235,189,0,162.73
02305 ,0000367,SCI ,54.4275,88.5,0,76.2
02305 ,0000389,SCI ,2.85,0,0,3.99
02305 ,0000399,SCI ,461.56,0,0,646.18
02305 ,0000413,STTV,13.6490025,0,0,19.11
02305 ,0000422,L L ,11.30862,0,0,15.83
02305 ,0000486,PHOT,0.97,0,0,1.36
02305 ,0000555,SCI ,2,0,0,2.8
02305 ,0000574,PHOT,11.07999375,12.99,0,12.99
02305 ,0000584,PHOT,15.78,0,0,22.09
02305 ,0000595,PHOT,3.49525,0,0,4.89
02305 ,0000604,MARI,18.928735,19,0,19
02305 ,0000615,PHOT,8.75,0,0,12.25
02305 ,0000623,PHOT,2.583,0,0,3.62
02305 ,0000637,SCI ,8.97,0,0,12.56
02305 ,0000645,STTV,8.74955375,8.99,0,8.99
02305 ,0000650,SCI ,12.63,0,0,17.68
02305 ,0000652,I R ,30.13738,0,0,42.19
02305 ,0000660,SCI ,9.05,0,0,12.67
02305 ,0000677,PHOT,26.18,0,0,36.65
02305 ,0000678,SCI ,15.83,0,0,22.16
02305 ,0000679,PHOT,13.5717175,0,0,19
02305 ,0000682,PHOT,3.6,0,0,5.04
02305 ,0000686,SCI ,12.55,0,0,17.57
02305 ,0000803,SCI ,29.53,0,0,41.34
02305 ,0000805,PHOT,12.13,0,0,16.98
02305 ,0000808,PHOT,5.79125,0,0,8.11
02305 ,0000829,PHOT,3.2595,0,0,4.56
02305 ,0000841,MIN ,2.57275,0,0,3.6
02305 ,0000844,MIN ,1.4965,0,0,2.1
02305 ,0000846,MIN ,1.2095,0,0,1.69
02305 ,0000847,MIN ,1.353,0,0,1.89
02305 ,0000849,MIN ,1.353,0,0,1.89
02305 ,0000850,MIN ,3.38,0,0,4.73
02305 ,0000851,MIN ,3.8976,0,0,5.46
02305 ,0000853,MIN ,3.4645,0,0,4.85
02305 ,0000855,MIN ,3.4645,0,0,4.85
02305 ,0000856,MIN ,5.87,0,0,8.22
02305 ,0000859,PHOT,1.42475,0,0,2
02305 ,0000860,PHOT,5.11475,0,0,7.16
02305 ,0000861,PHOT,1.148,0,0,1.61
02305 ,0000862,PHOT,12.12575,0,0,16.98
02305 ,0000863,PHOT,10.3935,0,0,14.55
02305 ,0000864,PHOT,9.99375,0,0,13.99
02305 ,0000865,PHOT,6.77525,0,0,9.48
02305 ,0000866,PHOT,3.8335,0,0,5.37
02305 ,0000868,PHOT,24.53,0,0,34.34
02305 ,0000870,PHOT,10.4345,0,0,14.61
02305 ,0000872,MARI,10.42425,0,0,14.59
02305 ,0000873,MARI,7.24675,0,0,10.14
02305 ,0000882,SCI ,3.61,0,0,5.05
02305 ,0000886,SCI ,3.7411885,0,0,5.24
02305 ,0000889,SCI ,7.18417,0,0,10.06
02305 ,0000898,PHOT,10.64975,0,0,14.91
02305 ,0000901,PHOT,5.1455,0,0,7.2
02305 ,0000902,PHOT,4.715,0,0,6.6
02305 ,0000903,PHOT,4.469,0,0,6.26
02305 ,0000904,PHOT,4.8995,0,0,6.86
02305 ,0000908,PHOT,4.56125,0,0,6.39
02305 ,0000910,PHOT,6.57,0,0,9.2
02305 ,0000914,PHOT,6.7855,0,0,9.5
02305 ,0000916,PHOT,1.5785,0,0,2.21
02305 ,0000920,PHOT,6.0885,0,0,8.52
02305 ,0000921,SCI ,8.4665,0,0,11.85
02305 ,0000922,PHOT,8.446,0,0,11.82
02305 ,0000924,PHOT,2.83925,0,0,3.98
02305 ,0000925,PHOT,13.54025,0,0,18.96
02305 ,0000926,PHOT,2.132,0,0,2.98
02305 ,0000927,PHOT,10.578,0,0,14.81
02305 ,0000928,PHOT,4.37675,0,0,6.13
02305 ,0000929,PHOT,7.6875,0,0,10.76
02305 ,0000930,PHOT,3.65925,0,0,5.12
02305 ,0000931,PHOT,4.43825,0,0,6.21
02305 ,0000932,PHOT,51.6805,0,0,72.35
02305 ,0000934,PHOT,6.18075,0,0,8.65
02305 ,0000935,PHOT,1.5785,0,0,2.21
02305 ,0000936,PHOT,2.501,0,0,3.5
02305 ,0000938,PHOT,4.90975,0,0,6.87
02305 ,0000940,SCI ,2.14225,0,0,3
02305 ,0000941,PHOT,2.3985,0,0,3.36
02305 ,0000942,PHOT,3.78225,0,0,5.29
02305 ,0000950,PHOT,6.5102875,0,0,9.11
02305 ,0000952,STTV,7.2538225,0,0,10.15
02305 ,0000963,MIN ,2.28375,0,0,3.2
02305 ,0000964,PHOT,6.0885,0,0,8.52
02305 ,0000967,SCI ,37.97,0,0,53.16
02305 ,0000981,PHOT,3.567,0,0,4.99
02305 ,0000982,PHOT,3.567,0,0,4.99
02305 ,0000985,PHOT,3.567,0,0,4.99
02305 ,0000986,PHOT,3.321,0,0,4.65
02305 ,0001001,SCI ,46.89375,76.25,0,65.65
02305 ,0001003,MIN ,2.30625,0,0,3.23
02305 ,0001006,PHOT,27.64425,7,0,7
02305 ,0001021,MIN ,7.37296,0,0,10.32
02305 ,0001022,MIN ,2.42925,0,0,3.4
02305 ,0001024,MIN ,3.76175,0,0,5.27
02305 ,0001028,PHOT,16.00025,0,0,22.4
02305 ,0001036,SCI ,10.11,0,0,14.15
02305 ,0001043,MIN ,2.10125,6.75,6.75,6.75
02305 ,0001045,MIN ,3.4645,0,0,4.85
02305 ,0001046,MIN ,1.9475,1.99,0,1.99
02305 ,0001048,MIN ,2.3165,0,0,3.24
02305 ,0001051,MIN ,3.29025,0,0,4.61
02305 ,0001069,SCI ,10.23,0,0,14.32
02305 ,0001073,SCI ,6.98,0,0,9.77
02305 ,0001074,SCI ,13.05,0,0,18.27
02305 ,0001087,SCI ,14.44225,0,0,20.22
02305 ,0001089,PHOT,10.21925,0,0,14.31
02305 ,0001090,SCI ,0.97,0,0,1.36
02305 ,0001111,PHOT,18.583635,27.5,0,26.02
02305 ,0001112,PHOT,25.625,0,0,35.88
02305 ,0001125,PHOT,29.71475,0,0,41.6
02305 ,0001128,STTV,11.521,0,0,16.13
02305 ,0001129,STTV,13.31475,0,0,18.64
02305 ,0001130,STTV,14.72925,0,0,20.62
02305 ,0001133,STTV,12.6485,0,0,17.71
02305 ,0001134,STTV,14.33975,0,0,20.08
02305 ,0001137,STTV,14.72925,0,0,20.62
02305 ,0001138,STTV,12.6485,0,0,17.71
02305 ,0001141,PHOT,14.33975,0,0,20.08
